time,desired_q1,desired_q2,actual_q1,actual_q2,error_q1,error_q2,error_norm
74.453908,0.42144745,0.30516030,1.18670620,2.02411138,-0.76525875,-1.71895108,1.88159873
74.474388,0.42434574,0.29984586,1.16155106,1.91677982,-0.73720532,-1.61693396,1.77706137
74.494496,0.42709327,0.29449596,1.12594204,1.71695022,-0.69884877,-1.42245426,1.58485511
74.514685,0.42968905,0.28911247,1.08932015,1.50451639,-0.65963110,-1.21540392,1.38286654
74.534449,0.43213216,0.28369733,1.05112052,1.31048147,-0.61898836,-1.02678414,1.19892963
74.554026,0.43442174,0.27825245,1.00944583,1.14317690,-0.57502409,-0.86492445,1.03862747
74.574426,0.43655697,0.27277977,0.96368854,1.00156645,-0.52713157,-0.72878668,0.89944300
74.594401,0.43853709,0.26728123,0.91542317,0.87972890,-0.47688608,-0.61244767,0.77621678
74.614396,0.44036141,0.26175878,0.86613076,0.77348993,-0.42576935,-0.51173115,0.66569386
74.634375,0.44202926,0.25621439,0.81672485,0.68154434,-0.37469559,-0.42532995,0.56683538
74.653961,0.44354007,0.25065003,0.76838989,0.60061093,-0.32484982,-0.34996090,0.47749349
74.674407,0.44489329,0.24506768,0.72184400,0.53007918,-0.27695071,-0.28501150,0.39740816
74.694442,0.44608843,0.23946931,0.67763809,0.46924015,-0.23154966,-0.22977084,0.32620527
74.714766,0.44712509,0.23385692,0.63677852,0.41500885,-0.18965343,-0.18115193,0.26226789
74.734418,0.44800288,0.22823249,0.59986262,0.36523963,-0.15185974,-0.13700714,0.20452955
74.754012,0.44872151,0.22259804,0.56600769,0.32355878,-0.11728618,-0.10096074,0.15475503
74.774336,0.44928070,0.21695556,0.53523573,0.29055910,-0.08595503,-0.07360354,0.11316249
74.794362,0.44968026,0.21130705,0.50928523,0.25862936,-0.05960497,-0.04732231,0.07610620
74.814373,0.44992006,0.20565453,0.48663517,0.23235177,-0.03671511,-0.02669724,0.04539539
74.833974,0.45000000,0.20000000,0.46745050,0.20929629,-0.01745050,-0.00929629,0.01977223
74.853987,0.44992006,0.19434547,0.45193672,0.18759287,-0.00201666,0.00675260,0.00704730
74.873957,0.44968026,0.18869295,0.43939322,0.16889935,0.01028704,0.01979360,0.02230717
74.894067,0.44928070,0.18304444,0.42862013,0.15578224,0.02066057,0.02726220,0.03420653
74.914110,0.44872151,0.17740196,0.42085972,0.14303112,0.02786179,0.03437084,0.04424516
74.934043,0.44800288,0.17176751,0.41508882,0.13205140,0.03291406,0.03971611,0.05158202
74.954035,0.44712509,0.16614308,0.41100022,0.12284888,0.03612487,0.04329420,0.05638612
74.973990,0.44608843,0.16053069,0.40821018,0.11570323,0.03787825,0.04482746,0.05868784
74.994074,0.44489329,0.15493232,0.40687523,0.10865906,0.03801806,0.04627326,0.05988813
75.013948,0.44354007,0.14934997,0.40628270,0.10325828,0.03725737,0.04609169,0.05926681
75.034301,0.44202926,0.14378561,0.40657185,0.09842587,0.03545741,0.04535974,0.05757373
75.054412,0.44036141,0.13824122,0.40670931,0.09744807,0.03365210,0.04079315,0.05288237
75.074376,0.43853709,0.13271877,0.40784119,0.09423591,0.03069590,0.03848286,0.04922570
75.094466,0.43655697,0.12722023,0.40857540,0.09392008,0.02798157,0.03330015,0.04349561
75.114436,0.43442174,0.12174755,0.40996440,0.09147567,0.02445734,0.03027188,0.03891719
75.134435,0.43213216,0.11630267,0.41123010,0.08918499,0.02090206,0.02711768,0.03423835
75.154261,0.42968905,0.11088753,0.41272606,0.08516932,0.01696299,0.02571821,0.03080859
75.174354,0.42709327,0.10550404,0.41449838,0.07878442,0.01259489,0.02671962,0.02953928
75.194455,0.42434574,0.10015414,0.41500390,0.07535118,0.00934184,0.02480296,0.02650390
75.214441,0.42144745,0.09483970,0.41518384,0.07165309,0.00626361,0.02318661,0.02401773
75.234439,0.41839942,0.08956263,0.41481795,0.06772426,0.00358147,0.02183837,0.02213010
75.254297,0.41520273,0.08432480,0.41369257,0.06504909,0.00151016,0.01927571,0.01933478
75.274432,0.41185853,0.07912807,0.41199561,0.06321324,-0.00013708,0.01591483,0.01591542
75.294426,0.40836799,0.07397428,0.40959044,0.06246909,-0.00122245,0.01150519,0.01156995
75.314431,0.40473236,0.06886527,0.40667523,0.06170872,-0.00194287,0.00715655,0.00741558
75.334409,0.40095294,0.06380285,0.40436649,0.05650688,-0.00341355,0.00729597,0.00805503
75.354342,0.39703105,0.05878882,0.40128740,0.05282063,-0.00425635,0.00596819,0.00733047
75.374367,0.39296810,0.05382496,0.39869959,0.04555538,-0.00573149,0.00826958,0.01006161
75.394371,0.38876554,0.04891304,0.39509075,0.04066024,-0.00632521,0.00825280,0.01039793
75.413972,0.38442484,0.04405480,0.39129726,0.03513863,-0.00687242,0.00891617,0.01125737
75.434318,0.37994757,0.03925196,0.38750373,0.02805410,-0.00755616,0.01119786,0.01350880
75.454427,0.37533530,0.03450624,0.38292945,0.02272432,-0.00759415,0.01178192,0.01401730
75.474456,0.37058967,0.02981932,0.37743868,0.01967827,-0.00684901,0.01014105,0.01223723
75.494692,0.36571237,0.02519286,0.37148300,0.01748713,-0.00577063,0.00770573,0.00962697
75.514435,0.36070514,0.02062851,0.36551131,0.01425702,-0.00480617,0.00637149,0.00798093
75.534246,0.35556976,0.01612788,0.35947391,0.01027784,-0.00390415,0.00585004,0.00703316
75.554229,0.35030804,0.01169259,0.35296688,0.00721146,-0.00265884,0.00448113,0.00521056
75.574351,0.34492185,0.00732420,0.34685766,0.00239138,-0.00193581,0.00493282,0.00529907
75.594406,0.33941312,0.00302427,0.34018013,-0.00052114,-0.00076701,0.00354541,0.00362743
75.614384,0.33378380,-0.00120567,0.33384343,-0.00465470,-0.00005963,0.00344903,0.00344955
75.634383,0.32803588,-0.00536413,0.32764728,-0.00988337,0.00038860,0.00451924,0.00453592
75.654417,0.32217142,-0.00944963,0.32115211,-0.01419799,0.00101931,0.00474836,0.00485653
75.674484,0.31619249,-0.01346070,0.31455394,-0.01798243,0.00163855,0.00452173,0.00480946
75.693989,0.31010121,-0.01739594,0.30794087,-0.02176068,0.00216034,0.00436474,0.00487011
75.714390,0.30389976,-0.02125394,0.30078100,-0.02359940,0.00311876,0.00234546,0.00390228
75.734483,0.29759034,-0.02503332,0.29401798,-0.02647631,0.00357236,0.00144299,0.00385279
75.754486,0.29117518,-0.02873275,0.28791627,-0.03214724,0.00325891,0.00341449,0.00472009
75.774431,0.28465657,-0.03235092,0.28167871,-0.03733861,0.00297786,0.00498769,0.00580902
75.793999,0.27803683,-0.03588653,0.27517477,-0.04151433,0.00286206,0.00562780,0.00631376
75.813972,0.27131829,-0.03933833,0.26891297,-0.04642133,0.00240532,0.00708300,0.00748027
75.834221,0.26450336,-0.04270510,0.26222435,-0.04966036,0.00227901,0.00695526,0.00731912
75.854055,0.25759446,-0.04598563,0.25436025,-0.04811153,0.00323421,0.00212590,0.00387034
75.874234,0.25059403,-0.04917877,0.24690302,-0.04772701,0.00369101,-0.00145176,0.00396625
75.894103,0.24350456,-0.05228337,0.24005128,-0.04924466,0.00345328,-0.00303871,0.00459988
75.914070,0.23632858,-0.05529834,0.23361584,-0.05245203,0.00271274,-0.00284631,0.00393198
75.934066,0.22906864,-0.05822261,0.22675395,-0.05401658,0.00231469,-0.00420603,0.00480088
75.954065,0.22172730,-0.06105513,0.21988362,-0.05558235,0.00184368,-0.00547278,0.00577499
75.974134,0.21430719,-0.06379489,0.21350603,-0.05926794,0.00080116,-0.00452695,0.00459730
75.994064,0.20681094,-0.06644093,0.20676430,-0.06049757,0.00004664,-0.00594336,0.00594354
76.014054,0.19924120,-0.06899231,0.19970448,-0.06063500,-0.00046328,-0.00835731,0.00837014
76.034059,0.19160068,-0.07144812,0.19291866,-0.06279445,-0.00131798,-0.00865367,0.00875346
76.054482,0.18389208,-0.07380748,0.18544730,-0.06258028,-0.00155522,-0.01122720,0.01133440
76.074152,0.17611815,-0.07606955,0.17774862,-0.06198203,-0.00163047,-0.01408752,0.01418156
76.094088,0.16828164,-0.07823355,0.17015825,-0.06223263,-0.00187661,-0.01600092,0.01611059
76.114119,0.16038535,-0.08029868,0.16315167,-0.06494016,-0.00276632,-0.01535852,0.01560566
76.134072,0.15243206,-0.08226423,0.15543121,-0.06453562,-0.00299915,-0.01772861,0.01798051
76.154084,0.14442462,-0.08412949,0.14805354,-0.06518340,-0.00362892,-0.01894609,0.01929050
76.174116,0.13636587,-0.08589380,0.14017219,-0.06383190,-0.00380632,-0.02206190,0.02238784
76.194075,0.12825867,-0.08755654,0.13337368,-0.06682253,-0.00511501,-0.02073401,0.02135562
76.214067,0.12010590,-0.08911710,0.12604642,-0.06757092,-0.00594052,-0.02154618,0.02235012
76.234170,0.11191045,-0.09057495,0.11859819,-0.06842661,-0.00668774,-0.02214834,0.02313601
76.254146,0.10367524,-0.09192955,0.11083511,-0.06897736,-0.00715987,-0.02295219,0.02404302
76.274084,0.09540320,-0.09318044,0.10307389,-0.06986027,-0.00767069,-0.02332017,0.02454934
76.294081,0.08709726,-0.09432716,0.09563374,-0.07264232,-0.00853648,-0.02168484,0.02330459
76.314079,0.07876038,-0.09536930,0.08768314,-0.07373328,-0.00892276,-0.02163602,0.02340369
76.334076,0.07039551,-0.09630650,0.07995938,-0.07614996,-0.00956387,-0.02015654,0.02231039
76.354075,0.06200563,-0.09713843,0.07187070,-0.07748257,-0.00986507,-0.01965586,0.02199255
76.374095,0.05359372,-0.09786478,0.06348066,-0.07765966,-0.00988694,-0.02020512,0.02249441
76.394079,0.04516277,-0.09848531,0.05485006,-0.07705225,-0.00968729,-0.02143306,0.02352062
76.414046,0.03671578,-0.09899978,0.04631030,-0.07691978,-0.00959452,-0.02208000,0.02407449
76.434242,0.02825573,-0.09940802,0.03797598,-0.07778188,-0.00972025,-0.02162614,0.02371019
76.454096,0.01978565,-0.09970988,0.02949060,-0.07784341,-0.00970495,-0.02186647,0.02392339
76.474727,0.01130854,-0.09990526,0.02116609,-0.07864948,-0.00985755,-0.02125578,0.02343031
76.494095,0.00282741,-0.09999408,0.01226049,-0.07740331,-0.00943308,-0.02259077,0.02448114
76.513924,-0.00565472,-0.09997631,0.00362045,-0.07768142,-0.00927517,-0.02229489,0.02414728
76.534406,-0.01413484,-0.09985197,-0.00446117,-0.08038749,-0.00967367,-0.01946448,0.02173582
76.554374,-0.02260994,-0.09962109,-0.01345231,-0.07934548,-0.00915763,-0.02027561,0.02224775
76.574362,-0.03107701,-0.09928375,-0.02214165,-0.08014695,-0.00893536,-0.01913680,0.02112008
76.594046,-0.03953304,-0.09884008,-0.03096454,-0.08119642,-0.00856850,-0.01764366,0.01961423
76.614220,-0.04797502,-0.09829024,-0.03981296,-0.08236520,-0.00816206,-0.01592504,0.01789486
76.634171,-0.05639996,-0.09763441,-0.04843190,-0.08485766,-0.00796806,-0.01277675,0.01505773
76.654121,-0.06480485,-0.09687284,-0.05756158,-0.08577668,-0.00724327,-0.01109616,0.01325103
76.674071,-0.07318672,-0.09600578,-0.06648283,-0.08700059,-0.00670389,-0.00900519,0.01122656
76.694166,-0.08154259,-0.09503356,-0.07579763,-0.08626605,-0.00574496,-0.00876751,0.01048207
76.714080,-0.08986949,-0.09395652,-0.08472907,-0.08704095,-0.00514042,-0.00691557,0.00861678
76.734091,-0.09816446,-0.09277503,-0.09348352,-0.08839117,-0.00468094,-0.00438386,0.00641323
76.754055,-0.10642455,-0.09148952,-0.10292100,-0.08714466,-0.00350355,-0.00434486,0.00558145
76.774064,-0.11464683,-0.09010045,-0.11193394,-0.08746694,-0.00271289,-0.00263351,0.00378090
76.794063,-0.12282837,-0.08860830,-0.12120339,-0.08670945,-0.00162498,-0.00189885,0.00249924
76.814056,-0.13096628,-0.08701362,-0.12992377,-0.08707787,-0.00104251,0.00006425,0.00104448
76.834098,-0.13905765,-0.08531695,-0.13888478,-0.08602015,-0.00017287,0.00070320,0.00072413
76.854070,-0.14709961,-0.08351892,-0.14838782,-0.08261782,0.00128821,-0.00090110,0.00157209
76.874093,-0.15508932,-0.08162016,-0.15732932,-0.08209471,0.00224000,0.00047455,0.00228972
76.894081,-0.16302392,-0.07962133,-0.16570070,-0.08361683,0.00267678,0.00399550,0.00480928
76.914114,-0.17090059,-0.07752316,-0.17395992,-0.08529032,0.00305933,0.00776716,0.00834795
76.934241,-0.17871655,-0.07532639,-0.18305828,-0.08374063,0.00434173,0.00841424,0.00946837
76.954125,-0.18646901,-0.07303179,-0.19155163,-0.08412100,0.00508262,0.01108921,0.01219851
76.974220,-0.19415522,-0.07064019,-0.20070018,-0.08123547,0.00654496,0.01059528,0.01245378
76.994371,-0.20177245,-0.06815243,-0.20900104,-0.08009870,0.00722859,0.01194627,0.01396302
77.014658,-0.20931799,-0.06556939,-0.21758034,-0.07728806,0.00826235,0.01171867,0.01433853
77.034388,-0.21678915,-0.06289200,-0.22627296,-0.07314095,0.00948381,0.01024895,0.01396366
77.054481,-0.22418330,-0.06012121,-0.23328900,-0.07490845,0.00910570,0.01478724,0.01736595
77.074700,-0.23149779,-0.05725800,-0.24084044,-0.07430244,0.00934265,0.01704444,0.01943703
77.094388,-0.23873003,-0.05430338,-0.24767446,-0.07543616,0.00894443,0.02113278,0.02294770
77.114443,-0.24587746,-0.05125841,-0.25578171,-0.07137192,0.00990425,0.02011351,0.02241980
77.134392,-0.25293752,-0.04812417,-0.26306322,-0.06945321,0.01012570,0.02132904,0.02361054
77.154331,-0.25990772,-0.04490178,-0.26992999,-0.06841295,0.01002227,0.02351117,0.02555818
77.174341,-0.26678557,-0.04159237,-0.27695988,-0.06588668,0.01017431,0.02429431,0.02633875
77.194324,-0.27356863,-0.03819712,-0.28416467,-0.06202492,0.01059604,0.02382780,0.02607758
77.214406,-0.28025450,-0.03471724,-0.29051855,-0.06106185,0.01026405,0.02634461,0.02827347
77.234216,-0.28684080,-0.03115397,-0.29774871,-0.05595807,0.01090791,0.02480410,0.02709660
77.254438,-0.29332518,-0.02750857,-0.30373297,-0.05448611,0.01040779,0.02697754,0.02891556
77.274243,-0.29970534,-0.02378234,-0.31083551,-0.04805742,0.01113017,0.02427508,0.02670506
77.293970,-0.30597902,-0.01997660,-0.31691928,-0.04365923,0.01094026,0.02368263,0.02608747
77.314425,-0.31214399,-0.01609271,-0.32319662,-0.03782307,0.01105263,0.02173036,0.02437969
77.334287,-0.31819805,-0.01213203,-0.32862658,-0.03452613,0.01042853,0.02239410,0.02470324
77.354332,-0.32413906,-0.00809599,-0.33324388,-0.03423019,0.00910482,0.02613420,0.02767480
77.374391,-0.32996491,-0.00398601,-0.33802747,-0.03279238,0.00806256,0.02880637,0.02991340
77.394433,-0.33567352,0.00019644,-0.34290969,-0.03022145,0.00723617,0.03041789,0.03126676
77.414443,-0.34126286,0.00444988,-0.34805238,-0.02568948,0.00678952,0.03013936,0.03089464
77.434417,-0.34673096,0.00877280,-0.35364041,-0.01883213,0.00690945,0.02760493,0.02845650
77.454091,-0.35207586,0.01316367,-0.35852974,-0.01426919,0.00645388,0.02743286,0.02818181
77.474412,-0.35729568,0.01762091,-0.36309444,-0.00996891,0.00579876,0.02758982,0.02819262
77.494310,-0.36238855,0.02214295,-0.36856266,-0.00149967,0.00617411,0.02364262,0.02443549
77.514110,-0.36735266,0.02672819,-0.37288879,0.00385223,0.00553613,0.02287596,0.02353631
77.534342,-0.37218626,0.03137499,-0.37729789,0.01005651,0.00511163,0.02131848,0.02192274
77.554036,-0.37688762,0.03608170,-0.38110346,0.01454123,0.00421584,0.02154047,0.02194914
77.574359,-0.38145507,0.04084664,-0.38483856,0.01943179,0.00338349,0.02141485,0.02168049
77.594450,-0.38588700,0.04566814,-0.38866432,0.02478736,0.00277732,0.02088078,0.02106467
77.614729,-0.39018182,0.05054447,-0.39232557,0.03017249,0.00214375,0.02037198,0.02048446
77.634483,-0.39433801,0.05547390,-0.39579873,0.03570207,0.00146072,0.01977183,0.01982571
77.654106,-0.39835409,0.06045468,-0.39866172,0.03997375,0.00030763,0.02048093,0.02048324
77.674362,-0.40222864,0.06548504,-0.40180195,0.04536046,-0.00042669,0.02012458,0.02012910
77.694352,-0.40596028,0.07056319,-0.40536705,0.05255718,-0.00059323,0.01800601,0.01801578
77.714382,-0.40954769,0.07568733,-0.40832940,0.05815867,-0.00121829,0.01752866,0.01757095
77.734388,-0.41298958,0.08085563,-0.41193339,0.06688286,-0.00105619,0.01397277,0.01401263
77.754034,-0.41628474,0.08606627,-0.41526270,0.07533780,-0.00102204,0.01072847,0.01077704
77.774409,-0.41943200,0.09131739,-0.41765135,0.08087175,-0.00178065,0.01044564,0.01059633
77.794542,-0.42243024,0.09660712,-0.41940958,0.08438959,-0.00302066,0.01221753,0.01258541
77.814502,-0.42527838,0.10193359,-0.42227436,0.09267765,-0.00300402,0.00925594,0.00973122
77.834363,-0.42797543,0.10729490,-0.42485607,0.10045734,-0.00311936,0.00683756,0.00751549
77.854074,-0.43052042,0.11268915,-0.42712142,0.10737154,-0.00339900,0.00531761,0.00631111
77.874388,-0.43291245,0.11811442,-0.42916774,0.11407860,-0.00374471,0.00403582,0.00550552
77.894453,-0.43515067,0.12356878,-0.43086372,0.11923904,-0.00428695,0.00432974,0.00609300
77.914451,-0.43723428,0.12905030,-0.43278813,0.12549818,-0.00444615,0.00355212,0.00569086
77.934455,-0.43916254,0.13455703,-0.43426043,0.13042886,-0.00490211,0.00412817,0.00640878
77.954094,-0.44093477,0.14008701,-0.43630151,0.13751973,-0.00463326,0.00256728,0.00529698
77.974400,-0.44255034,0.14563827,-0.43876117,0.14668964,-0.00378917,-0.00105137,0.00393233
77.994562,-0.44400867,0.15120885,-0.44085344,0.15481180,-0.00315523,-0.00360295,0.00478923
78.014643,-0.44530925,0.15679677,-0.44268612,0.16247508,-0.00262313,-0.00567831,0.00625491
78.034410,-0.44645162,0.16240003,-0.44432421,0.16963472,-0.00212741,-0.00723469,0.00754099
78.054225,-0.44743536,0.16801665,-0.44521302,0.17426847,-0.00222234,-0.00625182,0.00663507
78.074366,-0.44826012,0.17364464,-0.44557294,0.17728556,-0.00268718,-0.00364092,0.00452518
78.094436,-0.44892563,0.17928199,-0.44691006,0.18451929,-0.00201557,-0.00523730,0.00561176
78.114338,-0.44943163,0.18492670,-0.44874073,0.19356587,-0.00069090,-0.00863917,0.00866676
78.134374,-0.44977795,0.19057677,-0.45040562,0.20225922,0.00062767,-0.01168245,0.01169929
78.154133,-0.44996447,0.19623019,-0.45201480,0.21170399,0.00205033,-0.01547380,0.01560905
78.174491,-0.44999112,0.20188494,-0.45210983,0.21627943,0.00211871,-0.01439449,0.01454958
78.194458,-0.44985789,0.20753903,-0.45252997,0.22282118,0.00267208,-0.01528215,0.01551400
78.214425,-0.44956482,0.21319044,-0.45311225,0.23036917,0.00354743,-0.01717873,0.01754118
78.234418,-0.44911203,0.21883716,-0.45296651,0.23563082,0.00385448,-0.01679366,0.01723033
78.254088,-0.44849967,0.22447718,-0.45334977,0.24254251,0.00485010,-0.01806533,0.01870507
78.274408,-0.44772796,0.23010851,-0.45343043,0.24899342,0.00570247,-0.01888491,0.01972709
78.294458,-0.44679717,0.23572915,-0.45299811,0.25425620,0.00620094,-0.01852705,0.01953723
78.314425,-0.44570764,0.24133709,-0.45212094,0.25777649,0.00641330,-0.01643940,0.01764608
78.334472,-0.44445975,0.24693034,-0.45125598,0.26187131,0.00679623,-0.01494097,0.01641406
78.354087,-0.44305395,0.25250692,-0.45082218,0.26822297,0.00776823,-0.01571605,0.01753110
78.374518,-0.44149073,0.25806484,-0.45034731,0.27532924,0.00885658,-0.01726440,0.01940357
78.394445,-0.43977066,0.26360213,-0.44890944,0.27961739,0.00913878,-0.01601526,0.01843925
78.414758,-0.43789433,0.26911683,-0.44704863,0.28280699,0.00915430,-0.01369016,0.01646881
78.434307,-0.43586242,0.27460697,-0.44554259,0.28803115,0.00968017,-0.01342418,0.01655035
78.454103,-0.43367566,0.28007060,-0.44492363,0.29734024,0.01124797,-0.01726964,0.02060964
78.474515,-0.43133481,0.28550578,-0.44239473,0.29966765,0.01105992,-0.01416187,0.01796887
78.494425,-0.42884070,0.29091058,-0.43973113,0.30194559,0.01089043,-0.01103501,0.01550397
78.514038,-0.42619424,0.29628308,-0.43780400,0.30812678,0.01160976,-0.01184370,0.01658493
78.534429,-0.42339635,0.30162138,-0.43452557,0.30975458,0.01112922,-0.00813320,0.01378436
78.554098,-0.42044802,0.30692356,-0.43202778,0.31501913,0.01157976,-0.00809557,0.01412902
78.574512,-0.41735032,0.31218776,-0.42954256,0.32083494,0.01219224,-0.00864718,0.01494739
78.594513,-0.41410433,0.31741210,-0.42686258,0.32676729,0.01275825,-0.00935519,0.01582064
78.614421,-0.41071121,0.32259472,-0.42362243,0.33153001,0.01291122,-0.00893529,0.01570156
78.634323,-0.40717217,0.32773379,-0.41980367,0.33463859,0.01263150,-0.00690480,0.01439552
78.654082,-0.40348847,0.33282747,-0.41662379,0.34069257,0.01313532,-0.00786510,0.01531001
78.674217,-0.39966140,0.33787396,-0.41279189,0.34476817,0.01313049,-0.00689421,0.01483037
78.694488,-0.39569234,0.34287146,-0.40857849,0.34838102,0.01288615,-0.00550956,0.01401457
78.714609,-0.39158269,0.34781820,-0.40431834,0.35226054,0.01273565,-0.00444234,0.01348818
78.734386,-0.38733391,0.35271242,-0.39969648,0.35573608,0.01236257,-0.00302366,0.01272697
78.754261,-0.38294752,0.35755239,-0.39507643,0.36007553,0.01212891,-0.00252314,0.01238857
78.774644,-0.37842506,0.36233638,-0.38992271,0.36323335,0.01149765,-0.00089697,0.01153258
78.794400,-0.37376815,0.36706268,-0.38416472,0.36456613,0.01039657,0.00249655,0.01069212
78.814278,-0.36897845,0.37172964,-0.37907544,0.36940857,0.01009699,0.00232107,0.01036033
78.834255,-0.36405765,0.37633558,-0.37398992,0.37534097,0.00993227,0.00099461,0.00998195
78.854130,-0.35900750,0.38087886,-0.36820212,0.37932084,0.00919462,0.00155802,0.00932569
78.874420,-0.35382979,0.38535788,-0.36212363,0.38281323,0.00829384,0.00254465,0.00867543
78.894284,-0.34852638,0.38977105,-0.35499646,0.38252900,0.00647008,0.00724205,0.00971129
78.914450,-0.34309913,0.39411679,-0.34893990,0.38628239,0.00584077,0.00783440,0.00977202
78.934446,-0.33754998,0.39839356,-0.34265083,0.38946058,0.00510085,0.00893298,0.01028673
78.954189,-0.33188090,0.40259984,-0.33597410,0.39191416,0.00409320,0.01068568,0.01144282
78.974442,-0.32609391,0.40673414,-0.32989745,0.39660209,0.00380354,0.01013205,0.01082245
78.994042,-0.32019105,0.41079499,-0.32296287,0.39876697,0.00277182,0.01202802,0.01234326
79.014393,-0.31417444,0.41478094,-0.31593651,0.40042457,0.00176207,0.01435637,0.01446411
79.034405,-0.30804620,0.41869059,-0.31003861,0.40664012,0.00199241,0.01205047,0.01221407
79.054042,-0.30180851,0.42252253,-0.30306108,0.40868435,0.00125257,0.01383818,0.01389475
79.074364,-0.29546359,0.42627541,-0.29627864,0.41189323,0.00081505,0.01438218,0.01440525
79.094001,-0.28901369,0.42994790,-0.28949537,0.41603052,0.00048168,0.01391738,0.01392571
79.114475,-0.28246111,0.43353869,-0.28221242,0.41830873,-0.00024869,0.01522996,0.01523199
79.134471,-0.27580817,0.43704650,-0.27566800,0.42365601,-0.00014017,0.01339049,0.01339122
79.154112,-0.26905724,0.44047010,-0.26809036,0.42523940,-0.00096688,0.01523070,0.01526135
79.174447,-0.26221072,0.44380825,-0.26066588,0.42670737,-0.00154484,0.01710088,0.01717052
79.194419,-0.25527103,0.44705978,-0.25380967,0.43038652,-0.00146136,0.01667326,0.01673718
79.214316,-0.24824064,0.45022353,-0.24681484,0.43351981,-0.00142580,0.01670372,0.01676446
79.234390,-0.24112206,0.45329838,-0.23981241,0.43726281,-0.00130965,0.01603557,0.01608896
79.254247,-0.23391780,0.45628323,-0.23231270,0.43943067,-0.00160510,0.01685256,0.01692883
79.274359,-0.22663044,0.45917703,-0.22476758,0.44186980,-0.00186286,0.01730723,0.01740719
79.293928,-0.21926256,0.46197874,-0.21715834,0.44373679,-0.00210422,0.01824195,0.01836292
79.314104,-0.21181677,0.46468737,-0.20945515,0.44547126,-0.00236162,0.01921611,0.01936068
79.334112,-0.20429572,0.46730196,-0.20199066,0.44857172,-0.00230506,0.01873024,0.01887154
79.354092,-0.19670209,0.46982158,-0.19475941,0.45248000,-0.00194268,0.01734158,0.01745005
79.374407,-0.18903858,0.47224533,-0.18661360,0.45313385,-0.00242498,0.01911148,0.01926471
79.393970,-0.18130790,0.47457235,-0.17898527,0.45581766,-0.00232263,0.01875469,0.01889796
79.414157,-0.17351280,0.47680182,-0.17093182,0.45726140,-0.00258098,0.01954042,0.01971014
79.434068,-0.16565605,0.47893295,-0.16337556,0.46082255,-0.00228049,0.01811040,0.01825341
79.453984,-0.15774044,0.48096497,-0.15539014,0.46310941,-0.00235030,0.01785556,0.01800958
79.474042,-0.14976880,0.48289716,-0.14709626,0.46467255,-0.00267254,0.01822461,0.01841952
79.494332,-0.14174393,0.48472884,-0.13863905,0.46545417,-0.00310488,0.01927467,0.01952314
79.514482,-0.13366871,0.48645936,-0.13091977,0.46891789,-0.00274894,0.01754147,0.01775556
79.534198,-0.12554600,0.48808811,-0.12341467,0.47298514,-0.00213133,0.01510297,0.01525262
79.553925,-0.11737868,0.48961449,-0.11555719,0.47557681,-0.00182149,0.01403768,0.01415537
79.574267,-0.10916965,0.49103798,-0.10809492,0.47972895,-0.00107473,0.01130903,0.01135998
79.594356,-0.10092184,0.49235806,-0.09962682,0.47930221,-0.00129502,0.01305585,0.01311992
79.614422,-0.09263817,0.49357427,-0.09183695,0.48142917,-0.00080122,0.01214510,0.01217150
79.634077,-0.08432159,0.49468618,-0.08363221,0.48223841,-0.00068938,0.01244777,0.01246684
79.654361,-0.07597505,0.49569338,-0.07510532,0.48124084,-0.00086973,0.01445254,0.01447869
79.674046,-0.06760152,0.49659552,-0.06724010,0.48267814,-0.00036142,0.01391738,0.01392207
79.694053,-0.05920396,0.49739229,-0.05931861,0.48426365,0.00011465,0.01312864,0.01312914
79.714468,-0.05078537,0.49808339,-0.05192283,0.48707041,0.00113746,0.01101298,0.01107157
79.734079,-0.04234874,0.49866859,-0.04438795,0.49008055,0.00203921,0.00858804,0.00882682
79.754079,-0.03389706,0.49914767,-0.03668194,0.49200222,0.00278488,0.00714545,0.00766896
79.773918,-0.02543334,0.49952047,-0.02891514,0.49389788,0.00348180,0.00562259,0.00661335
79.794297,-0.01696058,0.49978684,-0.02073864,0.49380072,0.00377806,0.00598612,0.00707865
79.814332,-0.00848180,0.49994671,-0.01321676,0.49609968,0.00473496,0.00384703,0.00610078
79.834087,0.00000000,0.50000000,-0.00599737,0.49984491,0.00599737,0.00015509,0.00599937
79.854119,0.00848180,0.49994671,0.00226334,0.49929102,0.00621846,0.00065569,0.00625293
79.874185,0.01696058,0.49978684,0.01044855,0.49908869,0.00651203,0.00069815,0.00654935
79.894162,0.02543334,0.49952047,0.01832931,0.50039228,0.00710403,-0.00087181,0.00715732
79.914367,0.03389706,0.49914767,0.02592924,0.50317616,0.00796782,-0.00402849,0.00892832
79.934292,0.04234874,0.49866859,0.03396081,0.50427929,0.00838793,-0.00561070,0.01009145
79.954069,0.05078537,0.49808339,0.04186826,0.50605657,0.00891711,-0.00797318,0.01196187
79.974113,0.05920396,0.49739229,0.05050092,0.50505223,0.00870304,-0.00765994,0.01159386
79.994106,0.06760152,0.49659552,0.05846316,0.50691719,0.00913836,-0.01032167,0.01378573
80.014255,0.07597505,0.49569338,0.06731595,0.50583245,0.00865910,-0.01013907,0.01333345
80.034141,0.08432159,0.49468618,0.07669764,0.50264771,0.00762395,-0.00796153,0.01102318
80.054074,0.09263817,0.49357427,0.08475841,0.50413258,0.00787976,-0.01055831,0.01317454
80.074129,0.10092184,0.49235806,0.09370641,0.50280860,0.00721543,-0.01045054,0.01269945
80.094224,0.10916965,0.49103798,0.10303602,0.49849892,0.00613363,-0.00746094,0.00965852
80.114131,0.11737868,0.48961449,0.11157108,0.49721969,0.00580760,-0.00760520,0.00956908
80.134068,0.12554600,0.48808811,0.11944800,0.49878097,0.00609800,-0.01069286,0.01230946
80.154060,0.13366871,0.48645936,0.12802222,0.49759066,0.00564649,-0.01113130,0.01248153
80.174112,0.14174393,0.48472884,0.13696445,0.49456490,0.00477948,-0.00983606,0.01093579
80.194045,0.14976880,0.48289716,0.14537826,0.49382815,0.00439054,-0.01093099,0.01177979
80.214052,0.15774044,0.48096497,0.15343066,0.49506243,0.00430978,-0.01409746,0.01474153
80.234064,0.16565605,0.47893295,0.16206945,0.49387797,0.00358660,-0.01494502,0.01536937
80.254147,0.17351280,0.47680182,0.17052397,0.49296950,0.00298883,-0.01616768,0.01644163
80.273963,0.18130790,0.47457235,0.17945920,0.49016664,0.00184870,-0.01559429,0.01570349
80.293951,0.18903858,0.47224533,0.18813656,0.48781499,0.00090202,-0.01556966,0.01559577
80.314432,0.19670209,0.46982158,0.19596219,0.48770464,0.00073990,-0.01788306,0.01789836
80.334374,0.20429572,0.46730196,0.20441349,0.48485218,-0.00011777,-0.01755022,0.01755061
80.354336,0.21181677,0.46468737,0.21204867,0.48494795,-0.00023190,-0.02026058,0.02026190
80.373936,0.21926256,0.46197874,0.21998184,0.48381095,-0.00071928,-0.02183221,0.02184406
80.393891,0.22663044,0.45917703,0.22843076,0.48017084,-0.00180032,-0.02099381,0.02107087
80.414285,0.23391780,0.45628323,0.23651377,0.47697530,-0.00259597,-0.02069207,0.02085428
80.434420,0.24112206,0.45329838,0.24461625,0.47242325,-0.00349419,-0.01912487,0.01944145
80.454459,0.24824064,0.45022353,0.25207664,0.47002604,-0.00383600,-0.01980251,0.02017063
80.474369,0.25527103,0.44705978,0.25973733,0.46630564,-0.00446630,-0.01924586,0.01975730
80.494400,0.26221072,0.44380825,0.26678172,0.46453868,-0.00457100,-0.02073043,0.02122840
80.514384,0.26905724,0.44047010,0.27484844,0.45829508,-0.00579120,-0.01782498,0.01874214
80.534362,0.27580817,0.43704650,0.28208730,0.45467028,-0.00627913,-0.01762378,0.01870895
80.554322,0.28246111,0.43353869,0.28865886,0.45323754,-0.00619775,-0.01969885,0.02065083
80.574355,0.28901369,0.42994790,0.29584290,0.44945072,-0.00682921,-0.01950282,0.02066394
80.594397,0.29546359,0.42627541,0.30244226,0.44763992,-0.00697867,-0.02136451,0.02247541
80.614418,0.30180851,0.42252253,0.30919042,0.44461237,-0.00738191,-0.02208984,0.02329064
80.634437,0.30804620,0.41869059,0.31601854,0.44067636,-0.00797234,-0.02198577,0.02338658
80.654392,0.31417444,0.41478094,0.32329127,0.43396185,-0.00911683,-0.01918091,0.02123732
80.674438,0.32019105,0.41079499,0.32985400,0.42900643,-0.00966295,-0.01821144,0.02061623
80.694327,0.32609391,0.40673414,0.33605800,0.42439260,-0.00996409,-0.01765846,0.02027571
80.714385,0.33188090,0.40259984,0.34275981,0.41654023,-0.01087891,-0.01394039,0.01768291
80.734404,0.33754998,0.39839356,0.34903454,0.40994910,-0.01148456,-0.01155554,0.01629189
80.754347,0.34309913,0.39411679,0.35467157,0.40463140,-0.01157244,-0.01051461,0.01563581
80.774367,0.34852638,0.38977105,0.35985842,0.40083033,-0.01133204,-0.01105928,0.01583423
80.794361,0.35382979,0.38535788,0.36530470,0.39517980,-0.01147491,-0.00982192,0.01510443
80.814358,0.35900750,0.38087886,0.37171602,0.38453753,-0.01270852,-0.00365867,0.01322469
80.833898,0.36405765,0.37633558,0.37610887,0.38083155,-0.01205122,-0.00449597,0.01286256
80.854353,0.36897845,0.37172964,0.38136373,0.37317460,-0.01238528,-0.00144496,0.01246929
80.874539,0.37376815,0.36706268,0.38534983,0.36929558,-0.01158168,-0.00223290,0.01179496
80.894396,0.37842506,0.36233638,0.38944020,0.36444557,-0.01101514,-0.00210919,0.01121525
80.914388,0.38294752,0.35755239,0.39315988,0.36025129,-0.01021236,-0.00269890,0.01056297
80.934333,0.38733391,0.35271242,0.39708709,0.35473921,-0.00975318,-0.00202679,0.00996155
80.954369,0.39158269,0.34781820,0.40123493,0.34799218,-0.00965224,-0.00017398,0.00965381
80.974455,0.39569234,0.34287146,0.40414782,0.34508583,-0.00845548,-0.00221437,0.00874063
80.994345,0.39966140,0.33787396,0.40780247,0.33830685,-0.00814107,-0.00043289,0.00815257
81.014388,0.40348847,0.33282747,0.41127723,0.33153175,-0.00778876,0.00129572,0.00789580
81.034347,0.40717217,0.32773379,0.41495447,0.32331703,-0.00778230,0.00441676,0.00894830
81.054385,0.41071121,0.32259472,0.41780024,0.31700480,-0.00708903,0.00558992,0.00902783
81.074423,0.41410433,0.31741210,0.42093218,0.30826385,-0.00682785,0.00914825,0.01141534
81.094380,0.41735032,0.31218776,0.42331962,0.30191340,-0.00596930,0.01027436,0.01188255
81.114397,0.42044802,0.30692356,0.42541238,0.29605900,-0.00496436,0.01086456,0.01194502
81.134233,0.42339635,0.30162138,0.42825581,0.28678074,-0.00485946,0.01484064,0.01561598
81.154327,0.42619424,0.29628308,0.42985406,0.28167125,-0.00365982,0.01461183,0.01506319
81.174439,0.42884070,0.29091058,0.43122849,0.27695648,-0.00238779,0.01395410,0.01415692
81.194361,0.43133481,0.28550578,0.43260307,0.27228898,-0.00126826,0.01321680,0.01327751
81.214343,0.43367566,0.28007060,0.43394280,0.26698109,-0.00026714,0.01308951,0.01309223
81.234169,0.43586242,0.27460697,0.43521183,0.26174952,0.00065059,0.01285745,0.01287390
81.254531,0.43789433,0.26911683,0.43643426,0.25649137,0.00146007,0.01262546,0.01270961
81.274483,0.43977066,0.26360213,0.43759025,0.25145131,0.00218041,0.01215082,0.01234490
81.294414,0.44149073,0.25806484,0.43872846,0.24625867,0.00276227,0.01180617,0.01212501
81.314415,0.44305395,0.25250692,0.44032622,0.23882934,0.00272773,0.01367758,0.01394693
81.334425,0.44445975,0.24693034,0.44168106,0.23201040,0.00277869,0.01491994,0.01517649
81.354405,0.44570764,0.24133709,0.44295403,0.22469649,0.00275361,0.01664060,0.01686689
81.374374,0.44679717,0.23572915,0.44342359,0.22035600,0.00337358,0.01537315,0.01573896
81.394382,0.44772796,0.23010851,0.44392648,0.21529471,0.00380148,0.01481380,0.01529379
81.414378,0.44849967,0.22447718,0.44390206,0.21175876,0.00459761,0.01271842,0.01352391
81.434403,0.44911203,0.21883716,0.44482339,0.20458570,0.00428864,0.01425146,0.01488276
81.454499,0.44956482,0.21319044,0.44514585,0.19952675,0.00441897,0.01366369,0.01436050
81.474432,0.44985789,0.20753903,0.44573404,0.19306668,0.00412385,0.01447235,0.01504843
81.494409,0.44999112,0.20188494,0.44571875,0.18860421,0.00427237,0.01328073,0.01395102
81.514304,0.44996447,0.19623019,0.44574301,0.18405977,0.00422146,0.01217042,0.01288177
81.533949,0.44977795,0.19057677,0.44519711,0.18117609,0.00458084,0.00940068,0.01045738
81.554406,0.44943163,0.18492670,0.44522439,0.17638663,0.00420724,0.00854007,0.00952017
81.574251,0.44892563,0.17928199,0.44551760,0.17041922,0.00340803,0.00886277,0.00949544
81.594411,0.44826012,0.17364464,0.44556383,0.16531095,0.00269629,0.00833369,0.00875901
81.614391,0.44743536,0.16801665,0.44561176,0.15971591,0.00182360,0.00830074,0.00849870
81.634518,0.44645162,0.16240003,0.44551969,0.15446463,0.00093193,0.00793540,0.00798994
81.654448,0.44530925,0.15679677,0.44435621,0.15307282,0.00095304,0.00372395,0.00384397
81.674432,0.44400867,0.15120885,0.44396839,0.14786370,0.00004028,0.00334515,0.00334539
81.694344,0.44255034,0.14563827,0.44328991,0.14348218,-0.00073957,0.00215609,0.00227940
81.714314,0.44093477,0.14008701,0.44226134,0.14008627,-0.00132657,0.00000074,0.00132657
81.734254,0.43916254,0.13455703,0.44116297,0.13610097,-0.00200043,-0.00154394,0.00252695
81.754372,0.43723428,0.12905030,0.43992272,0.13215958,-0.00268844,-0.00310928,0.00411039
81.774344,0.43515067,0.12356878,0.43865781,0.12701938,-0.00350714,-0.00345060,0.00492003
81.794403,0.43291245,0.11811442,0.43760792,0.12028297,-0.00469547,-0.00216855,0.00517205
81.814387,0.43052042,0.11268915,0.43641642,0.11321949,-0.00589600,-0.00053034,0.00591981
81.834773,0.42797543,0.10729490,0.43381315,0.11149188,-0.00583772,-0.00419698,0.00718983
81.854571,0.42527838,0.10193359,0.43178710,0.10702939,-0.00650872,-0.00509580,0.00826624
81.874502,0.42243024,0.09660712,0.42946495,0.10326714,-0.00703471,-0.00666002,0.00968726
81.894293,0.41943200,0.09131739,0.42679569,0.10038942,-0.00736369,-0.00907203,0.01168442
81.914399,0.41628474,0.08606627,0.42412443,0.09691861,-0.00783969,-0.01085234,0.01338783
81.934349,0.41298958,0.08085563,0.42196443,0.09124176,-0.00897485,-0.01038613,0.01372660
81.954379,0.40954769,0.07568733,0.41895145,0.08761871,-0.00940376,-0.01193138,0.01519173
81.974395,0.40596028,0.07056319,0.41641353,0.08129612,-0.01045325,-0.01073293,0.01498220
81.994452,0.40222864,0.06548504,0.41300926,0.07770426,-0.01078062,-0.01221922,0.01629512
82.014388,0.39835409,0.06045468,0.40947825,0.07430024,-0.01112416,-0.01384556,0.01776081
82.034440,0.39433801,0.05547390,0.40632539,0.06896618,-0.01198738,-0.01349228,0.01804824
82.054395,0.39018182,0.05054447,0.40218625,0.06657095,-0.01200443,-0.01602648,0.02002385
82.074464,0.38588700,0.04566814,0.39846793,0.06233535,-0.01258093,-0.01666721,0.02088243
82.094600,0.38145507,0.04084664,0.39432113,0.05887863,-0.01286606,-0.01803199,0.02215148
82.114521,0.37688762,0.03608170,0.38948884,0.05747382,-0.01260122,-0.02139212,0.02482768
82.134424,0.37218626,0.03137499,0.38477386,0.05406685,-0.01258760,-0.02269186,0.02594934
82.154310,0.36735266,0.02672819,0.38071746,0.04692344,-0.01336480,-0.02019525,0.02421706
82.174312,0.36238855,0.02214295,0.37547227,0.04339204,-0.01308372,-0.02124909,0.02495411
82.194341,0.35729568,0.01762091,0.37016580,0.03988055,-0.01287012,-0.02225964,0.02571248
82.214606,0.35207586,0.01316367,0.36510806,0.03473717,-0.01303220,-0.02157350,0.02520425
82.234504,0.34673096,0.00877280,0.35934544,0.03177886,-0.01261448,-0.02300606,0.02623746
82.254464,0.34126286,0.00444988,0.35312031,0.03064715,-0.01185745,-0.02619727,0.02875580
82.274431,0.33567352,0.00019644,0.34755452,0.02677828,-0.01188100,-0.02658184,0.02911619
82.294411,0.32996491,-0.00398601,0.34174812,0.02252312,-0.01178321,-0.02650913,0.02900996
82.314375,0.32413906,-0.00809599,0.33585812,0.01745696,-0.01171906,-0.02555295,0.02811209
82.334360,0.31819805,-0.01213203,0.32942546,0.01387011,-0.01122741,-0.02600214,0.02832253
82.354344,0.31214399,-0.01609271,0.32286165,0.01010896,-0.01071766,-0.02620167,0.02830894
82.374345,0.30597902,-0.01997660,0.31588204,0.00744594,-0.00990302,-0.02742254,0.02915588
82.394422,0.29970534,-0.02378234,0.30940963,0.00228160,-0.00970429,-0.02606394,0.02781190
82.413985,0.29332518,-0.02750857,0.30232402,-0.00109484,-0.00899884,-0.02641373,0.02790456
82.434426,0.28684080,-0.03115397,0.29492564,-0.00318748,-0.00808484,-0.02796649,0.02911166
82.454385,0.28025450,-0.03471724,0.28840299,-0.00879129,-0.00814849,-0.02592595,0.02717632
82.474376,0.27356863,-0.03819712,0.28170008,-0.01421675,-0.00813145,-0.02398037,0.02532151
82.494355,0.26678557,-0.04159237,0.27531192,-0.02154491,-0.00852635,-0.02004746,0.02178530
82.514363,0.25990772,-0.04490178,0.26783908,-0.02563588,-0.00793136,-0.01926590,0.02083462
82.534360,0.25293752,-0.04812417,0.26014273,-0.02982014,-0.00720521,-0.01830403,0.01967111
82.554348,0.24587746,-0.05125841,0.25171929,-0.03144299,-0.00584183,-0.01981542,0.02065860
82.574386,0.23873003,-0.05430338,0.24355515,-0.03440506,-0.00482512,-0.01989832,0.02047499
82.594444,0.23149779,-0.05725800,0.23478063,-0.03509696,-0.00328284,-0.02216104,0.02240287
82.614468,0.22418330,-0.06012121,0.22638285,-0.03746101,-0.00219955,-0.02266020,0.02276670
82.634527,0.21678915,-0.06289200,0.21835975,-0.04145953,-0.00157060,-0.02143247,0.02148994
82.654220,0.20931799,-0.06556939,0.21022395,-0.04469867,-0.00090596,-0.02087072,0.02089038
82.674382,0.20177245,-0.06815243,0.20242742,-0.04981069,-0.00065497,-0.01834174,0.01835343
82.694356,0.19415522,-0.07064019,0.19467613,-0.05554366,-0.00052091,-0.01509653,0.01510551
82.714380,0.18646901,-0.07303179,0.18633471,-0.05933022,0.00013430,-0.01370157,0.01370223
82.734334,0.17871655,-0.07532639,0.17793994,-0.06319372,0.00077661,-0.01213267,0.01215750
82.754146,0.17090059,-0.07752316,0.16944484,-0.06672596,0.00145575,-0.01079720,0.01089489
82.774066,0.16302392,-0.07962133,0.16109727,-0.07117068,0.00192665,-0.00845065,0.00866750
82.794105,0.15508932,-0.08162016,0.15261747,-0.07512984,0.00247185,-0.00649032,0.00694509
82.814136,0.14709961,-0.08351892,0.14375752,-0.07750542,0.00334209,-0.00601350,0.00687981
82.834116,0.13905765,-0.08531695,0.13548133,-0.08168028,0.00357632,-0.00363667,0.00510053
82.854102,0.13096628,-0.08701362,0.12751188,-0.08718439,0.00345440,0.00017077,0.00345862
82.874079,0.12282837,-0.08860830,0.11841421,-0.08806210,0.00441416,-0.00054620,0.00444782
82.894044,0.11464683,-0.09010045,0.11028454,-0.09210024,0.00436229,0.00199979,0.00479883
82.914051,0.10642455,-0.09148952,0.10111935,-0.09173261,0.00530520,0.00024309,0.00531076
82.934085,0.09816446,-0.09277503,0.09244983,-0.09291832,0.00571463,0.00014329,0.00571643
82.954044,0.08986949,-0.09395652,0.08413742,-0.09539489,0.00573207,0.00143837,0.00590978
82.974053,0.08154259,-0.09503356,0.07650175,-0.10068610,0.00504084,0.00565254,0.00757372
82.994110,0.07318672,-0.09600578,0.06828855,-0.10272797,0.00489817,0.00672219,0.00831744
83.014176,0.06480485,-0.09687284,0.05955937,-0.10303366,0.00524548,0.00616082,0.00809139
83.034097,0.05639996,-0.09763441,0.05098967,-0.10385656,0.00541029,0.00622215,0.00824538
83.054113,0.04797502,-0.09829024,0.04267633,-0.10477026,0.00529869,0.00648002,0.00837059
83.074087,0.03953304,-0.09884008,0.03512312,-0.10813562,0.00440992,0.00929554,0.01028856
83.094203,0.03107701,-0.09928375,0.02696974,-0.10903867,0.00410727,0.00975492,0.01058433
83.114042,0.02260994,-0.09962109,0.01870116,-0.10985675,0.00390878,0.01023566,0.01095661
83.134028,0.01413484,-0.09985197,0.01107214,-0.11231732,0.00306270,0.01246535,0.01283609
83.154019,0.00565472,-0.09997631,0.00382999,-0.11588119,0.00182473,0.01590488,0.01600921
83.174070,-0.00282741,-0.09999408,-0.00436007,-0.11604467,0.00153266,0.01605059,0.01612360
83.194535,-0.01130854,-0.09990526,-0.01276681,-0.11521604,0.00145827,0.01531078,0.01538007
83.214377,-0.01978565,-0.09970988,-0.02007390,-0.11844030,0.00028825,0.01873042,0.01873264
83.234075,-0.02825573,-0.09940802,-0.02809629,-0.11831565,-0.00015944,0.01890763,0.01890830
83.254078,-0.03671578,-0.09899978,-0.03582587,-0.11919478,-0.00088991,0.02019500,0.02021460
83.274076,-0.04516277,-0.09848531,-0.04430803,-0.11640959,-0.00085474,0.01792428,0.01794465
83.294049,-0.05359372,-0.09786478,-0.05214207,-0.11616109,-0.00145165,0.01829631,0.01835381
83.314039,-0.06200563,-0.09713843,-0.06030825,-0.11438815,-0.00169738,0.01724972,0.01733303
83.334055,-0.07039551,-0.09630650,-0.06696916,-0.11801929,-0.00342635,0.02171279,0.02198147
83.354040,-0.07876038,-0.09536930,-0.07445508,-0.11829199,-0.00430530,0.02292269,0.02332349
83.374233,-0.08709726,-0.09432716,-0.08258190,-0.11643686,-0.00451536,0.02210970,0.02256606
83.394496,-0.09540320,-0.09318044,-0.09106868,-0.11334297,-0.00433452,0.02016253,0.02062319
83.414101,-0.10367524,-0.09192955,-0.09997828,-0.10849447,-0.00369696,0.01656492,0.01697245
83.434121,-0.11191045,-0.09057495,-0.10866741,-0.10397294,-0.00324304,0.01339799,0.01378490
83.454092,-0.12010590,-0.08911710,-0.11600737,-0.10458199,-0.00409853,0.01546489,0.01599878
83.474097,-0.12825867,-0.08755654,-0.12351023,-0.10470499,-0.00474844,0.01714845,0.01779374
83.494320,-0.13636587,-0.08589380,-0.13203214,-0.10086990,-0.00433373,0.01497610,0.01559054
83.514372,-0.14442462,-0.08412949,-0.13989139,-0.09870239,-0.00453323,0.01457290,0.01526171
83.533914,-0.15243206,-0.08226423,-0.14761096,-0.09719957,-0.00482110,0.01493534,0.01569419
83.554070,-0.16038535,-0.08029868,-0.15530411,-0.09550113,-0.00508124,0.01520245,0.01602914
83.574242,-0.16828164,-0.07823355,-0.16298658,-0.09378954,-0.00529506,0.01555599,0.01643248
83.601397,-0.17611815,-0.07606955,-0.17093539,-0.09081883,-0.00518276,0.01474928,0.01563337
83.614035,-0.17611815,-0.07606955,-0.17297540,-0.09662463,-0.00314275,0.02055508,0.02079394
83.634033,-0.18001311,-0.07495073,-0.18108773,-0.09212116,0.00107462,0.01717043,0.01720403
83.654256,-0.18775472,-0.07263990,-0.18851933,-0.08940388,0.00076461,0.01676398,0.01678141
83.674380,-0.19542962,-0.07023222,-0.19578659,-0.08659025,0.00035697,0.01635803,0.01636192
83.694353,-0.20303509,-0.06772851,-0.20383387,-0.08020630,0.00079878,0.01247779,0.01250333
83.714361,-0.21056842,-0.06512969,-0.21089142,-0.07731777,0.00032300,0.01218808,0.01219236
83.734435,-0.21802693,-0.06243667,-0.21791341,-0.07516071,-0.00011352,0.01272404,0.01272455
83.754364,-0.22540798,-0.05965040,-0.22547077,-0.07084021,0.00006279,0.01118981,0.01118998
83.774474,-0.23270895,-0.05677188,-0.23340483,-0.06474061,0.00069588,0.00796873,0.00799906
83.794479,-0.23992723,-0.05380213,-0.24077910,-0.05982527,0.00085187,0.00602314,0.00608308
83.814419,-0.24706027,-0.05074221,-0.24741578,-0.05710365,0.00035551,0.00636144,0.00637136
83.834398,-0.25410553,-0.04759320,-0.25472210,-0.05202354,0.00061657,0.00443034,0.00447304
83.854347,-0.26106050,-0.04435622,-0.26233088,-0.04556711,0.00127038,0.00121089,0.00175503
83.874337,-0.26792273,-0.04103242,-0.26992368,-0.03905474,0.00200095,-0.00197768,0.00281337
83.894357,-0.27468976,-0.03762298,-0.27655226,-0.03603783,0.00186250,-0.00158515,0.00244573
83.914374,-0.28135920,-0.03412912,-0.28361843,-0.03102530,0.00225923,-0.00310382,0.00383899
83.934354,-0.28792867,-0.03055208,-0.29064680,-0.02579631,0.00271813,-0.00475577,0.00547773
83.954363,-0.29439584,-0.02689311,-0.29745720,-0.02088227,0.00306136,-0.00601084,0.00674552
83.974400,-0.30075841,-0.02315354,-0.30481927,-0.01390352,0.00406086,-0.00925002,0.01010215
83.994521,-0.30701412,-0.01933468,-0.31151983,-0.00908033,0.00450571,-0.01025435,0.01120058
84.014365,-0.31316076,-0.01543789,-0.31791852,-0.00497320,0.00475776,-0.01046469,0.01149548
84.034426,-0.31919613,-0.01146456,-0.32480458,0.00156347,0.00560845,-0.01302803,0.01418395
84.054457,-0.32511809,-0.00741609,-0.33141174,0.00718401,0.00629365,-0.01460010,0.01589883
84.074537,-0.33092454,-0.00329393,-0.33808040,0.01352943,0.00715586,-0.01682336,0.01828201
84.094420,-0.33661341,0.00090046,-0.34380882,0.01660143,0.00719541,-0.01570097,0.01727120
84.114439,-0.34218268,0.00516559,-0.34881068,0.01702593,0.00662800,-0.01186034,0.01358668
84.134055,-0.34763038,0.00949994,-0.35454484,0.02056638,0.00691446,-0.01106644,0.01304898
84.154478,-0.35295457,0.01390197,-0.36030315,0.02435127,0.00734858,-0.01044930,0.01277456
84.174421,-0.35815336,0.01837013,-0.36667672,0.03102221,0.00852336,-0.01265208,0.01525526
84.194397,-0.36322489,0.02290282,-0.37231647,0.03539755,0.00909158,-0.01249473,0.01545235
84.214521,-0.36816737,0.02749842,-0.37795947,0.04030178,0.00979210,-0.01280336,0.01611866
84.234429,-0.37297905,0.03215532,-0.38371603,0.04662241,0.01073698,-0.01446709,0.01801609
84.254475,-0.37765820,0.03687186,-0.38903629,0.05236637,0.01137809,-0.01549451,0.01922344
84.274461,-0.38220318,0.04164635,-0.39318319,0.05457249,0.01098001,-0.01292614,0.01696012
84.294414,-0.38661236,0.04647710,-0.39775557,0.05957970,0.01114321,-0.01310260,0.01720027
84.314395,-0.39088418,0.05136240,-0.40278910,0.06738620,0.01190492,-0.01602380,0.01996220
84.334385,-0.39501712,0.05630051,-0.40650455,0.07037411,0.01148743,-0.01407360,0.01816665
84.354618,-0.39900972,0.06128967,-0.41049096,0.07491281,0.01148124,-0.01362314,0.01781597
84.374510,-0.40286054,0.06632812,-0.41467998,0.08045501,0.01181944,-0.01412689,0.01841923
84.394527,-0.40656823,0.07141406,-0.41860344,0.08530683,0.01203521,-0.01389277,0.01838084
84.414551,-0.41013147,0.07654569,-0.42199843,0.08980596,0.01186696,-0.01326027,0.01779493
84.434481,-0.41354900,0.08172118,-0.42508804,0.09389447,0.01153904,-0.01217329,0.01677314
84.454503,-0.41681959,0.08693870,-0.42850602,0.10010473,0.01168643,-0.01316603,0.01760446
84.474374,-0.41994208,0.09219638,-0.43142067,0.10513910,0.01147859,-0.01294272,0.01729948
84.494381,-0.42291538,0.09749237,-0.43499923,0.11373184,0.01208385,-0.01623947,0.02024203
84.514350,-0.42573841,0.10282477,-0.43686378,0.11654297,0.01112537,-0.01371820,0.01766247
84.534408,-0.42841018,0.10819171,-0.43910613,0.12141622,0.01069595,-0.01322451,0.01700856
84.554785,-0.43092974,0.11359126,-0.44060782,0.12386381,0.00967808,-0.01027255,0.01411349
84.574441,-0.43329619,0.11902151,-0.44274297,0.12903194,0.00944678,-0.01001043,0.01376410
84.594770,-0.43550870,0.12448054,-0.44505585,0.13577688,0.00954715,-0.01129634,0.01479038
84.614406,-0.43756646,0.12996639,-0.44642486,0.13986785,0.00885840,-0.00990146,0.01328571
84.634049,-0.43946877,0.13547713,-0.44743991,0.14353072,0.00797114,-0.00805359,0.01133135
84.654190,-0.44121493,0.14101079,-0.44798605,0.14565724,0.00677112,-0.00464645,0.00821204
84.674446,-0.44280433,0.14656541,-0.44943813,0.15199309,0.00663380,-0.00542768,0.00857129
84.694465,-0.44423641,0.15213902,-0.44980285,0.15515455,0.00556644,-0.00301553,0.00633078
84.714393,-0.44551065,0.15772963,-0.45042461,0.15975934,0.00491396,-0.00202971,0.00531665
84.734355,-0.44662660,0.16333526,-0.45043487,0.16240215,0.00380827,0.00093311,0.00392092
84.754466,-0.44758387,0.16895392,-0.45056340,0.16614724,0.00297953,0.00280668,0.00409329
84.774407,-0.44838211,0.17458360,-0.45041628,0.16930266,0.00203417,0.00528094,0.00565917
84.794453,-0.44902104,0.18022232,-0.44970096,0.17036826,0.00067992,0.00985406,0.00987749
84.814403,-0.44950044,0.18586806,-0.45049952,0.17849379,0.00099908,0.00737427,0.00744164
84.834425,-0.44982014,0.19151883,-0.45076540,0.18488140,0.00094526,0.00663743,0.00670440
84.854381,-0.44998001,0.19717261,-0.45076940,0.19057601,0.00078939,0.00659660,0.00664367
84.874421,-0.44998001,0.20282739,-0.45093329,0.19801180,0.00095328,0.00481559,0.00490904
84.894365,-0.44982014,0.20848117,-0.45030957,0.20289875,0.00048943,0.00558242,0.00560384
84.914363,-0.44950044,0.21413194,-0.44889634,0.20530955,-0.00060410,0.00882239,0.00884305
84.934408,-0.44902104,0.21977768,-0.44748331,0.20809613,-0.00153773,0.01168155,0.01178233
84.954390,-0.44838211,0.22541640,-0.44665742,0.21339334,-0.00172469,0.01202306,0.01214613
84.974639,-0.44758387,0.23104608,-0.44592036,0.21885843,-0.00166351,0.01218765,0.01230066
84.994439,-0.44662660,0.23666474,-0.44519169,0.22460333,-0.00143491,0.01206141,0.01214646
85.014282,-0.44551065,0.24227037,-0.44391693,0.22919731,-0.00159372,0.01307306,0.01316985
85.034383,-0.44423641,0.24786098,-0.44251682,0.23385453,-0.00171959,0.01400645,0.01411161
85.054345,-0.44280433,0.25343459,-0.44174530,0.24143043,-0.00105903,0.01200416,0.01205078
85.074275,-0.44121493,0.25898921,-0.43972739,0.24485946,-0.00148754,0.01412975,0.01420783
85.094374,-0.43946877,0.26452287,-0.43779296,0.24887271,-0.00167581,0.01565016,0.01573963
85.114360,-0.43756646,0.27003361,-0.43625377,0.25516365,-0.00131269,0.01486996,0.01492779
85.134473,-0.43550870,0.27551946,-0.43451981,0.26107603,-0.00098889,0.01444343,0.01447724
85.154827,-0.43329619,0.28097849,-0.43261737,0.26704682,-0.00067882,0.01393167,0.01394820
85.174429,-0.43092974,0.28640874,-0.42932449,0.26767795,-0.00160525,0.01873079,0.01879945
85.194645,-0.42841018,0.29180829,-0.42796026,0.27608867,-0.00044992,0.01571962,0.01572605
85.214373,-0.42573841,0.29717523,-0.42556176,0.28098451,-0.00017665,0.01619072,0.01619168
85.234243,-0.42291538,0.30250763,-0.42255570,0.28427217,-0.00035968,0.01823546,0.01823901
85.254408,-0.41994208,0.30780362,-0.41991506,0.28941485,-0.00002702,0.01838877,0.01838879
85.274407,-0.41681959,0.31306130,-0.41651209,0.29210840,-0.00030750,0.02095290,0.02095516
85.294406,-0.41354900,0.31827882,-0.41412764,0.29879968,0.00057864,0.01947914,0.01948773
85.314402,-0.41013147,0.32345431,-0.41080574,0.30225152,0.00067427,0.02120279,0.02121351
85.334487,-0.40656823,0.32858594,-0.40784888,0.30720429,0.00128065,0.02138165,0.02141997
85.354449,-0.40286054,0.33367188,-0.40481612,0.31229157,0.00195558,0.02138031,0.02146956
85.374445,-0.39900972,0.33871033,-0.40251308,0.32064775,0.00350336,0.01806258,0.01839920
85.394388,-0.39501712,0.34369949,-0.39872413,0.32366077,0.00370701,0.02003872,0.02037871
85.414452,-0.39088418,0.34863760,-0.39495641,0.32696363,0.00407223,0.02167397,0.02205320
85.434485,-0.38661236,0.35352290,-0.39162065,0.33216203,0.00500829,0.02136087,0.02194014
85.454476,-0.38220318,0.35835365,-0.38801157,0.33708193,0.00580839,0.02127172,0.02205048
85.474396,-0.37765820,0.36312814,-0.38361355,0.33958882,0.00595535,0.02353932,0.02428097
85.494419,-0.37297905,0.36784468,-0.37976789,0.34446648,0.00678884,0.02337820,0.02434396
85.514576,-0.36816737,0.37250158,-0.37681770,0.35361591,0.00865033,0.01888567,0.02077250
85.534468,-0.36322489,0.37709718,-0.37211303,0.35737008,0.00888814,0.01972710,0.02163695
85.554472,-0.35815336,0.38162987,-0.36689398,0.35934627,0.00874062,0.02228360,0.02393653
85.574442,-0.35295457,0.38609803,-0.36202403,0.36251261,0.00906946,0.02358542,0.02526909
85.594383,-0.34763038,0.39050006,-0.35757922,0.36818520,0.00994884,0.02231486,0.02443220
85.614378,-0.34218268,0.39483441,-0.35255350,0.37248808,0.01037082,0.02234633,0.02463559
85.634409,-0.33661341,0.39909954,-0.34786815,0.37896224,0.01125474,0.02013730,0.02306903
85.654844,-0.33092454,0.40329393,-0.34291025,0.38508669,0.01198571,0.01820724,0.02179818
85.674378,-0.32511809,0.40741609,-0.33792823,0.39206129,0.01281014,0.01535480,0.01999674
85.694368,-0.31919613,0.41146456,-0.33229380,0.39733600,0.01309767,0.01412856,0.01926565
85.714637,-0.31316076,0.41543789,-0.32608290,0.40024913,0.01292214,0.01518876,0.01994192
85.734942,-0.30701412,0.41933468,-0.32040027,0.40570207,0.01338615,0.01363261,0.01910594
85.754476,-0.30075841,0.42315354,-0.31462206,0.41187029,0.01386365,0.01128325,0.01787491
85.774411,-0.29439584,0.42689311,-0.30770265,0.41495069,0.01330681,0.01194242,0.01787995
85.794330,-0.28792867,0.43055208,-0.30078069,0.41867055,0.01285202,0.01188153,0.01750271
85.814391,-0.28135920,0.43412912,-0.29356526,0.42206120,0.01220606,0.01206792,0.01716457
85.834361,-0.27468976,0.43762298,-0.28693155,0.42814900,0.01224179,0.00947398,0.01547959
85.854353,-0.26792273,0.44103242,-0.27976888,0.43237287,0.01184615,0.00865955,0.01467375
85.874414,-0.26106050,0.44435622,-0.27280720,0.43802531,0.01174670,0.00633091,0.01334412
85.894468,-0.25410553,0.44759320,-0.26494036,0.44130478,0.01083483,0.00628842,0.01252748
85.914765,-0.24706027,0.45074221,-0.25783701,0.44843206,0.01077674,0.00231015,0.01102157
85.934579,-0.23992723,0.45380213,-0.25034615,0.45451121,0.01041892,-0.00070908,0.01044302
85.954471,-0.23270895,0.45677188,-0.24237207,0.45849579,0.00966312,-0.00172391,0.00981569
85.974295,-0.22540798,0.45965040,-0.23407896,0.46164909,0.00867098,-0.00199869,0.00889835
85.994292,-0.21802693,0.46243667,-0.22573180,0.46527734,0.00770487,-0.00284067,0.00821185
86.014381,-0.21056842,0.46512969,-0.21767522,0.47085604,0.00710680,-0.00572635,0.00912676
86.034323,-0.20303509,0.46772851,-0.20967721,0.47703361,0.00664212,-0.00930510,0.01143252
86.054362,-0.19542962,0.47023222,-0.20053180,0.47948014,0.00510218,-0.00924792,0.01056202
86.074365,-0.18775472,0.47263990,-0.19157436,0.48261329,0.00381964,-0.00997339,0.01067980
86.094709,-0.18001311,0.47495073,-0.18277489,0.48607390,0.00276178,-0.01112317,0.01146091
86.114537,-0.17220754,0.47716386,-0.17300907,0.48542056,0.00080153,-0.00825670,0.00829551
86.134463,-0.16434079,0.47927852,-0.16432478,0.48899541,-0.00001601,-0.00971689,0.00971690
86.154466,-0.15641565,0.48129395,-0.15586271,0.49313227,-0.00055294,-0.01183832,0.01185122
86.174565,-0.14843494,0.48320944,-0.14743922,0.49702161,-0.00099572,-0.01381217,0.01384801
86.194377,-0.14040148,0.48502431,-0.13906218,0.50164703,-0.00133930,-0.01662272,0.01667658
86.214392,-0.13231815,0.48673790,-0.13009035,0.50399336,-0.00222780,-0.01725546,0.01739868
86.234431,-0.12418780,0.48834963,-0.12064987,0.50390952,-0.00353793,-0.01555989,0.01595704
86.254441,-0.11601332,0.48985890,-0.11218414,0.50797466,-0.00382918,-0.01811576,0.01851603
86.274509,-0.10779763,0.49126519,-0.10316610,0.50929304,-0.00463153,-0.01802785,0.01861329
86.294596,-0.09954364,0.49256799,-0.09432673,0.51049688,-0.00521691,-0.01792889,0.01867247
86.314809,-0.09125428,0.49376684,-0.08560341,0.51260034,-0.00565087,-0.01883350,0.01966298
86.334473,-0.08293250,0.49486132,-0.07707625,0.51530367,-0.00585625,-0.02044235,0.02126465
86.354447,-0.07458126,0.49585104,-0.06839376,0.51708174,-0.00618750,-0.02123070,0.02211397
86.374364,-0.06620351,0.49673564,-0.05959835,0.51762219,-0.00660516,-0.02088655,0.02190607
86.394398,-0.05780224,0.49751482,-0.05042811,0.51603610,-0.00737413,-0.01852128,0.01993529
86.414460,-0.04938044,0.49818829,-0.04224603,0.51774497,-0.00713441,-0.01955668,0.02081738
86.434411,-0.04094109,0.49875581,-0.03353523,0.51687973,-0.00740586,-0.01812392,0.01957865
86.454447,-0.03248720,0.49921719,-0.02535642,0.51795187,-0.00713078,-0.01873468,0.02004586
86.474596,-0.02402176,0.49957225,-0.01681694,0.51730991,-0.00720482,-0.01773766,0.01914508
86.494521,-0.01554779,0.49982088,-0.00807372,0.51551034,-0.00747407,-0.01568946,0.01737875
86.514518,-0.00706829,0.49996299,-0.00010065,0.51601722,-0.00696764,-0.01605423,0.01750104
86.534488,0.00141371,0.49999852,0.00796293,0.51567364,-0.00654922,-0.01567512,0.01698828
86.554388,0.00989522,0.49992746,0.01612202,0.51460952,-0.00622680,-0.01468206,0.01594791
86.574340,0.01837321,0.49974984,0.02423986,0.51354064,-0.00586665,-0.01379080,0.01498679
86.594417,0.02684467,0.49946572,0.03236413,0.51295175,-0.00551946,-0.01348603,0.01457180
86.614403,0.03530659,0.49907520,0.04052807,0.51233593,-0.00522148,-0.01326073,0.01425169
86.634462,0.04375597,0.49857842,0.04871047,0.51125634,-0.00495450,-0.01267792,0.01361164
86.654421,0.05218981,0.49797556,0.05693077,0.50954394,-0.00474096,-0.01156838,0.01250216
86.674506,0.06060510,0.49726683,0.06463573,0.50984949,-0.00403063,-0.01258266,0.01321247
86.694469,0.06899885,0.49645248,0.07255270,0.50895489,-0.00355385,-0.01250241,0.01299769
86.714433,0.07736810,0.49553280,0.08042814,0.50827689,-0.00306004,-0.01274409,0.01310632
86.734515,0.08570985,0.49450812,0.08817829,0.50748330,-0.00246844,-0.01297518,0.01320790
86.754079,0.09402115,0.49337880,0.09623359,0.50509269,-0.00221244,-0.01171389,0.01192100
86.774423,0.10229905,0.49214525,0.10465229,0.50051565,-0.00235324,-0.00837040,0.00869490
86.794448,0.11054060,0.49080790,0.11251526,0.49775837,-0.00197466,-0.00695047,0.00722553
86.814493,0.11874287,0.48936723,0.12040068,0.49441053,-0.00165781,-0.00504330,0.00530878
86.834477,0.12690296,0.48782374,0.12819889,0.49057605,-0.00129593,-0.00275231,0.00304215
86.854484,0.13501796,0.48617800,0.13566832,0.48761988,-0.00065036,-0.00144188,0.00158176
86.874497,0.14308499,0.48443057,0.14319189,0.48432208,-0.00010690,0.00010849,0.00015231
86.894449,0.15110118,0.48258209,0.15078167,0.48047615,0.00031951,0.00210594,0.00213004
86.914414,0.15906368,0.48063321,0.15777484,0.47847371,0.00128884,0.00215950,0.00251487
86.934531,0.16696967,0.47858462,0.16545483,0.47396402,0.00151484,0.00462060,0.00486258
86.954416,0.17481634,0.47643705,0.17230049,0.47205172,0.00251585,0.00438533,0.00505575
86.974446,0.18260089,0.47419127,0.17975486,0.46716618,0.00284603,0.00702509,0.00757970
86.994415,0.19032057,0.47184806,0.18673586,0.46360415,0.00358471,0.00824391,0.00898956
87.014421,0.19797263,0.46940827,0.19326934,0.46130579,0.00470329,0.00810248,0.00936863
87.034432,0.20555435,0.46687276,0.20023654,0.45728902,0.00531781,0.00958374,0.01096026
87.054505,0.21306303,0.46424243,0.20731995,0.45256441,0.00574308,0.01167802,0.01301381
87.074531,0.22049602,0.46151822,0.21391644,0.45059168,0.00657958,0.01092654,0.01275461
87.094417,0.22785066,0.45870109,0.22069147,0.44818585,0.00715919,0.01051524,0.01272101
87.114451,0.23512435,0.45579205,0.22803118,0.44292787,0.00709317,0.01286418,0.01469014
87.134334,0.24231451,0.45279212,0.23543687,0.43677154,0.00687764,0.01602058,0.01743448
87.154405,0.24941857,0.44970238,0.24224629,0.43276013,0.00717228,0.01694225,0.01839786
87.174434,0.25643401,0.44652392,0.24861065,0.43056118,0.00782336,0.01596274,0.01777678
87.194461,0.26335834,0.44325787,0.25604679,0.42433172,0.00731155,0.01892615,0.02028935
87.214404,0.27018910,0.43990540,0.26293344,0.42052798,0.00725566,0.01937742,0.02069128
87.234446,0.27692387,0.43646768,0.26983964,0.41657436,0.00708423,0.01989332,0.02111706
87.254520,0.28356024,0.43294595,0.27660991,0.41257801,0.00695033,0.02036794,0.02152115
87.274447,0.29009587,0.42934146,0.28383895,0.40674458,0.00625692,0.02259688,0.02344713
87.294499,0.29652843,0.42565548,0.29051822,0.40315501,0.00601021,0.02250047,0.02328934
87.314463,0.30285563,0.42188933,0.29745577,0.39875830,0.00539986,0.02313103,0.02375296
87.334419,0.30907523,0.41804434,0.30371008,0.39719162,0.00536515,0.02085272,0.02153186
87.354394,0.31518502,0.41412188,0.31052478,0.39305765,0.00466024,0.02106423,0.02157359
87.374410,0.32118282,0.41012335,0.31733624,0.38840072,0.00384658,0.02172263,0.02206057
87.394425,0.32706651,0.40605015,0.32420406,0.38320089,0.00286245,0.02284926,0.02302786
87.414511,0.33283399,0.40190375,0.33050763,0.38004617,0.00232636,0.02185758,0.02198103
87.434556,0.33848322,0.39768562,0.33686708,0.37684658,0.00161614,0.02083904,0.02090162
87.454508,0.34401219,0.39339725,0.34308207,0.37400327,0.00093012,0.01939398,0.01941627
87.474444,0.34941893,0.38904016,0.34949604,0.36979470,-0.00007711,0.01924546,0.01924562
87.494750,0.35470153,0.38461591,0.35540721,0.36709027,-0.00070568,0.01752564,0.01753984
87.514522,0.35985810,0.38012607,0.36092770,0.36595096,-0.00106960,0.01417511,0.01421541
87.534522,0.36488681,0.37557223,0.36708661,0.36184479,-0.00219980,0.01372744,0.01390258
87.554432,0.36978588,0.37095600,0.37318524,0.35718325,-0.00339936,0.01377275,0.01418606
87.574505,0.37455357,0.36627904,0.37854938,0.35425131,-0.00399581,0.01202773,0.01267410
87.594278,0.37918819,0.36154300,0.38425064,0.34959154,-0.00506245,0.01195146,0.01297944
87.614301,0.38368807,0.35674957,0.38983523,0.34486522,-0.00614716,0.01188435,0.01338004
87.634675,0.38805164,0.35190044,0.39462641,0.34265229,-0.00657477,0.00924815,0.01134706
87.654507,0.39227733,0.34699735,0.39956386,0.33921881,-0.00728653,0.00777854,0.01065830
87.674565,0.39636365,0.34204202,0.40394434,0.33758619,-0.00758069,0.00445583,0.00879325
87.694488,0.40030914,0.33703623,0.40884443,0.33309381,-0.00853529,0.00394242,0.00940180
87.714473,0.40411241,0.33198175,0.41390983,0.32757922,-0.00979742,0.00440253,0.01074112
87.734357,0.40777209,0.32688038,0.41849305,0.32265189,-0.01072096,0.00422849,0.01152471
87.754495,0.41128690,0.32173393,0.42220962,0.32006898,-0.01092272,0.00166495,0.01104889
87.774407,0.41465558,0.31654422,0.42569256,0.31743290,-0.01103698,-0.00088868,0.01107270
87.794263,0.41787693,0.31131311,0.42894907,0.31462508,-0.01107214,-0.00331197,0.01155687
87.814431,0.42094981,0.30604245,0.43254649,0.30922735,-0.01159668,-0.00318490,0.01202608
87.834466,0.42387314,0.30073412,0.43617532,0.30273493,-0.01230218,-0.00200081,0.01246382
87.854554,0.42664586,0.29538999,0.43892723,0.29840136,-0.01228137,-0.00301137,0.01264518
87.874486,0.42926699,0.29001197,0.44112936,0.29533219,-0.01186237,-0.00532022,0.01300079
87.894436,0.43173561,0.28460197,0.44332475,0.29227219,-0.01158914,-0.00767022,0.01389750
87.914434,0.43405084,0.27916191,0.44525293,0.29029887,-0.01120209,-0.01113696,0.01579616
87.934477,0.43621185,0.27369373,0.44808140,0.28420240,-0.01186955,-0.01050867,0.01585302
87.954448,0.43821787,0.26819936,0.45009749,0.28021706,-0.01187962,-0.01201770,0.01689824
87.974455,0.44006820,0.26268077,0.45199454,0.27564190,-0.01192634,-0.01296113,0.01761330
87.994421,0.44176218,0.25713990,0.45328817,0.27293041,-0.01152599,-0.01579051,0.01954964
88.014408,0.44329920,0.25157873,0.45416071,0.27131033,-0.01086151,-0.01973160,0.02252351
88.034519,0.44467871,0.24599924,0.45575403,0.26575694,-0.01107532,-0.01975770,0.02265016
88.054496,0.44590024,0.24040340,0.45756934,0.25835103,-0.01166910,-0.01794763,0.02140760
88.074486,0.44696334,0.23479320,0.45813257,0.25485193,-0.01116923,-0.02005873,0.02295875
88.094419,0.44786763,0.22917065,0.45886211,0.24918238,-0.01099448,-0.02001173,0.02283304
88.114668,0.44861280,0.22353773,0.45831037,0.24727475,-0.00969757,-0.02373702,0.02564155
88.134436,0.44919858,0.21789645,0.45810424,0.24339510,-0.00890566,-0.02549865,0.02700911
88.154382,0.44962476,0.21224881,0.45803573,0.23841157,-0.00841097,-0.02616276,0.02748153
88.174769,0.44989119,0.20659681,0.45778335,0.23319897,-0.00789216,-0.02660216,0.02774818
88.194433,0.44999778,0.20094248,0.45759742,0.22662074,-0.00759964,-0.02567826,0.02677924
88.214470,0.44994448,0.19528780,0.45680273,0.22156533,-0.00685825,-0.02627753,0.02715777
88.234500,0.44973133,0.18963481,0.45615162,0.21483068,-0.00642029,-0.02519587,0.02600100
88.254798,0.44935838,0.18398549,0.45527649,0.20896156,-0.00591811,-0.02497607,0.02566765
88.274509,0.44882578,0.17834187,0.45399538,0.20468279,-0.00516960,-0.02634092,0.02684342
88.294399,0.44813372,0.17270594,0.45251556,0.20092479,-0.00438184,-0.02821885,0.02855703
88.314490,0.44728243,0.16707971,0.45180059,0.19340328,-0.00451816,-0.02632357,0.02670850
88.334305,0.44627223,0.16146517,0.45007813,0.18964709,-0.00380590,-0.02818192,0.02843774
88.354463,0.44510347,0.15586433,0.44852869,0.18444874,-0.00342522,-0.02858441,0.02878889
88.374271,0.44377656,0.15027916,0.44715804,0.17752271,-0.00338148,-0.02724355,0.02745260
88.394393,0.44229199,0.14471167,0.44491321,0.17373989,-0.00262122,-0.02902822,0.02914633
88.414488,0.44065026,0.13916381,0.44361343,0.16509890,-0.00296317,-0.02593509,0.02610382
88.434480,0.43885198,0.13363757,0.44098797,0.16073260,-0.00213599,-0.02709503,0.02717909
88.454473,0.43689778,0.12813491,0.43831744,0.15554615,-0.00141966,-0.02741124,0.02744797
88.474329,0.43478835,0.12265778,0.43600575,0.14829803,-0.00121740,-0.02564025,0.02566913
88.494352,0.43252444,0.11720814,0.43290200,0.14344806,-0.00037756,-0.02623992,0.02624263
88.514433,0.43010686,0.11178790,0.43042481,0.13560530,-0.00031795,-0.02381740,0.02381953
88.534448,0.42753646,0.10639901,0.42670925,0.13164958,0.00082721,-0.02525057,0.02526412
88.554459,0.42481416,0.10104338,0.42390511,0.12380241,0.00090905,-0.02275903,0.02277718
88.574450,0.42194092,0.09572290,0.42086896,0.11645325,0.00107196,-0.02073035,0.02075804
88.594303,0.41891778,0.09043947,0.41702920,0.11176652,0.00188858,-0.02132705,0.02141051
88.614576,0.41574579,0.08519497,0.41305630,0.10668459,0.00268949,-0.02148962,0.02165726
88.634474,0.41242609,0.07999126,0.40973259,0.09970607,0.00269350,-0.01971481,0.01989796
88.654434,0.40895986,0.07483019,0.40604265,0.09367580,0.00291721,-0.01884561,0.01907006
88.674336,0.40534832,0.06971359,0.40176205,0.08975952,0.00358627,-0.02004593,0.02036421
88.694414,0.40159277,0.06464327,0.39834567,0.08205858,0.00324710,-0.01741531,0.01771544
88.714408,0.39769453,0.05962106,0.39477918,0.07481347,0.00291535,-0.01519241,0.01546960
88.735034,0.39365500,0.05464871,0.39105197,0.06786774,0.00260303,-0.01321903,0.01347288
88.754326,0.38947560,0.04972801,0.38669105,0.06274184,0.00278455,-0.01301383,0.01330840
88.774424,0.38515782,0.04486070,0.38179047,0.05990828,0.00336735,-0.01504758,0.01541975
88.794498,0.38070320,0.04004851,0.37877585,0.04968538,0.00192735,-0.00963687,0.00982772
88.814472,0.37611331,0.03529315,0.37378112,0.04629306,0.00233219,-0.01099991,0.01124442
88.834448,0.37138980,0.03059631,0.36940927,0.04021903,0.00198053,-0.00962272,0.00982442
88.854488,0.36653433,0.02595966,0.36534033,0.03301601,0.00119400,-0.00705635,0.00715665
88.874319,0.36154863,0.02138485,0.36239561,0.02201243,-0.00084698,-0.00062758,0.00105415
88.894777,0.35643448,0.01687349,0.35791454,0.01706131,-0.00148006,-0.00018782,0.00149193
88.914462,0.35119368,0.01242720,0.35330570,0.01255197,-0.00211202,-0.00012477,0.00211570
88.934400,0.34582811,0.00804756,0.34931306,0.00506620,-0.00348495,0.00298136,0.00458622
88.954447,0.34033967,0.00373611,0.34439060,0.00046290,-0.00405093,0.00327321,0.00520807
88.974391,0.33473031,-0.00050561,0.33954366,-0.00467695,-0.00481335,0.00417134,0.00636933
88.994422,0.32900202,-0.00467608,0.33432102,-0.00920341,-0.00531900,0.00452733,0.00698488
89.014223,0.32315683,-0.00877384,0.32961850,-0.01643872,-0.00646167,0.00766488,0.01002515
89.034392,0.31719683,-0.01279742,0.32424874,-0.02160015,-0.00705191,0.00880273,0.01127907
89.054439,0.31112414,-0.01674539,0.31846026,-0.02565141,-0.00733612,0.00890602,0.01153845
89.074420,0.30494090,-0.02061636,0.31249283,-0.02939416,-0.00755193,0.00877780,0.01157935
89.094451,0.29864931,-0.02440894,0.30621575,-0.03305932,-0.00756644,0.00865038,0.01149261
89.114418,0.29225162,-0.02812179,0.29978175,-0.03614352,-0.00753013,0.00802173,0.01100232
89.134439,0.28575009,-0.03175359,0.29434090,-0.04338272,-0.00859081,0.01162913,0.01445817
89.154412,0.27914704,-0.03530305,0.28816897,-0.04823042,-0.00902193,0.01292737,0.01576427
89.174490,0.27244481,-0.03876890,0.28215028,-0.05398437,-0.00970547,0.01521547,0.01804734
89.194450,0.26564578,-0.04214993,0.27503267,-0.05592753,-0.00938689,0.01377760,0.01667141
89.214380,0.25875236,-0.04544492,0.26761494,-0.05699597,-0.00886258,0.01155105,0.01455926
89.234478,0.25176702,-0.04865270,0.26129845,-0.06270460,-0.00953143,0.01405190,0.01697952
89.254465,0.24469222,-0.05177214,0.25430872,-0.06645495,-0.00961650,0.01468281,0.01755169
89.274424,0.23753048,-0.05480212,0.24717912,-0.07064830,-0.00964864,0.01584618,0.01855256
89.294413,0.23028435,-0.05774157,0.23962280,-0.07349453,-0.00933845,0.01575296,0.01831291
89.314409,0.22295640,-0.06058945,0.23233378,-0.07698656,-0.00937738,0.01639711,0.01888916
89.334423,0.21554924,-0.06334475,0.22392752,-0.07621294,-0.00837828,0.01286819,0.01535532
89.354409,0.20806549,-0.06600648,0.21659020,-0.07962251,-0.00852471,0.01361603,0.01606446
89.374553,0.20050782,-0.06857369,0.20954694,-0.08466018,-0.00903912,0.01608649,0.01845212
89.395066,0.19287890,-0.07104549,0.20165748,-0.08704947,-0.00877858,0.01600398,0.01825352
89.414990,0.18518146,-0.07342098,0.19407136,-0.09134083,-0.00888990,0.01791985,0.02000378
89.434575,0.17741823,-0.07569933,0.18572967,-0.09296819,-0.00831144,0.01726886,0.01916490
89.454391,0.16959195,-0.07787973,0.17759848,-0.09557051,-0.00800653,0.01769078,0.01941824
89.474482,0.16170543,-0.07996139,0.16928784,-0.09773599,-0.00758241,0.01777460,0.01932432
89.494482,0.15376145,-0.08194359,0.16076730,-0.09937616,-0.00700585,0.01743257,0.01878766
89.514404,0.14576284,-0.08382561,0.15276931,-0.10374322,-0.00700647,0.01991761,0.02111402
89.534438,0.13771244,-0.08560679,0.14322154,-0.10231735,-0.00550910,0.01671056,0.01759525
89.554484,0.12961311,-0.08728649,0.13414162,-0.10285386,-0.00452851,0.01556737,0.01621266
89.574505,0.12146773,-0.08886413,0.12500429,-0.10311912,-0.00353656,0.01425499,0.01468714
89.594496,0.11327920,-0.09033913,0.11634439,-0.10510860,-0.00306519,0.01476947,0.01508419
89.614437,0.10505041,-0.09171098,0.10607704,-0.10106197,-0.00102663,0.00935099,0.00940718
89.634353,0.09678431,-0.09297918,0.09678104,-0.10026629,0.00000327,0.00728711,0.00728711
89.654699,0.08848381,-0.09414329,0.08807076,-0.10126739,0.00041305,0.00712410,0.00713606
89.674599,0.08015188,-0.09520289,0.07939715,-0.10243955,0.00075473,0.00723666,0.00727591
89.694453,0.07179147,-0.09615760,0.07009931,-0.10125966,0.00169216,0.00510206,0.00537535
89.714408,0.06340555,-0.09700710,0.06158891,-0.10288459,0.00181664,0.00587749,0.00615184
89.734429,0.05499711,-0.09775107,0.05294735,-0.10405184,0.00204976,0.00630077,0.00662580
89.754477,0.04656913,-0.09838924,0.04382160,-0.10357771,0.00274753,0.00518847,0.00587105
89.774473,0.03812459,-0.09892141,0.03508574,-0.10449760,0.00303885,0.00557619,0.00635048
89.794465,0.02966652,-0.09934736,0.02556613,-0.10240788,0.00410039,0.00306052,0.00511663
89.814503,0.02119790,-0.09966696,0.01605685,-0.09983687,0.00514105,0.00016991,0.00514386
89.834461,0.01272176,-0.09988009,0.00709315,-0.09939149,0.00562861,-0.00048860,0.00564978
89.854467,0.00424109,-0.09998668,-0.00204368,-0.09764872,0.00628477,-0.00233796,0.00670554
89.874435,-0.00424109,-0.09998668,-0.01037591,-0.09892774,0.00613482,-0.00105894,0.00622554
89.894389,-0.01272176,-0.09988009,-0.01922382,-0.09804169,0.00650206,-0.00183840,0.00675696
89.914400,-0.02119790,-0.09966696,-0.02805196,-0.09724170,0.00685406,-0.00242526,0.00727049
89.934462,-0.02966652,-0.09934736,-0.03671349,-0.09698177,0.00704697,-0.00236559,0.00743342
89.954658,-0.03812459,-0.09892141,-0.04542965,-0.09587883,0.00730506,-0.00304258,0.00791335
89.974042,-0.04656913,-0.09838924,-0.05420382,-0.09441457,0.00763469,-0.00397467,0.00860735
89.994561,-0.05499711,-0.09775107,-0.06249698,-0.09408340,0.00749987,-0.00366767,0.00834864
90.014429,-0.06340555,-0.09700710,-0.07145092,-0.09111903,0.00804537,-0.00588807,0.00996983
90.034524,-0.07179147,-0.09615760,-0.08030595,-0.08827734,0.00851448,-0.00788026,0.01160150
90.054438,-0.08015188,-0.09520289,-0.08840353,-0.08802701,0.00825165,-0.00717588,0.01093541
90.074436,-0.08848381,-0.09414329,-0.09662690,-0.08623496,0.00814309,-0.00790833,0.01135128
90.094471,-0.09678431,-0.09297918,-0.10507544,-0.08358862,0.00829113,-0.00939056,0.01252699
90.114493,-0.10505041,-0.09171098,-0.11284171,-0.08317231,0.00779130,-0.00853867,0.01155912
90.134544,-0.11327920,-0.09033913,-0.12078142,-0.08133700,0.00750222,-0.00900213,0.01171844
90.154352,-0.12146773,-0.08886413,-0.12886263,-0.07832820,0.00739490,-0.01053593,0.01287207
90.174541,-0.12961311,-0.08728649,-0.13739329,-0.07243226,0.00778018,-0.01485423,0.01676841
90.194502,-0.13771244,-0.08560679,-0.14433851,-0.07227701,0.00662607,-0.01332978,0.01488583
90.214486,-0.14576284,-0.08382561,-0.15130677,-0.07188437,0.00554393,-0.01194124,0.01316542
90.234474,-0.15376145,-0.08194359,-0.15844163,-0.07080315,0.00468018,-0.01114044,0.01208361
90.254504,-0.16170543,-0.07996139,-0.16623446,-0.06702325,0.00452903,-0.01293814,0.01370794
90.274430,-0.16959195,-0.07787973,-0.17335556,-0.06531971,0.00376361,-0.01256002,0.01311179
90.294473,-0.17741823,-0.07569933,-0.18074687,-0.06250997,0.00332864,-0.01318936,0.01360291
90.314446,-0.18518146,-0.07342098,-0.18847347,-0.05810259,0.00329201,-0.01531839,0.01566814
90.334534,-0.19287890,-0.07104549,-0.19562559,-0.05617851,0.00274669,-0.01486698,0.01511857
90.354479,-0.20050782,-0.06857369,-0.20283394,-0.05357242,0.00232612,-0.01500127,0.01518054
90.374494,-0.20806549,-0.06600648,-0.20994193,-0.05089647,0.00187644,-0.01511001,0.01522607
90.394490,-0.21554924,-0.06334475,-0.21730408,-0.04726918,0.00175484,-0.01607557,0.01617107
90.414500,-0.22295640,-0.06058945,-0.22419312,-0.04458809,0.00123672,-0.01600136,0.01604908
90.434357,-0.23028435,-0.05774157,-0.23087806,-0.04188957,0.00059371,-0.01585200,0.01586312
90.454426,-0.23753048,-0.05480212,-0.23758466,-0.03863738,0.00005418,-0.01616474,0.01616483
90.474446,-0.24469222,-0.05177214,-0.24489818,-0.03294768,0.00020596,-0.01882446,0.01882558
90.494421,-0.25176702,-0.04865270,-0.25070263,-0.03244540,-0.00106439,-0.01620730,0.01624221
90.514436,-0.25875236,-0.04544492,-0.25699796,-0.03019647,-0.00175440,-0.01524845,0.01534904
90.535003,-0.26564578,-0.04214993,-0.26273108,-0.03048674,-0.00291470,-0.01166319,0.01202187
90.554964,-0.27244481,-0.03876890,-0.26905209,-0.02814749,-0.00339272,-0.01062141,0.01115010
90.574527,-0.27914704,-0.03530305,-0.27530896,-0.02628449,-0.00383808,-0.00901856,0.00980129
90.594277,-0.28575009,-0.03175359,-0.28202622,-0.02236993,-0.00372387,-0.00938366,0.01009556
90.614365,-0.29225162,-0.02812179,-0.28907265,-0.01691839,-0.00317897,-0.01120340,0.01164569
90.634217,-0.29864931,-0.02440894,-0.29525405,-0.01422674,-0.00339526,-0.01018220,0.01073336
90.654194,-0.30494090,-0.02061636,-0.30127768,-0.01151144,-0.00366322,-0.00910492,0.00981421
90.674254,-0.31112414,-0.01674539,-0.30677695,-0.01014743,-0.00434719,-0.00659796,0.00790134
90.694344,-0.31719683,-0.01279742,-0.31204376,-0.00878899,-0.00515307,-0.00400843,0.00652853
90.714635,-0.32315683,-0.00877384,-0.31834149,-0.00353078,-0.00481534,-0.00524306,0.00711879
90.734495,-0.32900202,-0.00467608,-0.32407842,0.00009578,-0.00492360,-0.00477186,0.00685657
90.754164,-0.33473031,-0.00050561,-0.33027152,0.00550383,-0.00445879,-0.00600944,0.00748292
90.774466,-0.34033967,0.00373611,-0.33553731,0.00719151,-0.00480236,-0.00345540,0.00591629
90.794507,-0.34582811,0.00804756,-0.34047204,0.00764253,-0.00535607,0.00040503,0.00537136
90.814435,-0.35119368,0.01242720,-0.34613895,0.01151869,-0.00505473,0.00090851,0.00513573
90.834252,-0.35643448,0.01687349,-0.35089826,0.01189204,-0.00553622,0.00498145,0.00744745
90.854423,-0.36154863,0.02138485,-0.35643752,0.01546661,-0.00511111,0.00591824,0.00781978
90.874461,-0.36653433,0.02595966,-0.36259033,0.02214680,-0.00394400,0.00381286,0.00548571
90.894464,-0.37138980,0.03059631,-0.36746821,0.02459023,-0.00392159,0.00600608,0.00717300
90.914774,-0.37611331,0.03529315,-0.37235743,0.02776946,-0.00375588,0.00752369,0.00840907
90.934655,-0.38070320,0.04004851,-0.37772188,0.03286643,-0.00298132,0.00718208,0.00777628
90.954895,-0.38515782,0.04486070,-0.38241715,0.03611288,-0.00274067,0.00874782,0.00916710
90.974413,-0.38947560,0.04972801,-0.38732503,0.04065083,-0.00215057,0.00907718,0.00932846
90.994356,-0.39365500,0.05464871,-0.39267751,0.04710551,-0.00097749,0.00754320,0.00760627
91.014302,-0.39769453,0.05962106,-0.39699857,0.04954363,-0.00069596,0.01007743,0.01010143
91.034325,-0.40159277,0.06464327,-0.40167016,0.05379871,0.00007739,0.01084456,0.01084483
91.054381,-0.40534832,0.06971359,-0.40650237,0.05895437,0.00115405,0.01075922,0.01082093
91.074427,-0.40895986,0.07483019,-0.41104432,0.06373266,0.00208446,0.01109753,0.01129159
91.094627,-0.41242609,0.07999126,-0.41493049,0.06619451,0.00250440,0.01379675,0.01402221
91.114906,-0.41574579,0.08519497,-0.41830990,0.06726413,0.00256411,0.01793084,0.01811325
91.134467,-0.41891778,0.09043947,-0.42262883,0.07237491,0.00371105,0.01806456,0.01844180
91.154234,-0.42194092,0.09572290,-0.42640629,0.07679529,0.00446537,0.01892761,0.01944721
91.174313,-0.42481416,0.10104338,-0.43014824,0.08178829,0.00533408,0.01925509,0.01998026
91.194361,-0.42753646,0.10639901,-0.43434141,0.08860963,0.00680495,0.01778938,0.01904650
91.214452,-0.43010686,0.11178790,-0.43727149,0.09133052,0.00716463,0.02045738,0.02167571
91.234517,-0.43252444,0.11720814,-0.44014477,0.09451891,0.00762033,0.02268923,0.02393471
91.254633,-0.43478835,0.12265778,-0.44270092,0.09770495,0.00791257,0.02495283,0.02617733
91.274456,-0.43689778,0.12813491,-0.44510890,0.10182488,0.00821112,0.02631003,0.02756157
91.294752,-0.43885198,0.13363757,-0.44879908,0.11164257,0.00994710,0.02199500,0.02413969
91.314848,-0.44065026,0.13916381,-0.45093048,0.11606808,0.01028022,0.02309573,0.02528034
91.334434,-0.44229199,0.14471167,-0.45311356,0.12100674,0.01082157,0.02370493,0.02605821
91.354462,-0.44377656,0.15027916,-0.45548739,0.12759244,0.01171083,0.02268672,0.02553097
91.374638,-0.44510347,0.15586433,-0.45714363,0.13194706,0.01204016,0.02391727,0.02677688
91.394553,-0.44627223,0.16146517,-0.45869605,0.13592923,0.01242382,0.02553594,0.02839780
91.414399,-0.44728243,0.16707971,-0.45984666,0.13945780,0.01256423,0.02762191,0.03034518
91.434404,-0.44813372,0.17270594,-0.46150170,0.14624808,0.01336798,0.02645786,0.02964324
91.454444,-0.44882578,0.17834187,-0.46298647,0.15367248,0.01416069,0.02466939,0.02844475
91.474595,-0.44935838,0.18398549,-0.46386254,0.15991056,0.01450416,0.02407493,0.02810645
91.494525,-0.44973133,0.18963481,-0.46372467,0.16342811,0.01399334,0.02620670,0.02970866
91.514499,-0.44994448,0.19528780,-0.46485069,0.17271650,0.01490621,0.02257130,0.02704920
91.534473,-0.44999778,0.20094248,-0.46443174,0.17719735,0.01443396,0.02374513,0.02778795
91.554373,-0.44989119,0.20659681,-0.46457086,0.18565348,0.01467967,0.02094333,0.02557568
91.574354,-0.44962476,0.21224881,-0.46343180,0.19052187,0.01380704,0.02172694,0.02574285
91.594406,-0.44919858,0.21789645,-0.46208511,0.19529358,0.01288653,0.02260287,0.02601831
91.614455,-0.44861280,0.22353773,-0.46139227,0.20353922,0.01277947,0.01999851,0.02373300
91.634492,-0.44786763,0.22917065,-0.45973947,0.20877067,0.01187184,0.02039998,0.02360296
91.653997,-0.44696334,0.23479320,-0.45816127,0.21512349,0.01119793,0.01966971,0.02263385
91.674427,-0.44590024,0.24040340,-0.45630266,0.22152310,0.01040242,0.01888030,0.02155635
91.694496,-0.44467871,0.24599924,-0.45448075,0.22883597,0.00980204,0.01716327,0.01976506
91.714486,-0.44329920,0.25157873,-0.45306447,0.23855533,0.00976527,0.01302340,0.01627788
91.734559,-0.44176218,0.25713990,-0.45122932,0.24716235,0.00946714,0.00997755,0.01375421
91.754405,-0.44006820,0.26268077,-0.44839146,0.25210429,0.00832326,0.01057648,0.01345877
91.774464,-0.43821787,0.26819936,-0.44594755,0.25948632,0.00772968,0.00871304,0.01164754
91.794422,-0.43621185,0.27369373,-0.44358937,0.26795749,0.00737752,0.00573624,0.00934517
91.814432,-0.43405084,0.27916191,-0.43990623,0.27127591,0.00585539,0.00788600,0.00982215
91.834482,-0.43173561,0.28460197,-0.43726120,0.27879731,0.00552559,0.00580466,0.00801413
91.854420,-0.42926699,0.29001197,-0.43419545,0.28529736,0.00492846,0.00471461,0.00682036
91.874504,-0.42664586,0.29538999,-0.43107527,0.29226888,0.00442941,0.00312111,0.00541858
91.894432,-0.42387314,0.30073412,-0.42746032,0.29780784,0.00358718,0.00292628,0.00462936
91.914477,-0.42094981,0.30604245,-0.42371283,0.30359353,0.00276302,0.00244892,0.00369208
91.934380,-0.41787693,0.31131311,-0.42026590,0.31108720,0.00238897,0.00022591,0.00239962
91.954363,-0.41465558,0.31654422,-0.41622831,0.31712290,0.00157273,-0.00057868,0.00167581
91.974411,-0.41128690,0.32173393,-0.41227303,0.32370808,0.00098613,-0.00197415,0.00220675
91.994398,-0.40777209,0.32688038,-0.40795525,0.32966027,0.00018316,-0.00277989,0.00278592
92.014470,-0.40411241,0.33198175,-0.40327892,0.33444283,-0.00083349,-0.00246108,0.00259839
92.034438,-0.40030914,0.33703623,-0.39947830,0.34258747,-0.00083084,-0.00555124,0.00561307
92.054460,-0.39636365,0.34204202,-0.39506664,0.34797367,-0.00129701,-0.00593165,0.00607180
92.074498,-0.39227733,0.34699735,-0.39047577,0.35277547,-0.00180156,-0.00577812,0.00605246
92.094484,-0.38805164,0.35190044,-0.38640105,0.35992467,-0.00165059,-0.00802423,0.00819224
92.114580,-0.38368807,0.35674957,-0.38174943,0.36580845,-0.00193864,-0.00905888,0.00926400
92.134568,-0.37918819,0.36154300,-0.37732430,0.37276753,-0.00186389,-0.01122453,0.01137823
92.154165,-0.37455357,0.36627904,-0.37212620,0.37696079,-0.00242737,-0.01068175,0.01095408
92.174377,-0.36978588,0.37095600,-0.36802133,0.38530560,-0.00176455,-0.01434960,0.01445768
92.194450,-0.36488681,0.37557223,-0.36299606,0.39020897,-0.00189075,-0.01463674,0.01475835
92.214462,-0.35985810,0.38012607,-0.35793493,0.39459467,-0.00192317,-0.01446860,0.01459585
92.234473,-0.35470153,0.38461591,-0.35275898,0.39903777,-0.00194255,-0.01442186,0.01455210
92.254958,-0.34941893,0.38904016,-0.34742331,0.40341281,-0.00199562,-0.01437265,0.01451053
92.274603,-0.34401219,0.39339725,-0.34198669,0.40813664,-0.00202550,-0.01473939,0.01487791
92.294500,-0.33848322,0.39768562,-0.33681007,0.41416736,-0.00167315,-0.01648174,0.01656645
92.314492,-0.33283399,0.40190375,-0.33078203,0.41753252,-0.00205196,-0.01562877,0.01576289
92.334408,-0.32706651,0.40605015,-0.32490030,0.42100220,-0.00216621,-0.01495205,0.01510815
92.354412,-0.32118282,0.41012335,-0.31899068,0.42444169,-0.00219214,-0.01431834,0.01448518
92.374429,-0.31518502,0.41412188,-0.31309131,0.42776850,-0.00209371,-0.01364662,0.01380629
92.394437,-0.30907523,0.41804434,-0.30710188,0.43088894,-0.00197335,-0.01284460,0.01299530
92.414411,-0.30285563,0.42188933,-0.30160890,0.43609644,-0.00124673,-0.01420711,0.01426170
92.434428,-0.29652843,0.42565548,-0.29583435,0.44002166,-0.00069408,-0.01436618,0.01438293
92.454513,-0.29009587,0.42934146,-0.28994373,0.44334068,-0.00015214,-0.01399922,0.01400005
92.474459,-0.28356024,0.43294595,-0.28415862,0.44805655,0.00059838,-0.01511060,0.01512244
92.494498,-0.27692387,0.43646768,-0.27831468,0.45234131,0.00139081,-0.01587363,0.01593444
92.514427,-0.27018910,0.43990540,-0.27269896,0.45769027,0.00250986,-0.01778487,0.01796110
92.534415,-0.26335834,0.44325787,-0.26589892,0.45836819,0.00254058,-0.01511032,0.01532241
92.554446,-0.25643401,0.44652392,-0.25967821,0.46149164,0.00324420,-0.01496772,0.01531527
92.574441,-0.24941857,0.44970238,-0.25285438,0.46232784,0.00343581,-0.01262546,0.01308461
92.594426,-0.24231451,0.45279212,-0.24605450,0.46265389,0.00373999,-0.00986177,0.01054713
92.614418,-0.23512435,0.45579205,-0.23966973,0.46497358,0.00454538,-0.00918153,0.01024505
92.634409,-0.22785066,0.45870109,-0.23306089,0.46673650,0.00521023,-0.00803541,0.00957676
92.654541,-0.22049602,0.46151822,-0.22660601,0.46891376,0.00610999,-0.00739554,0.00959302
92.674430,-0.21306303,0.46424243,-0.21902422,0.46686330,0.00596119,-0.00262087,0.00651189
92.694457,-0.20555435,0.46687276,-0.21236838,0.46869049,0.00681403,-0.00181773,0.00705232
92.714436,-0.19797263,0.46940827,-0.20624099,0.47311195,0.00826836,-0.00370368,0.00905997
92.734407,-0.19032057,0.47184806,-0.19877297,0.47317604,0.00845240,-0.00132798,0.00855608
92.754492,-0.18260089,0.47419127,-0.19132885,0.47382331,0.00872796,0.00036796,0.00873571
92.774447,-0.17481634,0.47643705,-0.18413955,0.47598984,0.00932321,0.00044721,0.00933393
92.794429,-0.16696967,0.47858462,-0.17662656,0.47795827,0.00965689,0.00062635,0.00967718
92.814464,-0.15906368,0.48063321,-0.16914736,0.48067015,0.01008368,-0.00003694,0.01008374
92.834745,-0.15110118,0.48258209,-0.16142392,0.48257130,0.01032274,0.00001079,0.01032275
92.854306,-0.14308499,0.48443057,-0.15344183,0.48290933,0.01035684,0.00152124,0.01046797
92.874495,-0.13501796,0.48617800,-0.14552674,0.48329842,0.01050878,0.00287958,0.01089617
92.894459,-0.12690296,0.48782374,-0.13737044,0.48374182,0.01046748,0.00408192,0.01123522
92.914195,-0.11874287,0.48936723,-0.12942337,0.48506982,0.01068050,0.00429741,0.01151264
92.934408,-0.11054060,0.49080790,-0.12077416,0.48393033,0.01023356,0.00687757,0.01232992
92.954431,-0.10229905,0.49214525,-0.11218566,0.48322527,0.00988661,0.00891998,0.01331582
92.974401,-0.09402115,0.49337880,-0.10421415,0.48469414,0.01019300,0.00868466,0.01339106
92.994451,-0.08570985,0.49450812,-0.09593642,0.48554277,0.01022657,0.00896535,0.01360001
93.014399,-0.07736810,0.49553280,-0.08778530,0.48761080,0.01041720,0.00792200,0.01308726
93.034887,-0.06899885,0.49645248,-0.07887633,0.48714907,0.00987748,0.00930341,0.01356901
93.054480,-0.06060510,0.49726683,-0.07007442,0.48732312,0.00946932,0.00994371,0.01373119
93.074423,-0.05218981,0.49797556,-0.06103418,0.48587237,0.00884437,0.01210319,0.01499034
93.094351,-0.04375597,0.49857842,-0.05184085,0.48410339,0.00808488,0.01447503,0.01657986
93.114251,-0.03530659,0.49907520,-0.04304179,0.48350607,0.00773520,0.01556913,0.01738480
93.134450,-0.02684467,0.49946572,-0.03375275,0.48156266,0.00690808,0.01790306,0.01918961
93.154811,-0.01837321,0.49974984,-0.02502281,0.48227255,0.00664960,0.01747729,0.01869954
93.174453,-0.00989522,0.49992746,-0.01536076,0.47986654,0.00546554,0.02006092,0.02079213
93.194416,-0.00141371,0.49999852,-0.00692904,0.48225622,0.00551533,0.01774230,0.01857978
93.214468,0.00706829,0.49996299,0.00258226,0.48085874,0.00448603,0.01910425,0.01962389
93.234487,0.01554779,0.49982088,0.01189708,0.48060424,0.00365071,0.01921664,0.01956034
93.254315,0.02402176,0.49957225,0.02168201,0.47839562,0.00233975,0.02117663,0.02130550
93.274466,0.03248720,0.49921719,0.03103084,0.47760955,0.00145636,0.02160764,0.02165666
93.294316,0.04094109,0.49875581,0.03999201,0.47871411,0.00094908,0.02004170,0.02006416
93.314463,0.04938044,0.49818829,0.04915527,0.47883816,0.00022517,0.01935013,0.01935144
93.334410,0.05780224,0.49751482,0.05854137,0.47789910,-0.00073913,0.01961572,0.01962964
93.354429,0.06620351,0.49673564,0.06765405,0.47802158,-0.00145054,0.01871406,0.01877019
93.374398,0.07458126,0.49585104,0.07675736,0.47817976,-0.00217610,0.01767128,0.01780476
93.394385,0.08293250,0.49486132,0.08628060,0.47643282,-0.00334810,0.01842850,0.01873017
93.414547,0.09125428,0.49376684,0.09575230,0.47422769,-0.00449802,0.01953915,0.02005020
93.434532,0.09954364,0.49256799,0.10430483,0.47562162,-0.00476119,0.01694637,0.01760252
93.454463,0.10779763,0.49126519,0.11317335,0.47578326,-0.00537572,0.01548193,0.01638868
93.474455,0.11601332,0.48985890,0.12216557,0.47500240,-0.00615225,0.01485650,0.01607998
93.494444,0.12418780,0.48834963,0.13057252,0.47571383,-0.00638472,0.01263580,0.01415726
93.514423,0.13231815,0.48673790,0.13965767,0.47286553,-0.00733952,0.01387237,0.01569431
93.534396,0.14040148,0.48502431,0.14793936,0.47253419,-0.00753788,0.01249012,0.01458845
93.554479,0.14843494,0.48320944,0.15640142,0.47123031,-0.00796648,0.01197913,0.01438625
93.574499,0.15641565,0.48129395,0.16492543,0.46930157,-0.00850978,0.01199238,0.01470488
93.594436,0.16434079,0.47927852,0.17301360,0.46845970,-0.00867281,0.01081882,0.01386595
93.614458,0.17220754,0.47716386,0.18100514,0.46720346,-0.00879760,0.00996040,0.01328937
93.634490,0.18001311,0.47495073,0.18781900,0.47014846,-0.00780589,0.00480227,0.00916481
93.654456,0.18775472,0.47263990,0.19643614,0.46654684,-0.00868142,0.00609306,0.01060625
93.674457,0.19542962,0.47023222,0.20438038,0.46530120,-0.00895076,0.00493102,0.01021916
93.694426,0.20303509,0.46772851,0.21170035,0.46613562,-0.00866526,0.00159289,0.00881045
93.714419,0.21056842,0.46512969,0.21996942,0.46221285,-0.00940100,0.00291684,0.00984311
93.734408,0.21802693,0.46243667,0.22787703,0.45829305,-0.00985010,0.00414362,0.01068616
93.754182,0.22540798,0.45965040,0.23515637,0.45591752,-0.00974839,0.00373288,0.01043866
93.774396,0.23270895,0.45677188,0.24195438,0.45459457,-0.00924543,0.00217731,0.00949835
93.794806,0.23992723,0.45380213,0.24862745,0.45345958,-0.00870022,0.00034255,0.00870696
93.814569,0.24706027,0.45074221,0.25487075,0.45398592,-0.00781048,-0.00324371,0.00845726
93.834470,0.25410553,0.44759320,0.26154711,0.45163107,-0.00744158,-0.00403787,0.00846650
93.854471,0.26106050,0.44435622,0.26834071,0.44787846,-0.00728021,-0.00352224,0.00808749
93.874412,0.26792273,0.44103242,0.27486996,0.44367168,-0.00694723,-0.00263926,0.00743166
93.894288,0.27468976,0.43762298,0.28016333,0.44385981,-0.00547357,-0.00623683,0.00829808
93.914325,0.28135920,0.43412912,0.28590515,0.44213408,-0.00454595,-0.00800496,0.00920570
93.934347,0.28792867,0.43055208,0.29176185,0.43859801,-0.00383318,-0.00804593,0.00891237
93.954418,0.29439584,0.42689311,0.29731683,0.43625159,-0.00292099,-0.00935848,0.00980374
93.974393,0.30075841,0.42315354,0.30286357,0.43391622,-0.00210516,-0.01076268,0.01096663
93.994987,0.30701412,0.41933468,0.30821171,0.43235515,-0.00119759,-0.01302047,0.01307543
94.014963,0.31316076,0.41543789,0.31403817,0.42849243,-0.00087741,-0.01305454,0.01308399
94.034443,0.31919613,0.41146456,0.31944958,0.42549843,-0.00025345,-0.01403387,0.01403616
94.054374,0.32511809,0.40741609,0.32468715,0.42363078,0.00043094,-0.01621469,0.01622041
94.074293,0.33092454,0.40329393,0.32981675,0.42181865,0.00110779,-0.01852472,0.01855782
94.094352,0.33661341,0.39909954,0.33528748,0.41769468,0.00132593,-0.01859514,0.01864235
94.114346,0.34218268,0.39483441,0.34046679,0.41302855,0.00171589,-0.01819414,0.01827488
94.134360,0.34763038,0.39050006,0.34499740,0.41045507,0.00263298,-0.01995501,0.02012796
94.154447,0.35295457,0.38609803,0.35003041,0.40507636,0.00292416,-0.01897833,0.01920228
94.174470,0.35815336,0.38162987,0.35469164,0.40135816,0.00346172,-0.01972829,0.02002970
94.194412,0.36322489,0.37709718,0.35952628,0.39671588,0.00369861,-0.01961870,0.01996430
94.214440,0.36816737,0.37250158,0.36416858,0.39172448,0.00399879,-0.01922290,0.01963441
94.234203,0.37297905,0.36784468,0.36773800,0.39024920,0.00524105,-0.02240452,0.02300937
94.254132,0.37765820,0.36312814,0.37203090,0.38650647,0.00562730,-0.02337833,0.02404606
94.274366,0.38220318,0.35835365,0.37608555,0.38412688,0.00611763,-0.02577323,0.02648933
94.294296,0.38661236,0.35352290,0.38074783,0.37953148,0.00586453,-0.02600858,0.02666156
94.314374,0.39088418,0.34863760,0.38558141,0.37438825,0.00530277,-0.02575065,0.02629098
94.334408,0.39501712,0.34369949,0.38996252,0.37071942,0.00505460,-0.02701993,0.02748864
94.354484,0.39900972,0.33871033,0.39467425,0.36509586,0.00433547,-0.02638553,0.02673935
94.374630,0.40286054,0.33367188,0.39916447,0.35999070,0.00369607,-0.02631882,0.02657708
94.394562,0.40656823,0.32858594,0.40389578,0.35334205,0.00267245,-0.02475611,0.02489994
94.414534,0.41013147,0.32345431,0.40808087,0.34800132,0.00205060,-0.02454701,0.02463251
94.434384,0.41354900,0.31827882,0.41230926,0.34187170,0.00123974,-0.02359288,0.02362543
94.454344,0.41681959,0.31306130,0.41648157,0.33499749,0.00033802,-0.02193619,0.02193879
94.474359,0.41994208,0.30780362,0.41957755,0.33149010,0.00036453,-0.02368648,0.02368928
94.494377,0.42291538,0.30250763,0.42314158,0.32501268,-0.00022620,-0.02250505,0.02250618
94.514241,0.42573841,0.29717523,0.42606183,0.32037817,-0.00032342,-0.02320294,0.02320520
94.534369,0.42841018,0.29180829,0.42963611,0.31245369,-0.00122593,-0.02064540,0.02068177
94.554518,0.43092974,0.28640874,0.43231835,0.30718539,-0.00138861,-0.02077665,0.02082300
94.574410,0.43329619,0.28097849,0.43500748,0.30132806,-0.00171129,-0.02034957,0.02042140
94.594393,0.43550870,0.27551946,0.43771035,0.29443345,-0.00220165,-0.01891399,0.01904170
94.614455,0.43756646,0.27003361,0.44007037,0.28902781,-0.00250391,-0.01899420,0.01915853
94.634335,0.43946877,0.26452287,0.44291537,0.28153719,-0.00344660,-0.01701432,0.01735990
94.654312,0.44121493,0.25898921,0.44562006,0.27389986,-0.00440513,-0.01491065,0.01554775
94.674261,0.44280433,0.25343459,0.44744788,0.26882808,-0.00464355,-0.01539349,0.01607863
94.694437,0.44423641,0.24786098,0.44952098,0.26231904,-0.00528457,-0.01445806,0.01539358
94.714426,0.44551065,0.24227037,0.45137115,0.25565406,-0.00586050,-0.01338369,0.01461056
94.734463,0.44662660,0.23666474,0.45274351,0.25010397,-0.00611691,-0.01343923,0.01476582
94.754072,0.44758387,0.23104608,0.45449334,0.24230154,-0.00690947,-0.01125546,0.01320705
94.774947,0.44838211,0.22541640,0.45577843,0.23571960,-0.00739632,-0.01030320,0.01268311
94.794867,0.44902104,0.21977768,0.45698408,0.22877596,-0.00796304,-0.00899828,0.01201578
94.814527,0.44950044,0.21413194,0.45820951,0.22097679,-0.00870907,-0.00684485,0.01107700
94.834320,0.44982014,0.20848117,0.45862937,0.21546804,-0.00880923,-0.00698687,0.01124362
94.854162,0.44998001,0.20282739,0.45928031,0.20858345,-0.00930030,-0.00575606,0.01093745
94.874386,0.44998001,0.19717261,0.46010072,0.20010036,-0.01012071,-0.00292775,0.01053568
94.894324,0.44982014,0.19151883,0.46055422,0.19204637,-0.01073408,-0.00052754,0.01074704
94.914463,0.44950044,0.18586806,0.46125130,0.18302848,-0.01175086,0.00283958,0.01208909
94.934462,0.44902104,0.18022232,0.46085951,0.17749222,-0.01183847,0.00273010,0.01214919
94.954425,0.44838211,0.17458360,0.46128800,0.16810341,-0.01290589,0.00648019,0.01444143
94.974965,0.44758387,0.16895392,0.46120195,0.15994009,-0.01361808,0.00901383,0.01633100
94.994482,0.44662660,0.16333526,0.45987901,0.15582265,-0.01325241,0.00751261,0.01523370
95.014523,0.44551065,0.15772963,0.45823366,0.15210905,-0.01272301,0.00562058,0.01390920
95.034259,0.44423641,0.15213902,0.45712497,0.14538477,-0.01288856,0.00675425,0.01455112
95.054196,0.44280433,0.14656541,0.45611604,0.13726645,-0.01331171,0.00929896,0.01623798
95.074419,0.44121493,0.14101079,0.45453171,0.13041250,-0.01331678,0.01059829,0.01701941
95.094365,0.43946877,0.13547713,0.45254839,0.12440817,-0.01307962,0.01106896,0.01713471
95.114412,0.43756646,0.12996639,0.45024510,0.11885171,-0.01267864,0.01111468,0.01686072
95.134410,0.43550870,0.12448054,0.44765764,0.11341823,-0.01214894,0.01106231,0.01643081
95.154478,0.43329619,0.11902151,0.44485763,0.10752417,-0.01156144,0.01149734,0.01630508
95.174700,0.43092974,0.11359126,0.44166898,0.10290446,-0.01073924,0.01068680,0.01515054
95.194265,0.42841018,0.10819171,0.43917936,0.09479489,-0.01076918,0.01339682,0.01718866
95.214344,0.42573841,0.10282477,0.43588806,0.08892696,-0.01014965,0.01389781,0.01720944
95.234255,0.42291538,0.09749237,0.43284472,0.08175649,-0.00992934,0.01573588,0.01860671
95.254269,0.41994208,0.09219638,0.42940043,0.07608964,-0.00945835,0.01610674,0.01867853
95.274424,0.41681959,0.08693870,0.42567515,0.07173743,-0.00885556,0.01520127,0.01759260
95.294403,0.41354900,0.08172118,0.42191400,0.06697584,-0.00836500,0.01474534,0.01695282
95.314425,0.41013147,0.07654569,0.41797690,0.06231638,-0.00784543,0.01422931,0.01624882
95.334812,0.40656823,0.07141406,0.41392500,0.05733089,-0.00735677,0.01408317,0.01588892
95.354907,0.40286054,0.06632812,0.40979617,0.05220537,-0.00693563,0.01412275,0.01573388
95.374407,0.39900972,0.06128967,0.40581655,0.04592338,-0.00680683,0.01536629,0.01680642
95.394443,0.39501712,0.05630051,0.40179038,0.03913432,-0.00677326,0.01716619,0.01845413
95.414205,0.39088418,0.05136240,0.39641304,0.03704233,-0.00552886,0.01432007,0.01535033
95.434337,0.38661236,0.04647710,0.39196508,0.03092125,-0.00535272,0.01555585,0.01645102
95.454711,0.38220318,0.04164635,0.38593154,0.03026394,-0.00372836,0.01138241,0.01197748
95.474228,0.37765820,0.03687186,0.38103249,0.02528785,-0.00337429,0.01158401,0.01206545
95.494417,0.37297905,0.03215532,0.37594966,0.02046810,-0.00297061,0.01168722,0.01205884
95.514411,0.36816737,0.02749842,0.37034245,0.01642223,-0.00217508,0.01107619,0.01128773
95.535097,0.36322489,0.02290282,0.36525808,0.01038597,-0.00203319,0.01251685,0.01268091
95.555001,0.35815336,0.01837013,0.36022425,0.00396857,-0.00207089,0.01440156,0.01454969
95.574445,0.35295457,0.01390197,0.35433393,0.00073567,-0.00137936,0.01316630,0.01323836
95.594237,0.34763038,0.00949994,0.34778556,-0.00002178,-0.00015518,0.00952172,0.00952299
95.614206,0.34218268,0.00516559,0.34199118,-0.00427385,0.00019150,0.00943944,0.00944139
95.634855,0.33661341,0.00090046,0.33565793,-0.00657554,0.00095548,0.00747600,0.00753681
95.654379,0.33092454,-0.00329393,0.32941338,-0.00944037,0.00151116,0.00614644,0.00632948
95.674255,0.32511809,-0.00741609,0.32313780,-0.01294393,0.00198029,0.00552784,0.00587185
95.694298,0.31919613,-0.01146456,0.31759140,-0.01929158,0.00160473,0.00782702,0.00798983
95.714391,0.31316076,-0.01543789,0.31117596,-0.02213314,0.00198480,0.00669525,0.00698325
95.734438,0.30701412,-0.01933468,0.30411073,-0.02253187,0.00290339,0.00319719,0.00431876
95.754421,0.30075841,-0.02315354,0.29740585,-0.02435865,0.00335256,0.00120511,0.00356258
95.774376,0.29439584,-0.02689311,0.29109945,-0.02749027,0.00329639,0.00059716,0.00335004
95.794232,0.28792867,-0.03055208,0.28400944,-0.02789292,0.00391923,-0.00265916,0.00473619
95.814318,0.28135920,-0.03412912,0.27815939,-0.03315335,0.00319981,-0.00097577,0.00334528
95.834399,0.27468976,-0.03762298,0.27155312,-0.03572379,0.00313664,-0.00189919,0.00366680
95.854368,0.26792273,-0.04103242,0.26527444,-0.03927052,0.00264829,-0.00176190,0.00318084
95.874361,0.26106050,-0.04435622,0.25887082,-0.04285194,0.00218968,-0.00150428,0.00265660
95.894407,0.25410553,-0.04759320,0.25157968,-0.04314770,0.00252585,-0.00444550,0.00511297
95.914409,0.24706027,-0.05074221,0.24510593,-0.04702291,0.00195434,-0.00371930,0.00420150
95.934427,0.23992723,-0.05380213,0.23792918,-0.04803656,0.00199805,-0.00576557,0.00610197
95.954425,0.23270895,-0.05677188,0.23059496,-0.04830518,0.00211399,-0.00846670,0.00872662
95.974399,0.22540798,-0.05965040,0.22358362,-0.05022825,0.00182436,-0.00942215,0.00959714
95.994316,0.21802693,-0.06243667,0.21652748,-0.05203628,0.00149945,-0.01040039,0.01050793
96.014299,0.21056842,-0.06512969,0.20988432,-0.05577053,0.00068410,-0.00935916,0.00938412
96.034365,0.20303509,-0.06772851,0.20218168,-0.05513668,0.00085341,-0.01259183,0.01262072
96.054357,0.19542962,-0.07023222,0.19524257,-0.05722435,0.00018705,-0.01300787,0.01300922
96.074360,0.18775472,-0.07263990,0.18869486,-0.06054507,-0.00094014,-0.01209483,0.01213131
96.094536,0.18001311,-0.07495073,0.18079331,-0.05836002,-0.00078020,-0.01659071,0.01660905
96.114447,0.17220754,-0.07716386,0.17382844,-0.05939109,-0.00162090,-0.01777277,0.01784653
96.134392,0.16434079,-0.07927852,0.16709368,-0.06154237,-0.00275289,-0.01773615,0.01794852
96.154312,0.15641565,-0.08129395,0.16014640,-0.06350023,-0.00373075,-0.01779372,0.01818062
96.174273,0.14843494,-0.08320944,0.15284533,-0.06428075,-0.00441039,-0.01892869,0.01943571
96.194325,0.14040148,-0.08502431,0.14614771,-0.06761620,-0.00574623,-0.01740811,0.01833198
96.214365,0.13231815,-0.08673790,0.13907093,-0.06989716,-0.00675278,-0.01684074,0.01814416
96.234429,0.12418780,-0.08834963,0.13134168,-0.07016850,-0.00715388,-0.01818113,0.01953795
96.254394,0.11601332,-0.08985890,0.12436677,-0.07399454,-0.00835345,-0.01586436,0.01792926
96.274792,0.10779763,-0.09126519,0.11674294,-0.07561508,-0.00894531,-0.01565011,0.01802621
96.294668,0.09954364,-0.09256799,0.10786293,-0.07272060,-0.00831929,-0.01984739,0.02152044
96.314470,0.09125428,-0.09376684,0.09946679,-0.07198327,-0.00821251,-0.02178357,0.02328024
96.334439,0.08293250,-0.09486132,0.09110341,-0.07127412,-0.00817091,-0.02358720,0.02496237
96.354437,0.07458126,-0.09585104,0.08369896,-0.07471578,-0.00911770,-0.02113526,0.02301807
96.374307,0.06620351,-0.09673564,0.07528574,-0.07436250,-0.00908223,-0.02237314,0.02414631
96.394288,0.05780224,-0.09751482,0.06707026,-0.07442043,-0.00926802,-0.02309439,0.02488468
96.414370,0.04938044,-0.09818829,0.05903492,-0.07510462,-0.00965448,-0.02308367,0.02502129
96.434388,0.04094109,-0.09875581,0.05090088,-0.07535246,-0.00995979,-0.02340335,0.02543451
96.454440,0.03248720,-0.09921719,0.04265085,-0.07578989,-0.01016365,-0.02342730,0.02553699
96.474509,0.02402176,-0.09957225,0.03391911,-0.07510447,-0.00989735,-0.02446778,0.02639374
96.494829,0.01554779,-0.09982088,0.02559303,-0.07685951,-0.01004524,-0.02296137,0.02506255
96.515228,0.00706829,-0.09996299,0.01742811,-0.07927096,-0.01035982,-0.02069203,0.02314057
96.534469,-0.00141371,-0.09999852,0.00886320,-0.08076517,-0.01027691,-0.01923335,0.02180680
96.554487,-0.00989522,-0.09992746,-0.00007266,-0.08091407,-0.00982256,-0.01901339,0.02140074
96.574434,-0.01837321,-0.09974984,-0.00870969,-0.08185341,-0.00966352,-0.01789643,0.02033878
96.594225,-0.02684467,-0.09946572,-0.01776400,-0.08155394,-0.00908067,-0.01791178,0.02008209
96.614253,-0.03530659,-0.09907520,-0.02707094,-0.08078604,-0.00823565,-0.01828916,0.02005789
96.634299,-0.04375597,-0.09857842,-0.03540977,-0.08388538,-0.00834620,-0.01469304,0.01689806
96.654469,-0.05218981,-0.09797556,-0.04440946,-0.08464702,-0.00778035,-0.01332854,0.01543321
96.674453,-0.06060510,-0.09726683,-0.05359108,-0.08459887,-0.00701402,-0.01266796,0.01448011
96.694515,-0.06899885,-0.09645248,-0.06222135,-0.08693038,-0.00677750,-0.00952210,0.01168781
96.714254,-0.07736810,-0.09553280,-0.07189097,-0.08543182,-0.00547713,-0.01010098,0.01149038
96.734423,-0.08570985,-0.09450812,-0.08131199,-0.08406506,-0.00439786,-0.01044306,0.01133132
96.754389,-0.09402115,-0.09337880,-0.09033088,-0.08407101,-0.00369027,-0.00930779,0.01001264
96.774363,-0.10229905,-0.09214525,-0.10007567,-0.08129915,-0.00222338,-0.01084610,0.01107165
96.794409,-0.11054060,-0.09080790,-0.10873488,-0.08292077,-0.00180572,-0.00788713,0.00809120
96.814404,-0.11874287,-0.08936723,-0.11668388,-0.08735696,-0.00205899,-0.00201027,0.00287761
96.834471,-0.12690296,-0.08782374,-0.12559220,-0.08774417,-0.00131076,-0.00007957,0.00131318
96.854455,-0.13501796,-0.08617800,-0.13459630,-0.08714476,-0.00042166,0.00096676,0.00105472
96.874511,-0.14308499,-0.08443057,-0.14357263,-0.08652314,0.00048764,0.00209257,0.00214863
96.894467,-0.15110118,-0.08258209,-0.15271147,-0.08496620,0.00161029,0.00238411,0.00287698
96.914176,-0.15906368,-0.08063321,-0.16194664,-0.08355663,0.00288296,0.00292342,0.00410583
96.934476,-0.16696967,-0.07858462,-0.17024262,-0.08571645,0.00327295,0.00713183,0.00784698
96.954444,-0.17481634,-0.07643705,-0.17880091,-0.08617989,0.00398457,0.00974284,0.01052615
96.974402,-0.18260089,-0.07419127,-0.18766591,-0.08460447,0.00506502,0.01041320,0.01157969
96.994441,-0.19032057,-0.07184806,-0.19652455,-0.08286469,0.00620398,0.01101663,0.01264340
97.014446,-0.19797263,-0.06940827,-0.20483592,-0.08311972,0.00686329,0.01371145,0.01533326
97.034485,-0.20555435,-0.06687276,-0.21269162,-0.08394005,0.00713727,0.01706729,0.01849954
97.054416,-0.21306303,-0.06424243,-0.22119542,-0.08145461,0.00813239,0.01721218,0.01903668
97.074598,-0.22049602,-0.06151822,-0.22990160,-0.07781827,0.00940558,0.01630005,0.01881905
97.094465,-0.22785066,-0.05870109,-0.23788533,-0.07664400,0.01003467,0.01794291,0.02055827
97.114437,-0.23512435,-0.05579205,-0.24565079,-0.07541590,0.01052644,0.01962385,0.02226884
97.134487,-0.24231451,-0.05279212,-0.25328474,-0.07370067,0.01097023,0.02090855,0.02361172
97.154341,-0.24941857,-0.04970238,-0.26075730,-0.07128286,0.01133873,0.02158048,0.02437794
97.174442,-0.25643401,-0.04652392,-0.26817439,-0.06831587,0.01174038,0.02179195,0.02475330
97.194467,-0.26335834,-0.04325787,-0.27537006,-0.06597956,0.01201172,0.02272169,0.02570130
97.214482,-0.27018910,-0.03990540,-0.28227392,-0.06412738,0.01208482,0.02422198,0.02706930
97.234468,-0.27692387,-0.03646768,-0.28899391,-0.06221392,0.01207004,0.02574624,0.02843510
97.254510,-0.28356024,-0.03294595,-0.29572885,-0.05908601,0.01216861,0.02614006,0.02883362
97.274499,-0.29009587,-0.02934146,-0.30193017,-0.05711662,0.01183430,0.02777516,0.03019123
97.294526,-0.29652843,-0.02565548,-0.30847758,-0.05245142,0.01194915,0.02679594,0.02933947
97.314449,-0.30285563,-0.02188933,-0.31425798,-0.04933429,0.01140235,0.02744496,0.02971935
97.334432,-0.30907523,-0.01804434,-0.32007487,-0.04577799,0.01099964,0.02773365,0.02983534
97.354428,-0.31518502,-0.01412188,-0.32595592,-0.04116054,0.01077090,0.02703866,0.02910501
97.374536,-0.32118282,-0.01012335,-0.33146264,-0.03698632,0.01027982,0.02686297,0.02876271
97.394463,-0.32706651,-0.00605015,-0.33690998,-0.03258603,0.00984347,0.02653588,0.02830277
97.414588,-0.33283399,-0.00190375,-0.34190024,-0.02898909,0.00906625,0.02708534,0.02856243
97.434481,-0.33848322,0.00231438,-0.34768156,-0.02123972,0.00919834,0.02355410,0.02528646
97.454432,-0.34401219,0.00660275,-0.35249627,-0.01587755,0.00848408,0.02248030,0.02402798
97.474632,-0.34941893,0.01095984,-0.35710255,-0.01114460,0.00768362,0.02210444,0.02340180
97.494480,-0.35470153,0.01538409,-0.36108386,-0.00769109,0.00638233,0.02307518,0.02394156
97.514509,-0.35985810,0.01987393,-0.36549306,-0.00208458,0.00563496,0.02195851,0.02267000
97.534430,-0.36488681,0.02442777,-0.36887310,0.00003812,0.00398629,0.02438965,0.02471327
97.554358,-0.36978588,0.02904400,-0.37334046,0.00653595,0.00355458,0.02250805,0.02278700
97.574426,-0.37455357,0.03372096,-0.37744954,0.01256496,0.00289597,0.02115600,0.02135329
97.594382,-0.37918819,0.03845700,-0.38126456,0.01776589,0.00207637,0.02069111,0.02079504
97.614388,-0.38368807,0.04325043,-0.38544367,0.02469498,0.00175560,0.01855545,0.01863832
97.634468,-0.38805164,0.04809956,-0.38867920,0.02841217,0.00062756,0.01968739,0.01969739
97.654888,-0.39227733,0.05300265,-0.39241954,0.03460710,0.00014221,0.01839555,0.01839610
97.674535,-0.39636365,0.05795798,-0.39595345,0.04073624,-0.00041020,0.01722174,0.01722662
97.694486,-0.40030914,0.06296377,-0.39942993,0.04757976,-0.00087921,0.01538401,0.01540911
97.714474,-0.40411241,0.06801825,-0.40337565,0.05655446,-0.00073676,0.01146379,0.01148745
97.734189,-0.40777209,0.07311962,-0.40689245,0.06434705,-0.00087964,0.00877257,0.00881656
97.754442,-0.41128690,0.07826607,-0.40974265,0.06977370,-0.00154425,0.00849237,0.00863163
97.774426,-0.41465558,0.08345578,-0.41179877,0.07221659,-0.00285681,0.01123919,0.01159658
97.794406,-0.41787693,0.08868689,-0.41475515,0.07880656,-0.00312178,0.00988033,0.01036177
97.814487,-0.42094981,0.09395755,-0.41740803,0.08519917,-0.00354178,0.00875838,0.00944741
97.834410,-0.42387314,0.09926588,-0.42096030,0.09519873,-0.00291284,0.00406715,0.00500263
97.854382,-0.42664586,0.10461001,-0.42321701,0.10092275,-0.00342885,0.00368726,0.00503517
97.874462,-0.42926699,0.10998803,-0.42514412,0.10548336,-0.00412287,0.00450467,0.00610656
97.894485,-0.43173561,0.11539803,-0.42802357,0.11395425,-0.00371204,0.00144378,0.00398293
97.914390,-0.43405084,0.12083809,-0.43003813,0.11925812,-0.00401271,0.00157997,0.00431255
97.934402,-0.43621185,0.12630627,-0.43200569,0.12487497,-0.00420616,0.00143130,0.00444302
97.954437,-0.43821787,0.13180064,-0.43433216,0.13229639,-0.00388571,-0.00049575,0.00391720
97.974450,-0.44006820,0.13731923,-0.43636429,0.13933976,-0.00370391,-0.00202053,0.00421918
97.994441,-0.44176218,0.14286010,-0.43831584,0.14605256,-0.00344634,-0.00319246,0.00469777
98.014568,-0.44329920,0.14842127,-0.44033576,0.15309046,-0.00296344,-0.00466919,0.00553022
98.034585,-0.44467871,0.15400076,-0.44199293,0.15876727,-0.00268578,-0.00476651,0.00547110
98.054550,-0.44590024,0.15959660,-0.44409750,0.16666072,-0.00180274,-0.00706412,0.00729052
98.074822,-0.44696334,0.16520680,-0.44632770,0.17584219,-0.00063564,-0.01063539,0.01065436
98.094423,-0.44786763,0.17082935,-0.44765063,0.18243074,-0.00021700,-0.01160139,0.01160342
98.114434,-0.44861280,0.17646227,-0.44855908,0.18807204,-0.00005372,-0.01160977,0.01160989
98.134409,-0.44919858,0.18210355,-0.44912634,0.19209245,-0.00007224,-0.00998890,0.00998916
98.154462,-0.44962476,0.18775119,-0.45061827,0.19973362,0.00099351,-0.01198243,0.01202355
98.174206,-0.44989119,0.19340319,-0.45242277,0.20901784,0.00253158,-0.01561465,0.01581853
98.194467,-0.44999778,0.19905752,-0.45318981,0.21480919,0.00319203,-0.01575167,0.01607185
98.214581,-0.44994448,0.20471220,-0.45310022,0.21760536,0.00315574,-0.01289316,0.01327374
98.234652,-0.44973133,0.21036519,-0.45374913,0.22386276,0.00401780,-0.01349757,0.01408287
98.254484,-0.44935838,0.21601451,-0.45370535,0.22777903,0.00434697,-0.01176452,0.01254193
98.274453,-0.44882578,0.22165813,-0.45424008,0.23468038,0.00541430,-0.01302225,0.01410297
98.294473,-0.44813372,0.22729406,-0.45431186,0.24057732,0.00617814,-0.01328326,0.01464972
98.314485,-0.44728243,0.23292029,-0.45374301,0.24477074,0.00646058,-0.01185045,0.01349712
98.334513,-0.44627223,0.23853483,-0.45387488,0.25234875,0.00760265,-0.01381392,0.01576784
98.354491,-0.44510347,0.24413567,-0.45325151,0.25723391,0.00814804,-0.01309824,0.01542577
98.374430,-0.44377656,0.24972084,-0.45214636,0.26069954,0.00836980,-0.01097870,0.01380526
98.394405,-0.44229199,0.25528833,-0.45110882,0.26547963,0.00881683,-0.01019130,0.01347587
98.414402,-0.44065026,0.26083619,-0.45053934,0.27294351,0.00988908,-0.01210732,0.01563270
98.434438,-0.43885198,0.26636243,-0.44895979,0.27735348,0.01010781,-0.01099105,0.01493221
98.454501,-0.43689778,0.27186509,-0.44778095,0.28391042,0.01088317,-0.01204533,0.01623371
98.474434,-0.43478835,0.27734222,-0.44565664,0.28713784,0.01086829,-0.00979562,0.01463127
98.494361,-0.43252444,0.28279186,-0.44431248,0.29448875,0.01178804,-0.01169689,0.01660648
98.514576,-0.43010686,0.28821210,-0.44176179,0.29851281,0.01165493,-0.01030071,0.01555449
98.534459,-0.42753646,0.29360099,-0.43949289,0.30426438,0.01195643,-0.01066339,0.01602074
98.554479,-0.42481416,0.29895662,-0.43699966,0.30860178,0.01218550,-0.00964516,0.01554076
98.574400,-0.42194092,0.30427710,-0.43438386,0.31293942,0.01244294,-0.00866232,0.01516122
98.594249,-0.41891778,0.30956053,-0.43168294,0.31758257,0.01276516,-0.00802204,0.01507656
98.614737,-0.41574579,0.31480503,-0.42860998,0.32202510,0.01286419,-0.00722007,0.01475184
98.634414,-0.41242609,0.32000874,-0.42539367,0.32707156,0.01296758,-0.00706282,0.01476624
98.654566,-0.40895986,0.32516981,-0.42165729,0.33079879,0.01269743,-0.00562898,0.01388921
98.674054,-0.40534832,0.33028641,-0.41783603,0.33490106,0.01248771,-0.00461465,0.01331307
98.694475,-0.40159277,0.33535673,-0.41393469,0.33919521,0.01234192,-0.00383848,0.01292505
98.714396,-0.39769453,0.34037894,-0.41009900,0.34423728,0.01240447,-0.00385834,0.01299068
98.734409,-0.39365500,0.34535129,-0.40565946,0.34786346,0.01200446,-0.00251217,0.01226451
98.754092,-0.38947560,0.35027199,-0.40104058,0.35085671,0.01156498,-0.00058472,0.01157975
98.774459,-0.38515782,0.35513930,-0.39635932,0.35413869,0.01120150,0.00100061,0.01124610
98.794526,-0.38070320,0.35995149,-0.39145605,0.35818027,0.01075285,0.00177122,0.01089775
98.814572,-0.37611331,0.36470685,-0.38615560,0.36128120,0.01004229,0.00342565,0.01061050
98.834584,-0.37138980,0.36940369,-0.38066104,0.36418482,0.00927124,0.00521887,0.01063920
98.854634,-0.36653433,0.37404034,-0.37543962,0.36902038,0.00890529,0.00501996,0.01022272
98.874461,-0.36154863,0.37861515,-0.36953878,0.37165437,0.00799015,0.00696078,0.01059693
98.894037,-0.35643448,0.38312651,-0.36357932,0.37424436,0.00714484,0.00888215,0.01139918
98.914451,-0.35119368,0.38757280,-0.35795978,0.37908967,0.00676610,0.00848313,0.01085097
98.934391,-0.34582811,0.39195244,-0.35201068,0.38318370,0.00618257,0.00876874,0.01072916
98.954438,-0.34033967,0.39626389,-0.34572685,0.38620585,0.00538718,0.01005804,0.01140991
98.974366,-0.33473031,0.40050561,-0.33966621,0.39056793,0.00493590,0.00993768,0.01109597
98.994385,-0.32900202,0.40467608,-0.33321319,0.39355146,0.00421117,0.01112462,0.01189501
99.014149,-0.32315683,0.40877384,-0.32725338,0.39876499,0.00409655,0.01000885,0.01081475
99.034458,-0.31719683,0.41279742,-0.31987530,0.39982065,0.00267847,0.01297677,0.01325032
99.054514,-0.31112414,0.41674539,-0.31277004,0.40170461,0.00164590,0.01504078,0.01513056
99.074464,-0.30494090,0.42061636,-0.30607547,0.40526266,0.00113457,0.01535370,0.01539556
99.094500,-0.29864931,0.42440894,-0.29931311,0.40923305,0.00066380,0.01517589,0.01519040
99.114384,-0.29225162,0.42812179,-0.29238206,0.41346936,0.00013044,0.01465243,0.01465301
99.134404,-0.28575009,0.43175359,-0.28496112,0.41612343,-0.00078897,0.01563016,0.01565006
99.154397,-0.27914704,0.43530305,-0.27812970,0.42123817,-0.00101734,0.01406488,0.01410162
99.174308,-0.27244481,0.43876890,-0.27053739,0.42306335,-0.00190742,0.01570555,0.01582095
99.194842,-0.26564578,0.44214993,-0.26325628,0.42580653,-0.00238950,0.01634340,0.01651716
99.214490,-0.25875236,0.44544492,-0.25595359,0.42837907,-0.00279877,0.01706585,0.01729382
99.234578,-0.25176702,0.44865270,-0.24875636,0.43177609,-0.00301066,0.01687661,0.01714304
99.254622,-0.24469222,0.45177214,-0.24103109,0.43347830,-0.00366113,0.01829384,0.01865659
99.274349,-0.23753048,0.45480212,-0.23359160,0.43655187,-0.00393888,0.01825025,0.01867047
99.294243,-0.23028435,0.45774157,-0.22602020,0.43893239,-0.00426415,0.01880918,0.01928648
99.314160,-0.22295640,0.46058945,-0.21891270,0.44302116,-0.00404370,0.01756829,0.01802766
99.334219,-0.21554924,0.46334475,-0.21111655,0.44497772,-0.00443269,0.01836703,0.01889436
99.354434,-0.20806549,0.46600648,-0.20394530,0.44915258,-0.00412019,0.01685390,0.01735022
99.374324,-0.20050782,0.46857369,-0.19662194,0.45248140,-0.00388588,0.01609229,0.01655481
99.394286,-0.19287890,0.47104549,-0.18927504,0.45563569,-0.00360386,0.01540980,0.01582560
99.414497,-0.18518146,0.47342098,-0.18123717,0.45537817,-0.00394429,0.01804281,0.01846891
99.434412,-0.17741823,0.47569933,-0.17350392,0.45620584,-0.00391431,0.01949349,0.01988261
99.454401,-0.16959195,0.47787973,-0.16643705,0.46004051,-0.00315490,0.01783922,0.01811605
99.474397,-0.16170543,0.47996139,-0.15881751,0.46253559,-0.00288792,0.01742580,0.01766348
99.494355,-0.15376145,0.48194359,-0.15099242,0.46392375,-0.00276903,0.01801984,0.01823135
99.514352,-0.14576284,0.48382561,-0.14347194,0.46646826,-0.00229090,0.01735735,0.01750788
99.534369,-0.13771244,0.48560679,-0.13564525,0.46798542,-0.00206719,0.01762137,0.01774220
99.554333,-0.12961311,0.48728649,-0.12828541,0.47123117,-0.00132770,0.01605532,0.01611013
99.574448,-0.12146773,0.48886413,-0.12013583,0.47076684,-0.00133190,0.01809729,0.01814624
99.594393,-0.11327920,0.49033913,-0.11274692,0.47308082,-0.00053228,0.01725831,0.01726651
99.614544,-0.10505041,0.49171098,-0.10540404,0.47585057,0.00035363,0.01586041,0.01586435
99.634409,-0.09678431,0.49297918,-0.09765287,0.47742633,0.00086856,0.01555285,0.01557709
99.654233,-0.08848381,0.49414329,-0.09009995,0.48002297,0.00161614,0.01412032,0.01421250
99.674402,-0.08015188,0.49520289,-0.08268159,0.48341560,0.00252971,0.01178729,0.01205569
99.694386,-0.07179147,0.49615760,-0.07493754,0.48582582,0.00314607,0.01033178,0.01080016
99.714694,-0.06340555,0.49700710,-0.06739996,0.48860347,0.00399441,0.00840363,0.00930464
99.734383,-0.05499711,0.49775107,-0.05972679,0.49086829,0.00472968,0.00688278,0.00835120
99.754435,-0.04656913,0.49838924,-0.05154928,0.49187466,0.00498015,0.00651458,0.00820010
99.774555,-0.03812459,0.49892141,-0.04346502,0.49361946,0.00534043,0.00530195,0.00752535
99.794657,-0.02966652,0.49934736,-0.03524444,0.49460742,0.00557792,0.00473994,0.00731985
99.814692,-0.02119790,0.49966696,-0.02702687,0.49531836,0.00582897,0.00434860,0.00727236
99.834635,-0.01272176,0.49988009,-0.01928510,0.49789878,0.00656334,0.00198131,0.00685588
99.854558,-0.00424109,0.49998668,-0.01171496,0.50104073,0.00747387,-0.00105405,0.00754783
99.874382,0.00424109,0.49998668,-0.00382203,0.50297536,0.00806312,-0.00298868,0.00859919
99.894371,0.01272176,0.49988009,0.00412567,0.50493081,0.00859609,-0.00505072,0.00997008
99.914352,0.02119790,0.49966696,0.01229726,0.50632734,0.00890064,-0.00666038,0.01111674
99.934348,0.02966652,0.49934736,0.02133431,0.50460153,0.00833221,-0.00525417,0.00985049
99.954385,0.03812459,0.49892141,0.02981280,0.50462760,0.00831179,-0.00570619,0.01008199
99.974472,0.04656913,0.49838924,0.03793137,0.50576733,0.00863776,-0.00737809,0.01135989
99.994439,0.05499711,0.49775107,0.04662945,0.50421232,0.00836766,-0.00646125,0.01057192
100.014387,0.06340555,0.49700710,0.05466592,0.50516506,0.00873963,-0.00815796,0.01195547
100.034359,0.07179147,0.49615760,0.06261522,0.50666567,0.00917625,-0.01050807,0.01395074
100.054498,0.08015188,0.49520289,0.07134017,0.50559214,0.00881171,-0.01038925,0.01362288
100.074395,0.08848381,0.49414329,0.08007749,0.50453178,0.00840632,-0.01038849,0.01336364
100.094347,0.09678431,0.49297918,0.08867105,0.50408736,0.00811326,-0.01110818,0.01375560
100.114413,0.10505041,0.49171098,0.09735394,0.50323222,0.00769647,-0.01152124,0.01385549
100.134347,0.11327920,0.49033913,0.10602782,0.50231366,0.00725138,-0.01197453,0.01399900
100.154444,0.12146773,0.48886413,0.11477835,0.50110010,0.00668938,-0.01223597,0.01394513
100.174772,0.12961311,0.48728649,0.12311361,0.50149089,0.00649950,-0.01420440,0.01562077
100.194537,0.13771244,0.48560679,0.13137177,0.50305573,0.00634067,-0.01744894,0.01856528
100.214419,0.14576284,0.48382561,0.14076604,0.49972902,0.00499680,-0.01590341,0.01666993
100.234381,0.15376145,0.48194359,0.14935982,0.49918605,0.00440163,-0.01724246,0.01779541
100.254420,0.16170543,0.47996139,0.15833926,0.49741769,0.00336617,-0.01745630,0.01777790
100.274384,0.16959195,0.47787973,0.16673781,0.49771533,0.00285414,-0.01983560,0.02003989
100.294430,0.17741823,0.47569933,0.17565644,0.49527600,0.00176179,-0.01957667,0.01965579
100.314411,0.18518146,0.47342098,0.18366220,0.49588898,0.00151926,-0.02246800,0.02251930
100.334364,0.19287890,0.47104549,0.19205622,0.49492237,0.00082268,-0.02387688,0.02389105
100.354820,0.20050782,0.46857369,0.20104746,0.49092229,-0.00053964,-0.02234860,0.02235511
100.374509,0.20806549,0.46600648,0.20931203,0.48911480,-0.00124654,-0.02310832,0.02314192
100.394701,0.21554924,0.46334475,0.21758056,0.48682630,-0.00203132,-0.02348155,0.02356925
100.414386,0.22295640,0.46058945,0.22646074,0.48157472,-0.00350434,-0.02098527,0.02127585
100.434277,0.23028435,0.45774157,0.23430456,0.47979281,-0.00402021,-0.02205124,0.02241471
100.454282,0.23753048,0.45480212,0.24213072,0.47718675,-0.00460024,-0.02238463,0.02285244
100.474352,0.24469222,0.45177214,0.24949540,0.47534230,-0.00480318,-0.02357016,0.02405458
100.494374,0.25176702,0.44865270,0.25704096,0.47252861,-0.00527394,-0.02387591,0.02445145
100.514382,0.25875236,0.44544492,0.26469535,0.46833113,-0.00594299,-0.02288621,0.02364524
100.534430,0.26564578,0.44214993,0.27232014,0.46367665,-0.00667436,-0.02152672,0.02253767
100.554594,0.27244481,0.43876890,0.27974795,0.45994269,-0.00730314,-0.02117379,0.02239788
100.574576,0.27914704,0.43530305,0.28737704,0.45465869,-0.00823000,-0.01935564,0.02103268
100.594261,0.28575009,0.43175359,0.29431184,0.45114309,-0.00856175,-0.01938950,0.02119567
100.614233,0.29225162,0.42812179,0.30154607,0.44490992,-0.00929445,-0.01678813,0.01918927
100.634215,0.29864931,0.42440894,0.30823017,0.43983877,-0.00958086,-0.01542983,0.01816239
100.654286,0.30494090,0.42061636,0.31465467,0.43545635,-0.00971377,-0.01483999,0.01773648
100.674371,0.31112414,0.41674539,0.32105994,0.43045038,-0.00993580,-0.01370499,0.01692770
100.694306,0.31719683,0.41279742,0.32779015,0.42308500,-0.01059332,-0.01028758,0.01476661
100.714466,0.32315683,0.40877384,0.33408710,0.41706239,-0.01093027,-0.00828855,0.01371754
100.734951,0.32900202,0.40467608,0.34018359,0.41097690,-0.01118157,-0.00630082,0.01283463
100.754598,0.33473031,0.40050561,0.34549130,0.40776476,-0.01076099,-0.00725915,0.01298053
100.774394,0.34033967,0.39626389,0.35161462,0.40056243,-0.01127495,-0.00429854,0.01206657
100.794362,0.34582811,0.39195244,0.35704516,0.39515323,-0.01121705,-0.00320079,0.01166478
100.814403,0.35119368,0.38757280,0.36197382,0.39109296,-0.01078014,-0.00352016,0.01134032
100.834278,0.35643448,0.38312651,0.36670361,0.38705170,-0.01026913,-0.00392519,0.01099373
100.854328,0.36154863,0.37861515,0.37173434,0.38166182,-0.01018571,-0.00304667,0.01063160
100.874362,0.36653433,0.37404034,0.37664218,0.37592123,-0.01010785,-0.00188089,0.01028136
100.894381,0.37138980,0.36940369,0.38084010,0.37253864,-0.00945030,-0.00313495,0.00995671
100.914424,0.37611331,0.36470685,0.38566765,0.36587849,-0.00955434,-0.00117164,0.00962591
100.934550,0.38070320,0.35995149,0.38990135,0.36121971,-0.00919815,-0.00126822,0.00928517
100.954700,0.38515782,0.35513930,0.39455327,0.35425532,-0.00939545,0.00088398,0.00943694
100.974418,0.38947560,0.35027199,0.39885917,0.34762010,-0.00938357,0.00265189,0.00975109
100.994354,0.39365500,0.34535129,0.40246635,0.34284372,-0.00881135,0.00250757,0.00916121
101.014443,0.39769453,0.34037894,0.40621642,0.33697778,-0.00852189,0.00340116,0.00917554
101.034500,0.40159277,0.33535673,0.40994651,0.33038308,-0.00835374,0.00497365,0.00972225
101.054428,0.40534832,0.33028641,0.41344848,0.32302957,-0.00810016,0.00725684,0.01087541
101.074401,0.40895986,0.32516981,0.41611372,0.31814859,-0.00715386,0.00702122,0.01002373
101.094446,0.41242609,0.32000874,0.41874974,0.31285828,-0.00632365,0.00715046,0.00954556
101.114544,0.41574579,0.31480503,0.42133001,0.30713012,-0.00558422,0.00767491,0.00949146
101.134569,0.41891778,0.30956053,0.42397001,0.30025691,-0.00505223,0.00930362,0.01058690
101.155281,0.42194092,0.30427710,0.42675516,0.29255649,-0.00481424,0.01172061,0.01267082
101.174222,0.42481416,0.29895662,0.42874830,0.28767808,-0.00393414,0.01127854,0.01194500
101.194259,0.42753646,0.29360099,0.43079584,0.28185557,-0.00325938,0.01174542,0.01218927
101.214174,0.43010686,0.28821210,0.43264641,0.27640637,-0.00253955,0.01180573,0.01207579
101.234384,0.43252444,0.28279186,0.43414237,0.27161643,-0.00161793,0.01117543,0.01129194
101.254387,0.43478835,0.27734222,0.43572011,0.26550446,-0.00093176,0.01183776,0.01187437
101.274382,0.43689778,0.27186509,0.43687115,0.26029716,0.00002663,0.01156793,0.01156797
101.294475,0.43885198,0.26636243,0.43779242,0.25573126,0.00105956,0.01063117,0.01068384
101.314525,0.44065026,0.26083619,0.43908814,0.24949457,0.00156212,0.01134162,0.01144869
101.334886,0.44229199,0.25528833,0.43999637,0.24464396,0.00229562,0.01064437,0.01088910
101.354414,0.44377656,0.24972084,0.44062637,0.24021625,0.00315019,0.00950459,0.01001304
101.374422,0.44510347,0.24413567,0.44190774,0.23266417,0.00319573,0.01147150,0.01190832
101.394250,0.44627223,0.23853483,0.44239023,0.22744777,0.00388200,0.01108706,0.01174703
101.414319,0.44728243,0.23292029,0.44309480,0.22201832,0.00418763,0.01090197,0.01167858
101.434324,0.44813372,0.22729406,0.44461011,0.21384913,0.00352361,0.01344493,0.01389899
101.454376,0.44882578,0.22165813,0.44564782,0.20702751,0.00317796,0.01463062,0.01497179
101.474373,0.44935838,0.21601451,0.44633095,0.20120551,0.00302743,0.01480900,0.01511529
101.494417,0.44973133,0.21036519,0.44666073,0.19641666,0.00307060,0.01394853,0.01428251
101.514597,0.44994448,0.20471220,0.44652794,0.19323313,0.00341654,0.01147907,0.01197672
101.534430,0.44999778,0.19905752,0.44734648,0.18602044,0.00265130,0.01303708,0.01330395
101.554386,0.44989119,0.19340319,0.44743092,0.18124515,0.00246027,0.01215804,0.01240447
101.574372,0.44962476,0.18775119,0.44669578,0.17960727,0.00292898,0.00814392,0.00865461
101.594348,0.44919858,0.18210355,0.44714925,0.17251501,0.00204933,0.00958854,0.00980510
101.614424,0.44861280,0.17646227,0.44679453,0.16813791,0.00181827,0.00832436,0.00852063
101.634360,0.44786763,0.17082935,0.44663904,0.16308045,0.00122859,0.00774890,0.00784569
101.654400,0.44696334,0.16520680,0.44598263,0.15953107,0.00098071,0.00567573,0.00575984
101.674368,0.44590024,0.15959660,0.44579172,0.15381241,0.00010852,0.00578419,0.00578521
101.694438,0.44467871,0.15400076,0.44567789,0.14716293,-0.00099918,0.00683783,0.00691045
101.714485,0.44329920,0.14842127,0.44479615,0.14301769,-0.00149695,0.00540358,0.00560709
101.734418,0.44176218,0.14286010,0.44423818,0.13660857,-0.00247600,0.00625153,0.00672400
101.754416,0.44006820,0.13731923,0.44257540,0.13377719,-0.00250720,0.00354204,0.00433960
101.774331,0.43821787,0.13180064,0.44112514,0.12999314,-0.00290727,0.00180750,0.00342334
101.794357,0.43621185,0.12630627,0.43943346,0.12695269,-0.00322161,-0.00064642,0.00328582
101.814371,0.43405084,0.12083809,0.43833291,0.12172725,-0.00428207,-0.00088916,0.00437341
101.834412,0.43173561,0.11539803,0.43661924,0.11815397,-0.00488363,-0.00275594,0.00560759
101.854371,0.42926699,0.10998803,0.43551758,0.11182482,-0.00625059,-0.00183679,0.00651488
101.874404,0.42664586,0.10461001,0.43336010,0.10892305,-0.00671424,-0.00431304,0.00798019
101.894659,0.42387314,0.09926588,0.43171457,0.10370008,-0.00784143,-0.00443420,0.00900834
101.914446,0.42094981,0.09395755,0.43043389,0.09636652,-0.00948408,-0.00240897,0.00978524
101.934501,0.41787693,0.08868689,0.42845703,0.09079249,-0.01058010,-0.00210560,0.01078758
101.954557,0.41465558,0.08345578,0.42590973,0.08637312,-0.01125415,-0.00291734,0.01162612
101.974353,0.41128690,0.07826607,0.42252905,0.08476571,-0.01124215,-0.00649964,0.01298581
101.994366,0.40777209,0.07311962,0.41951473,0.08138627,-0.01174264,-0.00826665,0.01436061
102.014376,0.40411241,0.06801825,0.41660852,0.07730755,-0.01249611,-0.00928930,0.01557061
102.034344,0.40030914,0.06296377,0.41279661,0.07547454,-0.01248747,-0.01251077,0.01767643
102.054420,0.39636365,0.05795798,0.40879717,0.07302136,-0.01243352,-0.01506338,0.01953197
102.074446,0.39227733,0.05300265,0.40498458,0.06940466,-0.01270725,-0.01640201,0.02074850
102.094421,0.38805164,0.04809956,0.40091458,0.06597461,-0.01286294,-0.01787505,0.02202210
102.114398,0.38368807,0.04325043,0.39705296,0.06091036,-0.01336489,-0.01765993,0.02214709
102.134423,0.37918819,0.03845700,0.39280271,0.05612918,-0.01361452,-0.01767218,0.02230832
102.154361,0.37455357,0.03372096,0.38797120,0.05281543,-0.01341763,-0.01909447,0.02333734
102.174430,0.36978588,0.02904400,0.38232306,0.05213581,-0.01253718,-0.02309181,0.02627570
102.194362,0.36488681,0.02442777,0.37685143,0.05034863,-0.01196462,-0.02592086,0.02854896
102.214410,0.35985810,0.01987393,0.37214298,0.04482509,-0.01228488,-0.02495116,0.02781148
102.234379,0.35470153,0.01538409,0.36769159,0.03804288,-0.01299006,-0.02265879,0.02611824
102.254428,0.34941893,0.01095984,0.36221387,0.03437103,-0.01279494,-0.02341119,0.02667947
102.274422,0.34401219,0.00660275,0.35676527,0.02971373,-0.01275308,-0.02311098,0.02639618
102.294391,0.33848322,0.00231438,0.35082729,0.02634049,-0.01234407,-0.02402611,0.02701166
102.314394,0.33283399,-0.00190375,0.34489137,0.02209244,-0.01205738,-0.02399619,0.02685512
102.334489,0.32706651,-0.00605015,0.33960363,0.01488574,-0.01253712,-0.02093589,0.02440268
102.354358,0.32118282,-0.01012335,0.33295963,0.01203440,-0.01177681,-0.02215775,0.02509301
102.374426,0.31518502,-0.01412188,0.32600403,0.00986958,-0.01081901,-0.02399146,0.02631807
102.394426,0.30907523,-0.01804434,0.31910360,0.00697902,-0.01002837,-0.02502336,0.02695806
102.414428,0.30285563,-0.02188933,0.31240677,0.00279012,-0.00955114,-0.02467945,0.02646317
102.434400,0.29652843,-0.02565548,0.30511737,0.00041466,-0.00858894,-0.02607014,0.02744854
102.454390,0.29009587,-0.02934146,0.29778148,-0.00228554,-0.00768561,-0.02705592,0.02812635
102.474545,0.28356024,-0.03294595,0.29162790,-0.01020901,-0.00806766,-0.02273694,0.02412583
102.494547,0.27692387,-0.03646768,0.28462015,-0.01536565,-0.00769628,-0.02110203,0.02246171
102.514430,0.27018910,-0.03990540,0.27766343,-0.02127476,-0.00747433,-0.01863064,0.02007402
102.534433,0.26335834,-0.04325787,0.27009841,-0.02542424,-0.00674007,-0.01783363,0.01906480
102.554363,0.25643401,-0.04652392,0.26141699,-0.02622708,-0.00498298,-0.02029684,0.02089956
102.574394,0.24941857,-0.04970238,0.25304265,-0.02866590,-0.00362408,-0.02103648,0.02134637
102.594458,0.24231451,-0.05279212,0.24544132,-0.03405004,-0.00312681,-0.01874208,0.01900112
102.614406,0.23512435,-0.05579205,0.23700195,-0.03596161,-0.00187760,-0.01983044,0.01991913
102.634388,0.22785066,-0.05870109,0.22900661,-0.03948060,-0.00115595,-0.01922049,0.01925522
102.654412,0.22049602,-0.06151822,0.22103419,-0.04433851,-0.00053817,-0.01717971,0.01718813
102.674478,0.21306303,-0.06424243,0.21326410,-0.05043910,-0.00020107,-0.01380333,0.01380479
102.694381,0.20555435,-0.06687276,0.20472946,-0.05350349,0.00082489,-0.01336927,0.01339470
102.714391,0.19797263,-0.06940827,0.19684018,-0.05894409,0.00113245,-0.01046418,0.01052528
102.734276,0.19032057,-0.07184806,0.18898472,-0.06470488,0.00133585,-0.00714318,0.00726701
102.754151,0.18260089,-0.07419127,0.18094285,-0.06915072,0.00165804,-0.00504055,0.00530625
102.774384,0.17481634,-0.07643705,0.17225527,-0.07132342,0.00256107,-0.00511363,0.00571912
102.794358,0.16696967,-0.07858462,0.16408514,-0.07527212,0.00288453,-0.00331250,0.00439240
102.814359,0.15906368,-0.08063321,0.15568950,-0.07760632,0.00337418,-0.00302689,0.00453289
102.834420,0.15110118,-0.08258209,0.14735721,-0.08049807,0.00374397,-0.00208402,0.00428491
102.854447,0.14308499,-0.08443057,0.13841501,-0.08112300,0.00466998,-0.00330757,0.00572265
102.874441,0.13501796,-0.08617800,0.12997826,-0.08343173,0.00503970,-0.00274627,0.00573939
102.894504,0.12690296,-0.08782374,0.12123306,-0.08461312,0.00566990,-0.00321062,0.00651582
102.914416,0.11874287,-0.08936723,0.11273529,-0.08705417,0.00600758,-0.00231306,0.00643749
102.934390,0.11054060,-0.09080790,0.10485736,-0.09143928,0.00568324,0.00063138,0.00571820
102.954249,0.10229905,-0.09214525,0.09637431,-0.09322659,0.00592474,0.00108134,0.00602261
102.974393,0.09402115,-0.09337880,0.08845970,-0.09709693,0.00556145,0.00371813,0.00668986
102.994367,0.08570985,-0.09450812,0.07995001,-0.09824552,0.00575984,0.00373740,0.00686614
103.014360,0.07736810,-0.09553280,0.07149465,-0.09895610,0.00587345,0.00342330,0.00679826
103.034415,0.06899885,-0.09645248,0.06290061,-0.09915428,0.00609824,0.00270180,0.00666995
103.054515,0.06060510,-0.09726683,0.05526691,-0.10250566,0.00533819,0.00523883,0.00747941
103.074579,0.05218981,-0.09797556,0.04805002,-0.10780154,0.00413979,0.00982598,0.01066244
103.094549,0.04375597,-0.09857842,0.04002326,-0.11045801,0.00373271,0.01187959,0.01245222
103.114363,0.03530659,-0.09907520,0.03123532,-0.11026425,0.00407127,0.01118905,0.01190672
103.134733,0.02684467,-0.09946572,0.02373357,-0.11481319,0.00311110,0.01534747,0.01565962
103.154396,0.01837321,-0.09974984,0.01547077,-0.11636638,0.00290244,0.01661654,0.01686813
103.174442,0.00989522,-0.09992746,0.00703675,-0.11613792,0.00285847,0.01621046,0.01646055
103.194358,0.00141371,-0.09999852,-0.00104246,-0.11708039,0.00245617,0.01708187,0.01725755
103.214410,-0.00706829,-0.09996299,-0.00869507,-0.12009802,0.00162678,0.02013503,0.02020064
103.234477,-0.01554779,-0.09982088,-0.01676866,-0.12099625,0.00122087,0.02117537,0.02121054
103.254475,-0.02402176,-0.09957225,-0.02531675,-0.11943416,0.00129499,0.01986191,0.01990408
103.274470,-0.03248720,-0.09921719,-0.03265934,-0.12236587,0.00017214,0.02314868,0.02314932
103.294443,-0.04094109,-0.09875581,-0.04064251,-0.12200639,-0.00029858,0.02325058,0.02325250
103.314465,-0.04938044,-0.09818829,-0.04935246,-0.11856863,-0.00002798,0.02038034,0.02038036
103.334436,-0.05780224,-0.09751482,-0.05678927,-0.11927191,-0.00101297,0.02175709,0.02178065
103.354422,-0.06620351,-0.09673564,-0.06417108,-0.12003059,-0.00203243,0.02329495,0.02338345
103.374434,-0.07458126,-0.09585104,-0.07229056,-0.11761115,-0.00229070,0.02176011,0.02188035
103.394395,-0.08293250,-0.09486132,-0.07991347,-0.11680719,-0.00301903,0.02194587,0.02215256
103.414518,-0.09125428,-0.09376684,-0.08730779,-0.11660534,-0.00394649,0.02283850,0.02317697
103.434584,-0.09954364,-0.09256799,-0.09499080,-0.11501762,-0.00455284,0.02244963,0.02290665
103.454413,-0.10779763,-0.09126519,-0.10241492,-0.11384334,-0.00538271,0.02257815,0.02321091
103.474411,-0.11601332,-0.08985890,-0.11038747,-0.11052893,-0.00562585,0.02067003,0.02142196
103.494370,-0.12418780,-0.08834963,-0.11774788,-0.10971186,-0.00643992,0.02136223,0.02231183
103.514401,-0.13231815,-0.08673790,-0.12585363,-0.10620877,-0.00646452,0.01947087,0.02051596
103.534399,-0.14040148,-0.08502431,-0.13414479,-0.10176613,-0.00625669,0.01674182,0.01787274
103.554315,-0.14843494,-0.08320944,-0.14220660,-0.09852317,-0.00622834,0.01531373,0.01653187
103.574288,-0.15641565,-0.08129395,-0.15002397,-0.09589159,-0.00639168,0.01459764,0.01593564
103.594216,-0.16434079,-0.07927852,-0.15787071,-0.09309306,-0.00647008,0.01381454,0.01525462
103.614337,-0.17220754,-0.07716386,-0.16611988,-0.08849753,-0.00608766,0.01133367,0.01286513
103.634393,-0.18001311,-0.07495073,-0.17370961,-0.08603960,-0.00630350,0.01108887,0.01275528
103.654926,-0.18775472,-0.07263990,-0.18145604,-0.08277625,-0.00629868,0.01013635,0.01193394
103.674411,-0.19542962,-0.07023222,-0.18887991,-0.08087131,-0.00654971,0.01063909,0.01249356
103.694247,-0.20303509,-0.06772851,-0.19611502,-0.07951263,-0.00692007,0.01178412,0.01366576
103.714413,-0.21056842,-0.06512969,-0.20396198,-0.07577843,-0.00660644,0.01064874,0.01253159
103.734363,-0.21802693,-0.06243667,-0.21157639,-0.07270369,-0.00645054,0.01026702,0.01212523
103.754402,-0.22540798,-0.05965040,-0.21871002,-0.07153882,-0.00669796,0.01188842,0.01364541
103.774446,-0.23270895,-0.05677188,-0.22677452,-0.06638966,-0.00593443,0.00961778,0.01130129
103.794417,-0.23992723,-0.05380213,-0.23488940,-0.06097955,-0.00503783,0.00717742,0.00876899
103.814455,-0.24706027,-0.05074221,-0.24277614,-0.05638035,-0.00428413,0.00563814,0.00708112
103.834481,-0.25410553,-0.04759320,-0.25085577,-0.05115417,-0.00324976,0.00356097,0.00482094
103.854540,-0.26106050,-0.04435622,-0.25824620,-0.04825553,-0.00281430,0.00389931,0.00480884
103.874500,-0.26792273,-0.04103242,-0.26596860,-0.04348787,-0.00195413,0.00245545,0.00313813
103.894408,-0.27468976,-0.03762298,-0.27286118,-0.04131627,-0.00182858,0.00369329,0.00412117
103.914416,-0.28135920,-0.03412912,-0.28036893,-0.03612220,-0.00099027,0.00199308,0.00222554
103.934443,-0.28792867,-0.03055208,-0.28751309,-0.03218396,-0.00041558,0.00163188,0.00168396
103.954414,-0.29439584,-0.02689311,-0.29552631,-0.02423802,0.00113047,-0.00265509,0.00288574
103.974405,-0.30075841,-0.02315354,-0.30247954,-0.02025505,0.00172113,-0.00289849,0.00337099
103.994433,-0.30701412,-0.01933468,-0.30944396,-0.01559522,0.00242984,-0.00373946,0.00445956
104.014633,-0.31316076,-0.01543789,-0.31684729,-0.00902207,0.00368653,-0.00641582,0.00739954
104.034459,-0.31919613,-0.01146456,-0.32354105,-0.00436824,0.00434492,-0.00709632,0.00832083
104.054447,-0.32511809,-0.00741609,-0.33032964,0.00088352,0.00521155,-0.00829961,0.00980020
104.074447,-0.33092454,-0.00329393,-0.33681866,0.00541176,0.00589412,-0.00870569,0.01051331
104.094409,-0.33661341,0.00090046,-0.34382820,0.01222504,0.00721479,-0.01132458,0.01342756
104.114382,-0.34218268,0.00516559,-0.34982347,0.01603869,0.00764079,-0.01087310,0.01328932
104.134425,-0.34763038,0.00949994,-0.35632088,0.02238750,0.00869050,-0.01288756,0.01554394
104.154423,-0.35295457,0.01390197,-0.36234390,0.02755258,0.00938933,-0.01365061,0.01656800
104.174422,-0.35815336,0.01837013,-0.36872679,0.03491993,0.01057343,-0.01654980,0.01963908
104.194471,-0.36322489,0.02290282,-0.37431503,0.03943907,0.01109014,-0.01653625,0.01991077
104.214675,-0.36816737,0.02749842,-0.37940849,0.04307442,0.01124112,-0.01557600,0.01920871
104.234496,-0.37297905,0.03215532,-0.38419747,0.04653431,0.01121842,-0.01437899,0.01823755
104.254472,-0.37765820,0.03687186,-0.38925934,0.05174902,0.01160114,-0.01487716,0.01886575
104.274878,-0.38220318,0.04164635,-0.39444824,0.05825751,0.01224506,-0.01661116,0.02063667
104.294413,-0.38661236,0.04647710,-0.39869091,0.06197098,0.01207855,-0.01549388,0.01964565
104.314418,-0.39088418,0.05136240,-0.40320897,0.06712194,0.01232479,-0.01575954,0.02000658
104.334379,-0.39501712,0.05630051,-0.40752243,0.07230122,0.01250531,-0.01600071,0.02030777
104.354435,-0.39900972,0.06128967,-0.41097441,0.07437438,0.01196469,-0.01308471,0.01773030
104.374396,-0.40286054,0.06632812,-0.41551994,0.08128360,0.01265940,-0.01495548,0.01959405
104.394485,-0.40656823,0.07141406,-0.41846220,0.08351325,0.01189397,-0.01209919,0.01696635
104.414485,-0.41013147,0.07654569,-0.42233918,0.08970401,0.01220771,-0.01315832,0.01794908
104.434484,-0.41354900,0.08172118,-0.42616354,0.09671760,0.01261454,-0.01499642,0.01959641
104.454496,-0.41681959,0.08693870,-0.42844718,0.09929079,0.01162759,-0.01235209,0.01696393
104.474457,-0.41994208,0.09219638,-0.43153376,0.10617665,0.01159168,-0.01398027,0.01816081
104.494463,-0.42291538,0.09749237,-0.43364756,0.10987657,0.01073218,-0.01238420,0.01638743
104.514412,-0.42573841,0.10282477,-0.43558321,0.11338089,0.00984480,-0.01055612,0.01443440
104.534416,-0.42841018,0.10819171,-0.43796075,0.11952585,0.00955057,-0.01133414,0.01482147
104.554400,-0.43092974,0.11359126,-0.43986011,0.12463738,0.00893037,-0.01104612,0.01420452
104.574420,-0.43329619,0.11902151,-0.44134332,0.12831135,0.00804713,-0.00928984,0.01229054
104.594663,-0.43550870,0.12448054,-0.44239864,0.13010853,0.00688994,-0.00562799,0.00889637
104.614532,-0.43756646,0.12996639,-0.44432164,0.13584219,0.00675518,-0.00587580,0.00895307
104.634475,-0.43946877,0.13547713,-0.44606358,0.14170240,0.00659481,-0.00622527,0.00906893
104.654482,-0.44121493,0.14101079,-0.44661167,0.14395730,0.00539674,-0.00294651,0.00614872
104.674484,-0.44280433,0.14656541,-0.44789344,0.14962644,0.00508911,-0.00306103,0.00593877
104.694346,-0.44423641,0.15213902,-0.44870639,0.15474814,0.00446998,-0.00260912,0.00517574
104.714361,-0.44551065,0.15772963,-0.44908632,0.15863872,0.00357567,-0.00090909,0.00368943
104.734571,-0.44662660,0.16333526,-0.44988505,0.16507979,0.00325845,-0.00174453,0.00369606
104.754410,-0.44758387,0.16895392,-0.44932596,0.16657548,0.00174209,0.00237844,0.00294820
104.774487,-0.44838211,0.17458360,-0.44983297,0.17247343,0.00145086,0.00211017,0.00256083
104.794943,-0.44902104,0.18022232,-0.45022041,0.17847025,0.00119937,0.00175207,0.00212326
104.814631,-0.44950044,0.18586806,-0.45012673,0.18360280,0.00062629,0.00226526,0.00235024
104.834882,-0.44982014,0.19151883,-0.44895681,0.18545587,-0.00086333,0.00606296,0.00612412
104.854315,-0.44998001,0.19717261,-0.44902519,0.19195142,-0.00095482,0.00522119,0.00530778
104.874259,-0.44998001,0.20282739,-0.44897540,0.19803714,-0.00100461,0.00479025,0.00489446
104.894184,-0.44982014,0.20848117,-0.44812790,0.20169321,-0.00169224,0.00678796,0.00699572
104.914408,-0.44950044,0.21413194,-0.44760989,0.20640786,-0.00189055,0.00772408,0.00795208
104.934425,-0.44902104,0.21977768,-0.44653975,0.20941012,-0.00248129,0.01036756,0.01066035
104.954440,-0.44838211,0.22541640,-0.44506895,0.21096505,-0.00331316,0.01445135,0.01482628
104.974902,-0.44758387,0.23104608,-0.44449517,0.21651544,-0.00308870,0.01453064,0.01485528
104.994855,-0.44662660,0.23666474,-0.44374219,0.22244450,-0.00288441,0.01422024,0.01450983
105.014487,-0.44551065,0.24227037,-0.44227517,0.22609266,-0.00323548,0.01617771,0.01649808
105.034483,-0.44423641,0.24786098,-0.44158628,0.23319450,-0.00265013,0.01466648,0.01490399
105.054408,-0.44280433,0.25343459,-0.43971734,0.23633414,-0.00308699,0.01710045,0.01737685
105.074393,-0.44121493,0.25898921,-0.43842366,0.24195287,-0.00279127,0.01703634,0.01726349
105.094424,-0.43946877,0.26452287,-0.43629467,0.24456356,-0.00317410,0.01995931,0.02021012
105.114467,-0.43756646,0.27003361,-0.43518967,0.25122033,-0.00237679,0.01881328,0.01896282
105.134476,-0.43550870,0.27551946,-0.43383183,0.25782796,-0.00167687,0.01769150,0.01777079
105.154471,-0.43329619,0.28097849,-0.43183878,0.26205788,-0.00145741,0.01892061,0.01897666
105.174621,-0.43092974,0.28640874,-0.43006681,0.26781258,-0.00086293,0.01859616,0.01861618
105.194527,-0.42841018,0.29180829,-0.42810293,0.27330414,-0.00030725,0.01850415,0.01850670
105.214647,-0.42573841,0.29717523,-0.42538139,0.27659033,-0.00035702,0.02058490,0.02058800
105.234555,-0.42291538,0.30250763,-0.42336327,0.28260747,0.00044789,0.01990016,0.01990520
105.254415,-0.41994208,0.30780362,-0.42083891,0.28689219,0.00089683,0.02091143,0.02093065
105.274332,-0.41681959,0.31306130,-0.41875200,0.29396965,0.00193241,0.01909165,0.01918920
105.294365,-0.41354900,0.31827882,-0.41576899,0.29855422,0.00221999,0.01972460,0.01984914
105.314422,-0.41013147,0.32345431,-0.41297081,0.30437109,0.00283934,0.01908322,0.01929329
105.334434,-0.40656823,0.32858594,-0.41020136,0.31103562,0.00363313,0.01755032,0.01792243
105.354984,-0.40286054,0.33367188,-0.40634959,0.31405466,0.00348905,0.01961722,0.01992508
105.374460,-0.39900972,0.33871033,-0.40292457,0.31916193,0.00391485,0.01954840,0.01993655
105.394706,-0.39501712,0.34369949,-0.39946518,0.32510431,0.00444806,0.01859518,0.01911978
105.414852,-0.39088418,0.34863760,-0.39577977,0.33062203,0.00489559,0.01801557,0.01866889
105.434456,-0.38661236,0.35352290,-0.39182739,0.33476438,0.00521503,0.01875852,0.01946994
105.454375,-0.38220318,0.35835365,-0.38851676,0.34179479,0.00631358,0.01655886,0.01772166
105.474365,-0.37765820,0.36312814,-0.38403740,0.34476910,0.00637920,0.01835904,0.01943575
105.494439,-0.37297905,0.36784468,-0.37949091,0.34814711,0.00651186,0.01969757,0.02074605
105.514407,-0.36816737,0.37250158,-0.37489057,0.35166830,0.00672320,0.02083328,0.02189125
105.534455,-0.36322489,0.37709718,-0.37119911,0.35967914,0.00797422,0.01741804,0.01915663
105.554658,-0.35815336,0.38162987,-0.36703630,0.36683970,0.00888294,0.01479017,0.01725270
105.574768,-0.35295457,0.38609803,-0.36225001,0.37193761,0.00929544,0.01416042,0.01693879
105.594512,-0.34763038,0.39050006,-0.35705094,0.37602784,0.00942056,0.01447222,0.01726824
105.614415,-0.34218268,0.39483441,-0.35182098,0.38073983,0.00963830,0.01409458,0.01707495
105.634368,-0.33661341,0.39909954,-0.34668436,0.38610408,0.01007095,0.01299546,0.01644098
105.654295,-0.33092454,0.40329393,-0.34084152,0.38841471,0.00991698,0.01487922,0.01788121
105.674454,-0.32511809,0.40741609,-0.33554183,0.39317360,0.01042374,0.01424249,0.01764945
105.694443,-0.31919613,0.41146456,-0.33014235,0.39857099,0.01094622,0.01289357,0.01691343
105.714536,-0.31316076,0.41543789,-0.32454462,0.40412761,0.01138386,0.01131028,0.01604727
105.734617,-0.30701412,0.41933468,-0.31872114,0.40965991,0.01170702,0.00967477,0.01518735
105.754512,-0.30075841,0.42315354,-0.31233868,0.41390478,0.01158027,0.00924876,0.01482034
105.774502,-0.29439584,0.42689311,-0.30557712,0.41728845,0.01118128,0.00960466,0.01474010
105.794618,-0.28792867,0.43055208,-0.29927745,0.42287844,0.01134878,0.00767364,0.01369962
105.814586,-0.28135920,0.43412912,-0.29240886,0.42669946,0.01104966,0.00742966,0.01331521
105.834568,-0.27468976,0.43762298,-0.28552380,0.43059583,0.01083404,0.00702715,0.01291346
105.854606,-0.26792273,0.44103242,-0.27891397,0.43577065,0.01099124,0.00526177,0.01218579
105.874464,-0.26106050,0.44435622,-0.27211027,0.44147699,0.01104977,0.00287923,0.01141873
105.894386,-0.25410553,0.44759320,-0.26464046,0.44467018,0.01053493,0.00292302,0.01093293
105.914153,-0.24706027,0.45074221,-0.25701883,0.44866938,0.00995856,0.00207283,0.01017200
105.934557,-0.23992723,0.45380213,-0.24931047,0.45278461,0.00938324,0.00101752,0.00943824
105.954514,-0.23270895,0.45677188,-0.24152332,0.45694576,0.00881437,-0.00017388,0.00881609
105.974521,-0.22540798,0.45965040,-0.23372183,0.46066283,0.00831385,-0.00101243,0.00837527
105.994260,-0.21802693,0.46243667,-0.22626072,0.46675897,0.00823379,-0.00432230,0.00929933
106.014435,-0.21056842,0.46512969,-0.21860881,0.47251042,0.00804039,-0.00738073,0.01091435
106.034366,-0.20303509,0.46772851,-0.21009265,0.47553874,0.00705756,-0.00781023,0.01052658
106.054421,-0.19542962,0.47023222,-0.20126028,0.47792411,0.00583066,-0.00769189,0.00965203
106.074441,-0.18775472,0.47263990,-0.19309682,0.48207636,0.00534210,-0.00943646,0.01084365
106.094421,-0.18001311,0.47495073,-0.18488816,0.48647793,0.00487505,-0.01152720,0.01251569
106.114437,-0.17220754,0.47716386,-0.17654773,0.49028632,0.00434019,-0.01312246,0.01382159
106.134561,-0.16434079,0.47927852,-0.16745181,0.49056746,0.00311102,-0.01128894,0.01170977
106.154409,-0.15641565,0.48129395,-0.15958663,0.49538619,0.00317098,-0.01409224,0.01444459
106.174407,-0.14843494,0.48320944,-0.15079542,0.49680825,0.00236048,-0.01359881,0.01380215
106.194324,-0.14040148,0.48502431,-0.14264242,0.50092533,0.00224094,-0.01590102,0.01605815
106.214387,-0.13231815,0.48673790,-0.13344413,0.50079201,0.00112598,-0.01405411,0.01409914
106.234213,-0.12418780,0.48834963,-0.12484525,0.50337550,0.00065745,-0.01502587,0.01504025
106.254412,-0.11601332,0.48985890,-0.11635003,0.50626027,0.00033671,-0.01640137,0.01640483
106.274599,-0.10779763,0.49126519,-0.10711725,0.50696254,-0.00068038,-0.01569735,0.01571208
106.294441,-0.09954364,0.49256799,-0.09801151,0.50766880,-0.00153213,-0.01510081,0.01517834
106.314439,-0.09125428,0.49376684,-0.08918737,0.50940633,-0.00206691,-0.01563949,0.01577548
106.334456,-0.08293250,0.49486132,-0.07994706,0.51006165,-0.00298544,-0.01520033,0.01549074
106.354413,-0.07458126,0.49585104,-0.07063247,0.51059665,-0.00394879,-0.01474561,0.01526519
106.374429,-0.06620351,0.49673564,-0.06117787,0.50979856,-0.00502564,-0.01306292,0.01399632
106.394351,-0.05780224,0.49751482,-0.05258113,0.51246397,-0.00522111,-0.01494915,0.01583469
106.414339,-0.04938044,0.49818829,-0.04372182,0.51389332,-0.00565862,-0.01570503,0.01669335
106.434353,-0.04094109,0.49875581,-0.03543208,0.51707581,-0.00550901,-0.01832000,0.01913039
106.454383,-0.03248720,0.49921719,-0.02608467,0.51498662,-0.00640253,-0.01576943,0.01701962
106.474381,-0.02402176,0.49957225,-0.01722690,0.51442148,-0.00679486,-0.01484923,0.01633003
106.494408,-0.01554779,0.49982088,-0.00875603,0.51515150,-0.00679176,-0.01533062,0.01676771
106.514531,-0.00706829,0.49996299,-0.00013004,0.51519208,-0.00693825,-0.01522909,0.01673513
106.534410,0.00141371,0.49999852,0.00852975,0.51430190,-0.00711604,-0.01430338,0.01597576
106.554424,0.00989522,0.49992746,0.01691365,0.51404889,-0.00701843,-0.01412143,0.01576937
106.574353,0.01837321,0.49974984,0.02496106,0.51463350,-0.00658785,-0.01488366,0.01627646
106.594351,0.02684467,0.49946572,0.03382565,0.51188739,-0.00698098,-0.01242167,0.01424893
106.614227,0.03530659,0.49907520,0.04181887,0.51211331,-0.00651228,-0.01303811,0.01457402
106.634206,0.04375597,0.49857842,0.05007802,0.51120256,-0.00632205,-0.01262414,0.01411868
106.654506,0.05218981,0.49797556,0.05836518,0.50902474,-0.00617537,-0.01104918,0.01265778
106.674443,0.06060510,0.49726683,0.06642289,0.50672887,-0.00581779,-0.00946204,0.01110751
106.694421,0.06899885,0.49645248,0.07401796,0.50581732,-0.00501911,-0.00936484,0.01062505
106.714330,0.07736810,0.49553280,0.08145128,0.50573212,-0.00408318,-0.01019932,0.01098628
106.734440,0.08570985,0.49450812,0.08961695,0.50248862,-0.00390710,-0.00798050,0.00888560
106.754174,0.09402115,0.49337880,0.09785561,0.49834908,-0.00383446,-0.00497028,0.00627748
106.774434,0.10229905,0.49214525,0.10548877,0.49622377,-0.00318972,-0.00407852,0.00517770
106.794316,0.11054060,0.49080790,0.11253000,0.49541213,-0.00198940,-0.00460423,0.00501564
106.814328,0.11874287,0.48936723,0.11988381,0.49268517,-0.00114094,-0.00331794,0.00350862
106.834531,0.12690296,0.48782374,0.12678991,0.49142765,0.00011305,-0.00360391,0.00360569
106.854382,0.13501796,0.48617800,0.13469635,0.48628387,0.00032161,-0.00010587,0.00033859
106.874407,0.14308499,0.48443057,0.14184416,0.48393869,0.00124083,0.00049188,0.00133477
106.894701,0.15110118,0.48258209,0.14940403,0.48010320,0.00169715,0.00247889,0.00300421
106.914670,0.15906368,0.48063321,0.15619247,0.47878925,0.00287121,0.00184396,0.00341234
106.934572,0.16696967,0.47858462,0.16355077,0.47540706,0.00341890,0.00317756,0.00466753
106.954508,0.17481634,0.47643705,0.17076151,0.47309373,0.00405483,0.00334332,0.00525542
106.974517,0.18260089,0.47419127,0.17854276,0.46806022,0.00405813,0.00613105,0.00735243
106.994469,0.19032057,0.47184806,0.18598443,0.46471965,0.00433614,0.00712841,0.00834364
107.014548,0.19797263,0.46940827,0.19296314,0.46343067,0.00500949,0.00597760,0.00779915
107.034424,0.20555435,0.46687276,0.20076790,0.45877946,0.00478645,0.00809330,0.00940274
107.054462,0.21306303,0.46424243,0.20770344,0.45689910,0.00535959,0.00734333,0.00909119
107.074550,0.22049602,0.46151822,0.21581553,0.44917164,0.00468049,0.01234658,0.01320398
107.094512,0.22785066,0.45870109,0.22252850,0.44673048,0.00532216,0.01197061,0.01310042
107.114525,0.23512435,0.45579205,0.22939902,0.44346321,0.00572533,0.01232884,0.01359337
107.134473,0.24231451,0.45279212,0.23637718,0.43953602,0.00593733,0.01325610,0.01452501
107.154560,0.24941857,0.44970238,0.24339768,0.43424553,0.00602089,0.01545685,0.01658811
107.174599,0.25643401,0.44652392,0.24990800,0.43072678,0.00652601,0.01579714,0.01709206
107.194476,0.26335834,0.44325787,0.25658484,0.42700839,0.00677350,0.01624948,0.01760471
107.214519,0.27018910,0.43990540,0.26357851,0.42223945,0.00661059,0.01766595,0.01886228
107.234525,0.27692387,0.43646768,0.27002614,0.41990674,0.00689773,0.01656094,0.01793999
107.254470,0.28356024,0.43294595,0.27676329,0.41645553,0.00679695,0.01649042,0.01783627
107.274473,0.29009587,0.42934146,0.28416727,0.41037573,0.00592860,0.01896573,0.01987076
107.294588,0.29652843,0.42565548,0.29049669,0.40807954,0.00603174,0.01757594,0.01858213
107.314586,0.30285563,0.42188933,0.29709830,0.40521921,0.00575733,0.01667012,0.01763632
107.334518,0.30907523,0.41804434,0.30366099,0.40241585,0.00541424,0.01562849,0.01653976
107.354509,0.31518502,0.41412188,0.31076478,0.39750468,0.00442024,0.01661720,0.01719505
107.374497,0.32118282,0.41012335,0.31798603,0.39144237,0.00319679,0.01868098,0.01895253
107.394326,0.32706651,0.40605015,0.32521659,0.38476869,0.00184992,0.02128146,0.02136171
107.414452,0.33283399,0.40190375,0.33105266,0.38260356,0.00178133,0.01930019,0.01938222
107.434425,0.33848322,0.39768562,0.33688954,0.38015793,0.00159368,0.01752769,0.01759999
107.454384,0.34401219,0.39339725,0.34349451,0.37487586,0.00051768,0.01852139,0.01852862
107.474428,0.34941893,0.38904016,0.34935192,0.37195176,0.00006701,0.01708840,0.01708853
107.494489,0.35470153,0.38461591,0.35521790,0.36875488,-0.00051637,0.01586103,0.01586944
107.514469,0.35985810,0.38012607,0.36112818,0.36465009,-0.00127008,0.01547598,0.01552801
107.534442,0.36488681,0.37557223,0.36602742,0.36361679,-0.00114061,0.01195544,0.01200973
107.554434,0.36978588,0.37095600,0.37169626,0.35961406,-0.00191038,0.01134194,0.01150170
107.574432,0.37455357,0.36627904,0.37713447,0.35606169,-0.00258090,0.01021735,0.01053828
107.594441,0.37918819,0.36154300,0.38236830,0.35288987,-0.00318011,0.00865313,0.00921899
107.614653,0.38368807,0.35674957,0.38845303,0.34583993,-0.00476496,0.01090964,0.01190483
107.634409,0.38805164,0.35190044,0.39381738,0.34118175,-0.00576574,0.01071869,0.01217104
107.654429,0.39227733,0.34699735,0.39803809,0.34015727,-0.00576076,0.00684008,0.00894277
107.674856,0.39636365,0.34204202,0.40275562,0.33634738,-0.00639197,0.00569464,0.00856073
107.694472,0.40030914,0.33703623,0.40755785,0.33151740,-0.00724871,0.00551883,0.00911051
107.714487,0.40411241,0.33198175,0.41207138,0.32697677,-0.00795897,0.00500498,0.00940186
107.734426,0.40777209,0.32688038,0.41591326,0.32468888,-0.00814117,0.00219150,0.00843098
107.754289,0.41128690,0.32173393,0.42085329,0.31734005,-0.00956639,0.00439388,0.01052721
107.774364,0.41465558,0.31654422,0.42425618,0.31579316,-0.00960060,0.00075106,0.00962993
107.794420,0.41787693,0.31131311,0.42853858,0.31053314,-0.01066165,0.00077997,0.01069014
107.814442,0.42094981,0.30604245,0.43234964,0.30625495,-0.01139983,-0.00021250,0.01140181
107.834409,0.42387314,0.30073412,0.43574680,0.30260581,-0.01187366,-0.00187169,0.01202028
107.854470,0.42664586,0.29538999,0.43869718,0.29995546,-0.01205132,-0.00456547,0.01288712
107.874957,0.42926699,0.29001197,0.44154828,0.29672226,-0.01228129,-0.00671029,0.01399493
107.894472,0.43173561,0.28460197,0.44413406,0.29411982,-0.01239845,-0.00951785,0.01563045
107.914443,0.43405084,0.27916191,0.44678929,0.29078828,-0.01273845,-0.01162637,0.01724647
107.934425,0.43621185,0.27369373,0.44939009,0.28578696,-0.01317824,-0.01209323,0.01788609
107.954413,0.43821787,0.26819936,0.45213937,0.27887509,-0.01392150,-0.01067573,0.01754364
107.974397,0.44006820,0.26268077,0.45422780,0.27342099,-0.01415960,-0.01074022,0.01777207
107.994406,0.44176218,0.25713990,0.45535041,0.27022866,-0.01358823,-0.01308876,0.01886679
108.014258,0.44329920,0.25157873,0.45719764,0.26342307,-0.01389844,-0.01184434,0.01826075
108.034405,0.44467871,0.24599924,0.45845280,0.25842502,-0.01377409,-0.01242578,0.01855062
108.054598,0.44590024,0.24040340,0.45832482,0.25767600,-0.01242458,-0.01727260,0.02127705
108.074612,0.44696334,0.23479320,0.45919910,0.25231495,-0.01223576,-0.01752175,0.02137114
108.094463,0.44786763,0.22917065,0.45968017,0.24760173,-0.01181254,-0.01843108,0.02189157
108.114429,0.44861280,0.22353773,0.46086313,0.23935809,-0.01225033,-0.01582036,0.02000886
108.134436,0.44919858,0.21789645,0.46031823,0.23680199,-0.01111965,-0.01890554,0.02193322
108.154432,0.44962476,0.21224881,0.46052450,0.23066661,-0.01089974,-0.01841780,0.02140140
108.174435,0.44989119,0.20659681,0.46029510,0.22552642,-0.01040391,-0.01892961,0.02160027
108.194482,0.44999778,0.20094248,0.45922225,0.22271185,-0.00922447,-0.02176937,0.02364310
108.214400,0.44994448,0.19528780,0.45863045,0.21739886,-0.00868597,-0.02211106,0.02375595
108.234433,0.44973133,0.18963481,0.45776054,0.21215643,-0.00802921,-0.02252162,0.02391007
108.254633,0.44935838,0.18398549,0.45661316,0.20698769,-0.00725478,-0.02300220,0.02411914
108.274465,0.44882578,0.17834187,0.45540896,0.20127120,-0.00658318,-0.02292933,0.02385566
108.294483,0.44813372,0.17270594,0.45356473,0.19738891,-0.00543101,-0.02468297,0.02527341
108.314448,0.44728243,0.16707971,0.45239137,0.19088319,-0.00510894,-0.02380348,0.02434557
108.334390,0.44627223,0.16146517,0.45108052,0.18390415,-0.00480829,-0.02243898,0.02294837
108.354423,0.44510347,0.15586433,0.44887404,0.17984457,-0.00377057,-0.02398024,0.02427487
108.374428,0.44377656,0.15027916,0.44737169,0.17238548,-0.00359513,-0.02210632,0.02239675
108.394413,0.44229199,0.14471167,0.44540824,0.16593573,-0.00311625,-0.02122406,0.02145161
108.414459,0.44065026,0.13916381,0.44311950,0.16029756,-0.00246924,-0.02113375,0.02127752
108.434410,0.43885198,0.13363757,0.44068089,0.15422085,-0.00182891,-0.02058328,0.02066438
108.454525,0.43689778,0.12813491,0.43836605,0.14717615,-0.00146827,-0.01904124,0.01909777
108.474458,0.43478835,0.12265778,0.43552461,0.14212207,-0.00073626,-0.01946429,0.01947821
108.494581,0.43252444,0.11720814,0.43294652,0.13586792,-0.00042208,-0.01865978,0.01866456
108.514544,0.43010686,0.11178790,0.42970672,0.13043627,0.00040014,-0.01864837,0.01865266
108.534440,0.42753646,0.10639901,0.42677783,0.12353635,0.00075863,-0.01713734,0.01715413
108.554431,0.42481416,0.10104338,0.42377365,0.11705495,0.00104051,-0.01601157,0.01604534
108.574532,0.42194092,0.09572290,0.42027720,0.11238988,0.00166372,-0.01666698,0.01674981
108.594348,0.41891778,0.09043947,0.41745373,0.10469451,0.00146405,-0.01425504,0.01433002
108.614446,0.41574579,0.08519497,0.41353127,0.10028981,0.00221452,-0.01509484,0.01525642
108.634750,0.41242609,0.07999126,0.41044269,0.09223022,0.00198340,-0.01223896,0.01239863
108.654460,0.40895986,0.07483019,0.40719983,0.08454078,0.00176003,-0.00971059,0.00986880
108.674432,0.40534832,0.06971359,0.40374819,0.07686866,0.00160013,-0.00715507,0.00733181
108.694430,0.40159277,0.06464327,0.39994744,0.06995867,0.00164533,-0.00531540,0.00556422
108.714589,0.39769453,0.05962106,0.39544026,0.06559813,0.00225427,-0.00597707,0.00638804
108.734453,0.39365500,0.05464871,0.39180319,0.05754055,0.00185181,-0.00289184,0.00343394
108.754396,0.38947560,0.04972801,0.38747509,0.05233639,0.00200051,-0.00260838,0.00328720
108.774393,0.38515782,0.04486070,0.38298707,0.04779305,0.00217075,-0.00293235,0.00364840
108.794395,0.38070320,0.04004851,0.37891999,0.04137181,0.00178321,-0.00132330,0.00222057
108.814470,0.37611331,0.03529315,0.37463752,0.03589551,0.00147579,-0.00060236,0.00159398
108.834603,0.37138980,0.03059631,0.37008160,0.03163824,0.00130820,-0.00104193,0.00167242
108.854492,0.36653433,0.02595966,0.36581478,0.02669676,0.00071955,-0.00073710,0.00103008
108.874495,0.36154863,0.02138485,0.36085780,0.02393661,0.00069083,-0.00255176,0.00264362
108.894379,0.35643448,0.01687349,0.35597114,0.02091281,0.00046334,-0.00403932,0.00406581
108.914345,0.35119368,0.01242720,0.35148968,0.01594225,-0.00029600,-0.00351505,0.00352749
108.934482,0.34582811,0.00804756,0.34677084,0.01125135,-0.00094273,-0.00320379,0.00333961
108.954452,0.34033967,0.00373611,0.34219290,0.00576632,-0.00185323,-0.00203021,0.00274886
108.974471,0.33473031,-0.00050561,0.33766106,-0.00021432,-0.00293075,-0.00029129,0.00294519
108.994587,0.32900202,-0.00467608,0.33266057,-0.00483517,-0.00365855,0.00015909,0.00366201
109.014474,0.32315683,-0.00877384,0.32763638,-0.00989393,-0.00447955,0.00112009,0.00461746
109.034470,0.31719683,-0.01279742,0.32230273,-0.01375146,-0.00510590,0.00095404,0.00519427
109.054508,0.31112414,-0.01674539,0.31793668,-0.02170202,-0.00681254,0.00495663,0.00842489
109.074451,0.30494090,-0.02061636,0.31249450,-0.02638809,-0.00755360,0.00577173,0.00950631
109.094248,0.29864931,-0.02440894,0.30722083,-0.03233722,-0.00857152,0.00792828,0.01167598
109.114296,0.29225162,-0.02812179,0.30145096,-0.03705638,-0.00919934,0.00893459,0.01282399
109.134455,0.28575009,-0.03175359,0.29514840,-0.04066243,-0.00939831,0.00890884,0.01294973
109.154496,0.27914704,-0.03530305,0.28847559,-0.04279034,-0.00932855,0.00748729,0.01196166
109.174459,0.27244481,-0.03876890,0.28299489,-0.05048852,-0.01055008,0.01171962,0.01576876
109.194410,0.26564578,-0.04214993,0.27556015,-0.05058435,-0.00991437,0.00843442,0.01301669
109.214498,0.25875236,-0.04544492,0.26939145,-0.05554413,-0.01063909,0.01009921,0.01466916
109.234484,0.25176702,-0.04865270,0.26279546,-0.05988606,-0.01102844,0.01123336,0.01574214
109.254494,0.24469222,-0.05177214,0.25566444,-0.06269474,-0.01097222,0.01092260,0.01548201
109.274464,0.23753048,-0.05480212,0.24911825,-0.06822266,-0.01158777,0.01342054,0.01773097
109.294367,0.23028435,-0.05774157,0.24169224,-0.07048125,-0.01140789,0.01273968,0.01710086
109.314433,0.22295640,-0.06058945,0.23476887,-0.07513357,-0.01181247,0.01454412,0.01873675
109.334456,0.21554924,-0.06334475,0.22685263,-0.07596902,-0.01130339,0.01262427,0.01694517
109.354430,0.20806549,-0.06600648,0.22033555,-0.08231870,-0.01227006,0.01631222,0.02041183
109.374406,0.20050782,-0.06857369,0.21253593,-0.08385212,-0.01202811,0.01527843,0.01944494
109.394814,0.19287890,-0.07104549,0.20466092,-0.08506990,-0.01178202,0.01402441,0.01831665
109.414527,0.18518146,-0.07342098,0.19739853,-0.08902764,-0.01221707,0.01560666,0.01981981
109.434595,0.17741823,-0.07569933,0.18941905,-0.09092435,-0.01200082,0.01522502,0.01938610
109.454493,0.16959195,-0.07787973,0.18124588,-0.09354324,-0.01165393,0.01566351,0.01952331
109.474389,0.16170543,-0.07996139,0.17221525,-0.09341716,-0.01050982,0.01345577,0.01707378
109.494282,0.15376145,-0.08194359,0.16333219,-0.09452855,-0.00957074,0.01258496,0.01581076
109.514338,0.14576284,-0.08382561,0.15523778,-0.09908534,-0.00947494,0.01525973,0.01796201
109.534362,0.13771244,-0.08560679,0.14617797,-0.09983290,-0.00846553,0.01422611,0.01655437
109.554458,0.12961311,-0.08728649,0.13752464,-0.10175390,-0.00791153,0.01446741,0.01648934
109.574473,0.12146773,-0.08886413,0.12923170,-0.10475987,-0.00776397,0.01589574,0.01769051
109.594887,0.11327920,-0.09033913,0.11964666,-0.10304402,-0.00636746,0.01270489,0.01421122
109.614862,0.10505041,-0.09171098,0.11025485,-0.10228518,-0.00520444,0.01057420,0.01178558
109.634532,0.09678431,-0.09297918,0.10082640,-0.10133570,-0.00404209,0.00835652,0.00928277
109.654516,0.08848381,-0.09414329,0.09215909,-0.10340715,-0.00367528,0.00926386,0.00996628
109.674396,0.08015188,-0.09520289,0.08301287,-0.10346651,-0.00286099,0.00826362,0.00874486
109.694390,0.07179147,-0.09615760,0.07367332,-0.10250705,-0.00188185,0.00634945,0.00662246
109.714389,0.06340555,-0.09700710,0.06459196,-0.10235408,-0.00118641,0.00534698,0.00547702
109.734367,0.05499711,-0.09775107,0.05523595,-0.10121824,-0.00023884,0.00346717,0.00347538
109.754427,0.04656913,-0.09838924,0.04610318,-0.10104002,0.00046595,0.00265078,0.00269142
109.774505,0.03812459,-0.09892141,0.03707908,-0.10148256,0.00104551,0.00256115,0.00276633
109.794695,0.02966652,-0.09934736,0.02723020,-0.09876451,0.00243632,-0.00058285,0.00250507
109.814487,0.02119790,-0.09966696,0.01831648,-0.09921931,0.00288142,-0.00044765,0.00291599
109.834846,0.01272176,-0.09988009,0.00971754,-0.10074885,0.00300422,0.00086876,0.00312732
109.854395,0.00424109,-0.09998668,0.00084538,-0.10114097,0.00339571,0.00115429,0.00358653
109.874261,-0.00424109,-0.09998668,-0.00851736,-0.09938781,0.00427627,-0.00059887,0.00431800
109.894309,-0.01272176,-0.09988009,-0.01737994,-0.09943269,0.00465818,-0.00044740,0.00467962
109.914403,-0.02119790,-0.09966696,-0.02652218,-0.09846785,0.00532428,-0.00119911,0.00545763
109.934439,-0.02966652,-0.09934736,-0.03490102,-0.10016387,0.00523450,0.00081651,0.00529780
109.954439,-0.03812459,-0.09892141,-0.04434745,-0.09764974,0.00622286,-0.00127167,0.00635146
109.974374,-0.04656913,-0.09838924,-0.05334134,-0.09694545,0.00677221,-0.00144379,0.00692441
109.994719,-0.05499711,-0.09775107,-0.06304879,-0.09316668,0.00805168,-0.00458439,0.00926532
110.015094,-0.06340555,-0.09700710,-0.07233121,-0.09022568,0.00892566,-0.00678142,0.01120959
110.034907,-0.07179147,-0.09615760,-0.08098727,-0.08909629,0.00919580,-0.00706131,0.01159417
110.054383,-0.08015188,-0.09520289,-0.08968385,-0.08671356,0.00953197,-0.00848933,0.01276429
110.074324,-0.08848381,-0.09414329,-0.09789701,-0.08562495,0.00941320,-0.00851834,0.01269529
110.094349,-0.09678431,-0.09297918,-0.10578476,-0.08546360,0.00900045,-0.00751558,0.01172570
110.114416,-0.10505041,-0.09171098,-0.11456821,-0.08101995,0.00951780,-0.01069103,0.01431386
110.134411,-0.11327920,-0.09033913,-0.12289580,-0.07756459,0.00961660,-0.01277454,0.01598962
110.154466,-0.12146773,-0.08886413,-0.13043396,-0.07669084,0.00896623,-0.01217329,0.01511893
110.174793,-0.12961311,-0.08728649,-0.13857242,-0.07331654,0.00895931,-0.01396995,0.01659604
110.194477,-0.13771244,-0.08560679,-0.14628369,-0.07060895,0.00857125,-0.01499784,0.01727430
110.214449,-0.14576284,-0.08382561,-0.15385381,-0.06847261,0.00809097,-0.01535300,0.01735449
110.234276,-0.15376145,-0.08194359,-0.16126773,-0.06668154,0.00750628,-0.01526205,0.01700807
110.254167,-0.16170543,-0.07996139,-0.16877792,-0.06443264,0.00707249,-0.01552875,0.01706348
110.274453,-0.16959195,-0.07787973,-0.17640793,-0.06114420,0.00681598,-0.01673553,0.01807030
110.294418,-0.17741823,-0.07569933,-0.18298317,-0.06115269,0.00556494,-0.01454664,0.01557476
110.314364,-0.18518146,-0.07342098,-0.19046823,-0.05737053,0.00528677,-0.01605045,0.01689872
110.334370,-0.19287890,-0.07104549,-0.19668803,-0.05868770,0.00380913,-0.01235779,0.01293153
110.354458,-0.20050782,-0.06857369,-0.20404575,-0.05528411,0.00353793,-0.01328958,0.01375245
110.374861,-0.20806549,-0.06600648,-0.21134183,-0.05137423,0.00327634,-0.01463225,0.01499457
110.394432,-0.21554924,-0.06334475,-0.21707943,-0.05289806,0.00153019,-0.01044669,0.01055817
110.414309,-0.22295640,-0.06058945,-0.22359762,-0.05191643,0.00064122,-0.00867302,0.00869669
110.434566,-0.23028435,-0.05774157,-0.23084360,-0.04708390,0.00055925,-0.01065767,0.01067233
110.454274,-0.23753048,-0.05480212,-0.23737187,-0.04449885,-0.00015861,-0.01030327,0.01030449
110.474370,-0.24469222,-0.05177214,-0.24434315,-0.04037616,-0.00034907,-0.01139598,0.01140133
110.494386,-0.25176702,-0.04865270,-0.25174023,-0.03385789,-0.00002679,-0.01479481,0.01479483
110.514421,-0.25875236,-0.04544492,-0.25794371,-0.03124707,-0.00080865,-0.01419785,0.01422086
110.534766,-0.26564578,-0.04214993,-0.26426689,-0.02809060,-0.00137889,-0.01405933,0.01412679
110.554432,-0.27244481,-0.03876890,-0.27086364,-0.02357765,-0.00158117,-0.01519125,0.01527331
110.574788,-0.27914704,-0.03530305,-0.27684956,-0.02090208,-0.00229748,-0.01440097,0.01458309
110.594471,-0.28575009,-0.03175359,-0.28237490,-0.02004182,-0.00337519,-0.01171177,0.01218841
110.614331,-0.29225162,-0.02812179,-0.28905687,-0.01456704,-0.00319475,-0.01355475,0.01392615
110.634334,-0.29864931,-0.02440894,-0.29463274,-0.01309563,-0.00401657,-0.01131331,0.01200515
110.654372,-0.30494090,-0.02061636,-0.29997609,-0.01267970,-0.00496481,-0.00793666,0.00936162
110.674421,-0.31112414,-0.01674539,-0.30623795,-0.00834230,-0.00488619,-0.00840309,0.00972043
110.694386,-0.31719683,-0.01279742,-0.31224183,-0.00453708,-0.00495500,-0.00826034,0.00963251
110.714421,-0.32315683,-0.00877384,-0.31783651,-0.00177790,-0.00532032,-0.00699594,0.00878914
110.734492,-0.32900202,-0.00467608,-0.32311023,-0.00012066,-0.00589179,-0.00455542,0.00744749
110.754520,-0.33473031,-0.00050561,-0.32860919,0.00255151,-0.00612112,-0.00305712,0.00684209
110.774832,-0.34033967,0.00373611,-0.33487089,0.00855971,-0.00546878,-0.00482360,0.00729210
110.794433,-0.34582811,0.00804756,-0.34067462,0.01261813,-0.00515349,-0.00457057,0.00688829
110.814386,-0.35119368,0.01242720,-0.34581659,0.01455217,-0.00537709,-0.00212497,0.00578175
110.834564,-0.35643448,0.01687349,-0.35088164,0.01620367,-0.00555284,0.00066982,0.00559309
110.854348,-0.36154863,0.02138485,-0.35623779,0.01923949,-0.00531084,0.00214536,0.00572779
110.874432,-0.36653433,0.02595966,-0.36200454,0.02365528,-0.00452979,0.00230438,0.00508224
110.894401,-0.37138980,0.03059631,-0.36751292,0.02693563,-0.00387688,0.00366068,0.00533205
110.914430,-0.37611331,0.03529315,-0.37338376,0.03232319,-0.00272955,0.00296996,0.00403375
110.934500,-0.38070320,0.04004851,-0.37847604,0.03581456,-0.00222716,0.00423395,0.00478399
110.954462,-0.38515782,0.04486070,-0.38359641,0.03977086,-0.00156141,0.00508984,0.00532396
110.974441,-0.38947560,0.04972801,-0.38790008,0.04077095,-0.00157552,0.00895706,0.00909457
110.994475,-0.39365500,0.05464871,-0.39258402,0.04327710,-0.00107098,0.01137161,0.01142193
111.014337,-0.39769453,0.05962106,-0.39766548,0.04789480,-0.00002905,0.01172626,0.01172629
111.034306,-0.40159277,0.06464327,-0.40209563,0.05064066,0.00050286,0.01400261,0.01401163
111.054036,-0.40534832,0.06971359,-0.40606609,0.05160481,0.00071777,0.01810878,0.01812299
111.074410,-0.40895986,0.07483019,-0.41058682,0.05519018,0.00162696,0.01964001,0.01970728
111.094460,-0.41242609,0.07999126,-0.41565735,0.06069748,0.00323126,0.01929378,0.01956249
111.114434,-0.41574579,0.08519497,-0.42059768,0.06682730,0.00485189,0.01836767,0.01899768
111.134513,-0.41891778,0.09043947,-0.42417510,0.06928663,0.00525732,0.02115284,0.02179637
111.154459,-0.42194092,0.09572290,-0.42717591,0.07029404,0.00523499,0.02542886,0.02596213
111.174424,-0.42481416,0.10104338,-0.43105269,0.07516939,0.00623853,0.02587399,0.02661546
111.194430,-0.42753646,0.10639901,-0.43476537,0.08084405,0.00722891,0.02555496,0.02655774
111.214308,-0.43010686,0.11178790,-0.43771448,0.08438273,0.00760762,0.02740517,0.02844150
111.234344,-0.43252444,0.11720814,-0.44175283,0.09232131,0.00922839,0.02488683,0.02654275
111.254392,-0.43478835,0.12265778,-0.44451334,0.09644485,0.00972499,0.02621293,0.02795878
111.274369,-0.43689778,0.12813491,-0.44706918,0.10049794,0.01017140,0.02763697,0.02944927
111.294391,-0.43885198,0.13363757,-0.44936114,0.10407195,0.01050916,0.02956562,0.03137783
111.314461,-0.44065026,0.13916381,-0.45202956,0.10985332,0.01137930,0.02931049,0.03144190
111.334455,-0.44229199,0.14471167,-0.45396468,0.11426368,0.01167269,0.03044799,0.03260877
111.354779,-0.44377656,0.15027916,-0.45610775,0.12007322,0.01233119,0.03020594,0.03262602
111.374413,-0.44510347,0.15586433,-0.45823268,0.12709874,0.01312921,0.02876559,0.03162017
111.394217,-0.44627223,0.16146517,-0.45961818,0.13157320,0.01334595,0.02989197,0.03273598
111.414291,-0.44728243,0.16707971,-0.46075537,0.13574758,0.01347294,0.03133213,0.03410605
111.434392,-0.44813372,0.17270594,-0.46231325,0.14303094,0.01417953,0.02967500,0.03288867
111.454410,-0.44882578,0.17834187,-0.46350883,0.15079188,0.01468305,0.02754999,0.03121849
111.474417,-0.44935838,0.18398549,-0.46451036,0.15912179,0.01515198,0.02486370,0.02911677
111.494381,-0.44973133,0.18963481,-0.46497756,0.16662964,0.01524623,0.02300517,0.02759864
111.514435,-0.44994448,0.19528780,-0.46501846,0.17347429,0.01507398,0.02181351,0.02651517
111.534445,-0.44999778,0.20094248,-0.46455719,0.17888967,0.01455941,0.02205281,0.02642542
111.554417,-0.44989119,0.20659681,-0.46384700,0.18471730,0.01395581,0.02187951,0.02595144
111.574361,-0.44962476,0.21224881,-0.46316423,0.19092000,0.01353947,0.02132881,0.02526332
111.594314,-0.44919858,0.21789645,-0.46233608,0.19729431,0.01313750,0.02060214,0.02443445
111.614372,-0.44861280,0.22353773,-0.46181734,0.20591279,0.01320454,0.01762494,0.02202268
111.634418,-0.44786763,0.22917065,-0.46001669,0.20988262,0.01214906,0.01928803,0.02279534
111.654382,-0.44696334,0.23479320,-0.45840982,0.21524994,0.01144648,0.01954326,0.02264864
111.674396,-0.44590024,0.24040340,-0.45682047,0.22185460,0.01092023,0.01854880,0.02152462
111.694669,-0.44467871,0.24599924,-0.45519697,0.22914016,0.01051826,0.01685908,0.01987114
111.714518,-0.44329920,0.25157873,-0.45341825,0.23692964,0.01011905,0.01464909,0.01780424
111.734449,-0.44176218,0.25713990,-0.45148657,0.24502789,0.00972439,0.01211201,0.01553269
111.754374,-0.44006820,0.26268077,-0.44952991,0.25341535,0.00946171,0.00926542,0.01324281
111.774224,-0.43821787,0.26819936,-0.44660864,0.25891731,0.00839077,0.00928205,0.01251245
111.794304,-0.43621185,0.27369373,-0.44356446,0.26498342,0.00735261,0.00871031,0.01139870
111.814198,-0.43405084,0.27916191,-0.44072551,0.27241810,0.00667467,0.00674381,0.00948843
111.834593,-0.43173561,0.28460197,-0.43750130,0.27837550,0.00576569,0.00622647,0.00848600
111.854383,-0.42926699,0.29001197,-0.43445733,0.28565364,0.00519034,0.00435833,0.00677751
111.874383,-0.42664586,0.29538999,-0.43112246,0.29267665,0.00447660,0.00271334,0.00523470
111.894350,-0.42387314,0.30073412,-0.42786920,0.30047974,0.00399606,0.00025438,0.00400415
111.914505,-0.42094981,0.30604245,-0.42402079,0.30559560,0.00307098,0.00044685,0.00310332
111.934498,-0.41787693,0.31131311,-0.41976250,0.30953243,0.00188557,0.00178068,0.00259349
111.954443,-0.41465558,0.31654422,-0.41629943,0.31710404,0.00164385,-0.00055982,0.00173656
111.974397,-0.41128690,0.32173393,-0.41262056,0.32505894,0.00133366,-0.00332501,0.00358250
111.994386,-0.40777209,0.32688038,-0.40828636,0.33096665,0.00051427,-0.00408627,0.00411850
112.014394,-0.40411241,0.33198175,-0.40391491,0.33682505,-0.00019750,-0.00484330,0.00484733
112.034408,-0.40030914,0.33703623,-0.39959039,0.34353571,-0.00071875,-0.00649948,0.00653910
112.054427,-0.39636365,0.34204202,-0.39490060,0.34909802,-0.00146305,-0.00705600,0.00720608
112.074364,-0.39227733,0.34699735,-0.39025694,0.35491105,-0.00202039,-0.00791370,0.00816754
112.094396,-0.38805164,0.35190044,-0.38620678,0.36332222,-0.00184486,-0.01142178,0.01156981
112.114287,-0.38368807,0.35674957,-0.38069249,0.36651164,-0.00299558,-0.00976207,0.01021134
112.134449,-0.37918819,0.36154300,-0.37648542,0.37518725,-0.00270277,-0.01364425,0.01390937
112.154342,-0.37455357,0.36627904,-0.37146168,0.38049109,-0.00309189,-0.01421205,0.01454449
112.174356,-0.36978588,0.37095600,-0.36629056,0.38553425,-0.00349532,-0.01457825,0.01499142
112.194294,-0.36488681,0.37557223,-0.36086281,0.38997425,-0.00402400,-0.01440202,0.01495362
112.214402,-0.35985810,0.38012607,-0.35586321,0.39572807,-0.00399489,-0.01560200,0.01610533
112.234369,-0.35470153,0.38461591,-0.35058360,0.40026121,-0.00411793,-0.01564530,0.01617816
112.254455,-0.34941893,0.38904016,-0.34532131,0.40503743,-0.00409762,-0.01599727,0.01651372
112.274377,-0.34401219,0.39339725,-0.34006574,0.41045802,-0.00394645,-0.01706077,0.01751127
112.294429,-0.33848322,0.39768562,-0.33490837,0.41655175,-0.00357485,-0.01886613,0.01920184
112.314732,-0.33283399,0.40190375,-0.32977842,0.42232896,-0.00305557,-0.02042521,0.02065250
112.334443,-0.32706651,0.40605015,-0.32445085,0.42761116,-0.00261566,-0.02156101,0.02171909
112.354461,-0.32118282,0.41012335,-0.31887314,0.43191710,-0.00230968,-0.02179375,0.02191579
112.374182,-0.31518502,0.41412188,-0.31294885,0.43515156,-0.00223617,-0.02102968,0.02114823
112.394343,-0.30907523,0.41804434,-0.30743894,0.43912322,-0.00163629,-0.02107888,0.02114230
112.414386,-0.30285563,0.42188933,-0.30236555,0.44466817,-0.00049008,-0.02277884,0.02278412
112.434387,-0.29652843,0.42565548,-0.29661077,0.44765866,0.00008234,-0.02200318,0.02200334
112.454386,-0.29009587,0.42934146,-0.29110078,0.45168620,0.00100491,-0.02234474,0.02236733
112.474377,-0.28356024,0.43294595,-0.28506515,0.45368689,0.00150491,-0.02074094,0.02079546
112.494469,-0.27692387,0.43646768,-0.27908484,0.45619749,0.00216097,-0.01972981,0.01984780
112.514465,-0.27018910,0.43990540,-0.27321500,0.45915137,0.00302590,-0.01924597,0.01948239
112.534434,-0.26335834,0.44325787,-0.26688954,0.46071380,0.00353120,-0.01745593,0.01780952
112.554474,-0.25643401,0.44652392,-0.26042649,0.46215916,0.00399248,-0.01563524,0.01613694
112.574513,-0.24941857,0.44970238,-0.25412635,0.46442719,0.00470778,-0.01472481,0.01545909
112.594470,-0.24231451,0.45279212,-0.24803423,0.46763161,0.00571972,-0.01483949,0.01590364
112.614438,-0.23512435,0.45579205,-0.24108958,0.46768882,0.00596523,-0.01189677,0.01330853
112.634460,-0.22785066,0.45870109,-0.23446846,0.46922108,0.00661780,-0.01051999,0.01242841
112.654484,-0.22049602,0.46151822,-0.22799983,0.47236614,0.00750381,-0.01084792,0.01319032
112.674451,-0.21306303,0.46424243,-0.22091230,0.47375781,0.00784927,-0.00951538,0.01233505
112.694477,-0.20555435,0.46687276,-0.21337477,0.47370117,0.00782042,-0.00682841,0.01038201
112.714523,-0.19797263,0.46940827,-0.20638534,0.47629512,0.00841271,-0.00688685,0.01087209
112.734454,-0.19032057,0.47184806,-0.19866392,0.47669452,0.00834335,-0.00484646,0.00964882
112.754423,-0.18260089,0.47419127,-0.19127862,0.47912469,0.00867773,-0.00493342,0.00998207
112.774477,-0.17481634,0.47643705,-0.18387786,0.48126492,0.00906152,-0.00482787,0.01026740
112.794460,-0.16696967,0.47858462,-0.17673900,0.48499480,0.00976933,-0.00641018,0.01168461
112.814565,-0.15906368,0.48063321,-0.16799672,0.48265700,0.00893304,-0.00202379,0.00915942
112.834500,-0.15110118,0.48258209,-0.16001572,0.48336876,0.00891454,-0.00078667,0.00894918
112.854462,-0.14308499,0.48443057,-0.15163897,0.48270242,0.00855398,0.00172815,0.00872680
112.874489,-0.13501796,0.48617800,-0.14386469,0.48507052,0.00884673,0.00110748,0.00891578
112.894395,-0.12690296,0.48782374,-0.13555015,0.48572818,0.00864719,0.00209556,0.00889748
112.914413,-0.11874287,0.48936723,-0.12760768,0.48807553,0.00886481,0.00129170,0.00895842
112.934460,-0.11054060,0.49080790,-0.11916494,0.48827634,0.00862434,0.00253156,0.00898822
112.954477,-0.10229905,0.49214525,-0.11090328,0.48885697,0.00860423,0.00328828,0.00921116
112.974384,-0.09402115,0.49337880,-0.10253966,0.48885051,0.00851851,0.00452829,0.00964730
112.994350,-0.08570985,0.49450812,-0.09379834,0.48756399,0.00808849,0.00694413,0.01066043
113.014498,-0.07736810,0.49553280,-0.08527466,0.48707395,0.00790656,0.00845885,0.01157868
113.034461,-0.06899885,0.49645248,-0.07655438,0.48589700,0.00755553,0.01055548,0.01298092
113.054445,-0.06060510,0.49726683,-0.06761656,0.48423555,0.00701146,0.01303128,0.01479780
113.074450,-0.05218981,0.49797556,-0.05847688,0.48184477,0.00628707,0.01613079,0.01731270
113.094445,-0.04375597,0.49857842,-0.04953910,0.48019420,0.00578313,0.01838422,0.01927236
113.114375,-0.03530659,0.49907520,-0.04094706,0.48006833,0.00564047,0.01900687,0.01982614
113.134586,-0.02684467,0.49946572,-0.03217122,0.47976251,0.00532655,0.01970321,0.02041051
113.154566,-0.01837321,0.49974984,-0.02386225,0.48198732,0.00548904,0.01776252,0.01859130
113.174590,-0.00989522,0.49992746,-0.01445419,0.48040195,0.00455897,0.01952551,0.02005068
113.194424,-0.00141371,0.49999852,-0.00544313,0.48042450,0.00402942,0.01957402,0.01998445
113.214438,0.00706829,0.49996299,0.00357041,0.48043150,0.00349788,0.01953149,0.01984223
113.234560,0.01554779,0.49982088,0.01275469,0.48003445,0.00279310,0.01978643,0.01998260
113.254519,0.02402176,0.49957225,0.02179514,0.48098220,0.00222662,0.01859005,0.01872292
113.274495,0.03248720,0.49921719,0.03139693,0.47947257,0.00109027,0.01974462,0.01977470
113.294474,0.04094109,0.49875581,0.04000579,0.48169553,0.00093530,0.01706028,0.01708589
113.314462,0.04938044,0.49818829,0.04991747,0.47836725,-0.00053703,0.01982104,0.01982832
113.334449,0.05780224,0.49751482,0.05838232,0.48049651,-0.00058008,0.01701831,0.01702820
113.354433,0.06620351,0.49673564,0.06712347,0.48152107,-0.00091996,0.01521457,0.01524236
113.374442,0.07458126,0.49585104,0.07633683,0.48043287,-0.00175557,0.01541817,0.01551779
113.395987,0.07876038,0.49536930,0.08548378,0.47978946,-0.00672340,0.01557984,0.01696866
113.415816,0.07876038,0.49536930,0.09055267,0.47723513,-0.01179229,0.01813417,0.02163115
113.435796,0.07876038,0.49536930,0.09745959,0.48375689,-0.01869921,0.01161241,0.02201155
113.453933,0.07876038,0.49536930,0.11188321,0.47529393,-0.03312283,0.02007537,0.03873167
113.474258,0.08293250,0.49486132,0.11192816,0.50427290,-0.02899566,-0.00941158,0.03048485
113.494401,0.09125428,0.49376684,0.11991521,0.50065174,-0.02866093,-0.00688490,0.02947627
113.514478,0.09954364,0.49256799,0.12790388,0.49491411,-0.02836024,-0.00234612,0.02845712
113.534393,0.10779763,0.49126519,0.13505166,0.49050850,-0.02725403,0.00075669,0.02726453
113.554347,0.11601332,0.48985890,0.14152980,0.48771385,-0.02551648,0.00214505,0.02560648
113.574479,0.12418780,0.48834963,0.14838099,0.48322354,-0.02419319,0.00512609,0.02473029
113.594775,0.13231815,0.48673790,0.15411430,0.48293468,-0.02179615,0.00380322,0.02212547
113.614725,0.14040148,0.48502431,0.16019084,0.48159069,-0.01978936,0.00343362,0.02008504
113.634368,0.14843494,0.48320944,0.16712795,0.47625002,-0.01869301,0.00695942,0.01994648
113.654256,0.15641565,0.48129395,0.17341330,0.47389846,-0.01699765,0.00739549,0.01853682
113.674169,0.16434079,0.47927852,0.17958302,0.47243425,-0.01524223,0.00684427,0.01670837
113.694233,0.17220754,0.47716386,0.18559469,0.47213551,-0.01338715,0.00502835,0.01430035
113.714694,0.18001311,0.47495073,0.19200198,0.47024966,-0.01198887,0.00470107,0.01287762
113.734276,0.18775472,0.47263990,0.19867049,0.46736477,-0.01091577,0.00527513,0.01212357
113.754547,0.19542962,0.47023222,0.20489311,0.46610386,-0.00946349,0.00412836,0.01032478
113.774857,0.20303509,0.46772851,0.21161529,0.46276406,-0.00858020,0.00496445,0.00991290
113.794906,0.21056842,0.46512969,0.21730545,0.46357024,-0.00673703,0.00155945,0.00691516
113.814452,0.21802693,0.46243667,0.22364631,0.46190978,-0.00561938,0.00052689,0.00564402
113.834213,0.22540798,0.45965040,0.23024780,0.45945242,-0.00483982,0.00019798,0.00484387
113.854576,0.23270895,0.45677188,0.23650998,0.45867666,-0.00380103,-0.00190478,0.00425159
113.874349,0.23992723,0.45380213,0.24320913,0.45547678,-0.00328190,-0.00167465,0.00368447
113.894344,0.24706027,0.45074221,0.24978766,0.45251119,-0.00272739,-0.00176898,0.00325083
113.914298,0.25410553,0.44759320,0.25571074,0.45218452,-0.00160521,-0.00459132,0.00486384
113.934373,0.26106050,0.44435622,0.26261867,0.44758905,-0.00155817,-0.00323283,0.00358875
113.954413,0.26792273,0.44103242,0.26894671,0.44455508,-0.00102398,-0.00352266,0.00366847
113.974839,0.27468976,0.43762298,0.27482017,0.44275752,-0.00013041,-0.00513454,0.00513620
113.994422,0.28135920,0.43412912,0.28076492,0.44066290,0.00059428,-0.00653378,0.00656075
114.014449,0.28792867,0.43055208,0.28714836,0.43623395,0.00078031,-0.00568187,0.00573520
114.034387,0.29439584,0.42689311,0.29334437,0.43245523,0.00105147,-0.00556212,0.00566063
114.054444,0.30075841,0.42315354,0.29857600,0.43189306,0.00218241,-0.00873952,0.00900789
114.074351,0.30701412,0.41933468,0.30456232,0.42818734,0.00245180,-0.00885266,0.00918591
114.094355,0.31316076,0.41543789,0.31054655,0.42474548,0.00261421,-0.00930759,0.00966774
114.114431,0.31919613,0.41146456,0.31640300,0.42174833,0.00279313,-0.01028377,0.01065634
114.134322,0.32511809,0.40741609,0.32135316,0.42153262,0.00376493,-0.01411653,0.01460996
114.154730,0.33092454,0.40329393,0.32657450,0.41994531,0.00435004,-0.01665138,0.01721021
114.174750,0.33661341,0.39909954,0.33268358,0.41471758,0.00392983,-0.01561804,0.01610487
114.194464,0.34218268,0.39483441,0.33757121,0.41384170,0.00461147,-0.01900729,0.01955870
114.214593,0.34763038,0.39050006,0.34297666,0.41009895,0.00465372,-0.01959889,0.02014383
114.234405,0.35295457,0.38609803,0.34818431,0.40643798,0.00477026,-0.02033995,0.02089184
114.254294,0.35815336,0.38162987,0.35339940,0.40163445,0.00475396,-0.02000458,0.02056170
114.274439,0.36322489,0.37709718,0.35749652,0.40077322,0.00572837,-0.02367604,0.02435917
114.294404,0.36816737,0.37250158,0.36232562,0.39724931,0.00584175,-0.02474773,0.02542787
114.314517,0.37297905,0.36784468,0.36775393,0.39079385,0.00522512,-0.02294917,0.02353649
114.334389,0.37765820,0.36312814,0.37284218,0.38530804,0.00481602,-0.02217990,0.02269674
114.354738,0.38220318,0.35835365,0.37764757,0.38018022,0.00455561,-0.02182657,0.02229692
114.374482,0.38661236,0.35352290,0.38136699,0.37907416,0.00524537,-0.02555126,0.02608411
114.394432,0.39088418,0.34863760,0.38608813,0.37401347,0.00479605,-0.02537587,0.02582512
114.414251,0.39501712,0.34369949,0.39094970,0.36785393,0.00406742,-0.02415444,0.02449451
114.434222,0.39900972,0.33871033,0.39513302,0.36366149,0.00387670,-0.02495116,0.02525053
114.454344,0.40286054,0.33367188,0.39933223,0.35923715,0.00352831,-0.02556527,0.02580760
114.474404,0.40656823,0.32858594,0.40320603,0.35568444,0.00336220,-0.02709850,0.02730628
114.494360,0.41013147,0.32345431,0.40813971,0.34685935,0.00199176,-0.02340504,0.02348964
114.514312,0.41354900,0.31827882,0.41216025,0.34082352,0.00138875,-0.02254470,0.02258743
114.534469,0.41681959,0.31306130,0.41546879,0.33713222,0.00135080,-0.02407092,0.02410879
114.554855,0.41994208,0.30780362,0.41968069,0.32957603,0.00026139,-0.02177241,0.02177398
114.574477,0.42291538,0.30250763,0.42337431,0.32297411,-0.00045893,-0.02046648,0.02047162
114.594458,0.42573841,0.29717523,0.42676549,0.31717970,-0.00102708,-0.02000447,0.02003082
114.614189,0.42841018,0.29180829,0.43014122,0.31122781,-0.00173104,-0.01941952,0.01949652
114.634219,0.43092974,0.28640874,0.43325405,0.30630510,-0.00232431,-0.01989636,0.02003167
114.654238,0.43329619,0.28097849,0.43654803,0.29986585,-0.00325184,-0.01888736,0.01916525
114.674357,0.43550870,0.27551946,0.43930172,0.29460022,-0.00379302,-0.01908076,0.01945411
114.694425,0.43756646,0.27003361,0.44225445,0.28828871,-0.00468799,-0.01825510,0.01884744
114.714361,0.43946877,0.26452287,0.44504867,0.28186415,-0.00557990,-0.01734128,0.01821690
114.734437,0.44121493,0.25898921,0.44770033,0.27503170,-0.00648540,-0.01604249,0.01730381
114.754713,0.44280433,0.25343459,0.45029046,0.26770516,-0.00748613,-0.01427057,0.01611494
114.774667,0.44423641,0.24786098,0.45210650,0.26215027,-0.00787009,-0.01428929,0.01631325
114.794546,0.44551065,0.24227037,0.45343593,0.25826781,-0.00792528,-0.01599744,0.01785296
114.814383,0.44662660,0.23666474,0.45546582,0.25139251,-0.00883922,-0.01472777,0.01717670
114.834408,0.44758387,0.23104608,0.45770195,0.24222286,-0.01011808,-0.01117678,0.01507633
114.854382,0.44838211,0.22541640,0.45959891,0.23357754,-0.01121680,-0.00816114,0.01387158
114.874409,0.44902104,0.21977768,0.46112510,0.22528910,-0.01210406,-0.00551142,0.01329977
114.894331,0.44950044,0.21413194,0.46204225,0.21803162,-0.01254181,-0.00389968,0.01313409
114.914406,0.44982014,0.20848117,0.46296645,0.20976419,-0.01314631,-0.00128302,0.01320877
114.934464,0.44998001,0.20282739,0.46329719,0.20317027,-0.01331718,-0.00034288,0.01332159
114.954444,0.44998001,0.19717261,0.46341125,0.19655161,-0.01343124,0.00062100,0.01344559
114.974523,0.44982014,0.19151883,0.46380142,0.18853001,-0.01398128,0.00298882,0.01429718
114.994095,0.44950044,0.18586806,0.46372419,0.18192742,-0.01422375,0.00394064,0.01475953
115.014507,0.44902104,0.18022232,0.46386626,0.17373674,-0.01484522,0.00648558,0.01620010
115.034294,0.44838211,0.17458360,0.46306222,0.16825946,-0.01468011,0.00632414,0.01598438
115.054341,0.44758387,0.16895392,0.46172404,0.16399353,-0.01414017,0.00496039,0.01498499
115.074373,0.44662660,0.16333526,0.46071090,0.15746156,-0.01408430,0.00587370,0.01526001
115.094398,0.44551065,0.15772963,0.45920352,0.15238552,-0.01369287,0.00534411,0.01469878
115.114869,0.44423641,0.15213902,0.45793202,0.14510948,-0.01369561,0.00702954,0.01539429
115.134782,0.44280433,0.14656541,0.45602600,0.13987566,-0.01322167,0.00668975,0.01481774
115.154482,0.44121493,0.14101079,0.45373154,0.13581424,-0.01251661,0.00519655,0.01355248
115.174380,0.43946877,0.13547713,0.45179247,0.12923820,-0.01232370,0.00623893,0.01381296
115.194320,0.43756646,0.12996639,0.44957082,0.12243651,-0.01200436,0.00752988,0.01417052
115.214227,0.43550870,0.12448054,0.44753675,0.11368953,-0.01202805,0.01079101,0.01615920
115.234289,0.43329619,0.11902151,0.44458222,0.10771458,-0.01128603,0.01130693,0.01597564
115.254392,0.43092974,0.11359126,0.44135931,0.10196945,-0.01042957,0.01162181,0.01561546
115.274304,0.42841018,0.10819171,0.43834869,0.09427837,-0.00993851,0.01391334,0.01709839
115.294394,0.42573841,0.10282477,0.43474378,0.08801789,-0.00900537,0.01480688,0.01733034
115.314937,0.42291538,0.09749237,0.43106768,0.08169560,-0.00815230,0.01579677,0.01777633
115.334760,0.41994208,0.09219638,0.42668778,0.07732043,-0.00674570,0.01487595,0.01633396
115.354465,0.41681959,0.08693870,0.42217711,0.07354029,-0.00535752,0.01339841,0.01442984
115.374465,0.41354900,0.08172118,0.41733498,0.07069788,-0.00378598,0.01102330,0.01165533
115.394551,0.41013147,0.07654569,0.41365857,0.06320699,-0.00352710,0.01333870,0.01379715
115.414338,0.40656823,0.07141406,0.40946594,0.05766831,-0.00289771,0.01374575,0.01404786
115.434347,0.40286054,0.06632812,0.40517230,0.05189887,-0.00231176,0.01442925,0.01461327
115.454481,0.39900972,0.06128967,0.40049089,0.04801197,-0.00148117,0.01327770,0.01336006
115.474379,0.39501712,0.05630051,0.39563715,0.04486753,-0.00062003,0.01143298,0.01144979
115.494708,0.39088418,0.05136240,0.39133347,0.03947052,-0.00044929,0.01189188,0.01190036
115.515175,0.38661236,0.04647710,0.38684038,0.03477266,-0.00022802,0.01170444,0.01170666
115.534944,0.38220318,0.04164635,0.38280782,0.02779488,-0.00060464,0.01385147,0.01386466
115.554444,0.37765820,0.03687186,0.37840246,0.02131268,-0.00074426,0.01555918,0.01557697
115.574342,0.37297905,0.03215532,0.37257426,0.01990736,0.00040479,0.01224796,0.01225465
115.594303,0.36816737,0.02749842,0.36722455,0.01618332,0.00094282,0.01131510,0.01135431
115.614271,0.36322489,0.02290282,0.36195335,0.01164725,0.00127154,0.01125557,0.01132716
115.634410,0.35815336,0.01837013,0.35667839,0.00687370,0.00147497,0.01149643,0.01159066
115.654449,0.35295457,0.01390197,0.35115027,0.00234754,0.00180430,0.01155443,0.01169446
115.674370,0.34763038,0.00949994,0.34536443,-0.00132132,0.00226595,0.01082126,0.01105596
115.694760,0.34218268,0.00516559,0.33953836,-0.00556542,0.00264432,0.01073101,0.01105202
115.714919,0.33661341,0.00090046,0.33405190,-0.01115259,0.00256151,0.01205305,0.01232223
115.734666,0.33092454,-0.00329393,0.32819891,-0.01489685,0.00272563,0.01160292,0.01191876
115.754467,0.32511809,-0.00741609,0.32156433,-0.01521157,0.00355376,0.00779548,0.00856731
115.774426,0.31919613,-0.01146456,0.31563435,-0.01804528,0.00356178,0.00658072,0.00748279
115.794340,0.31316076,-0.01543789,0.30988660,-0.02162668,0.00327416,0.00618879,0.00700152
115.814358,0.30701412,-0.01933468,0.30379935,-0.02427920,0.00321477,0.00494452,0.00589771
115.834432,0.30075841,-0.02315354,0.29730093,-0.02526017,0.00345748,0.00210663,0.00404871
115.854446,0.29439584,-0.02689311,0.29084907,-0.02571756,0.00354677,-0.00117555,0.00373651
115.874472,0.28792867,-0.03055208,0.28491175,-0.02799850,0.00301692,-0.00255358,0.00395254
115.894588,0.28135920,-0.03412912,0.27929125,-0.03230653,0.00206795,-0.00182259,0.00275649
115.914639,0.27468976,-0.03762298,0.27334842,-0.03529113,0.00134134,-0.00233185,0.00269011
115.935126,0.26792273,-0.04103242,0.26704430,-0.03729640,0.00087843,-0.00373602,0.00383790
115.954641,0.26106050,-0.04435622,0.26027163,-0.03799260,0.00078887,-0.00636362,0.00641233
115.974376,0.25410553,-0.04759320,0.25362556,-0.03949878,0.00047997,-0.00809442,0.00810863
115.994202,0.24706027,-0.05074221,0.24697049,-0.04099842,0.00008978,-0.00974379,0.00974420
116.014195,0.23992723,-0.05380213,0.24016422,-0.04231303,-0.00023699,-0.01148910,0.01149154
116.034226,0.23270895,-0.05677188,0.23328516,-0.04375240,-0.00057621,-0.01301948,0.01303222
116.054387,0.22540798,-0.05965040,0.22660862,-0.04594575,-0.00120064,-0.01370465,0.01375714
116.074409,0.21802693,-0.06243667,0.22067738,-0.05143529,-0.00265045,-0.01100138,0.01131615
116.094841,0.21056842,-0.06512969,0.21319660,-0.05077992,-0.00262818,-0.01434977,0.01458846
116.114662,0.20303509,-0.06772851,0.20665290,-0.05351547,-0.00361781,-0.01421304,0.01466626
116.134585,0.19542962,-0.07023222,0.19996494,-0.05643871,-0.00453532,-0.01379351,0.01451998
116.154096,0.18775472,-0.07263990,0.19251553,-0.05703295,-0.00476081,-0.01560695,0.01631693
116.174227,0.18001311,-0.07495073,0.18549005,-0.05943430,-0.00547694,-0.01551643,0.01645468
116.194635,0.17220754,-0.07716386,0.17839287,-0.06213168,-0.00618533,-0.01503218,0.01625499
116.214521,0.16434079,-0.07927852,0.17096556,-0.06393719,-0.00662477,-0.01534133,0.01671060
116.234678,0.15641565,-0.08129395,0.16341948,-0.06529238,-0.00700383,-0.01600157,0.01746722
116.254439,0.14843494,-0.08320944,0.15621006,-0.06796063,-0.00777512,-0.01524881,0.01711662
116.274470,0.14040148,-0.08502431,0.14762975,-0.06528636,-0.00722827,-0.01973795,0.02101986
116.294591,0.13231815,-0.08673790,0.13992058,-0.06566036,-0.00760243,-0.02107754,0.02240669
116.314495,0.12418780,-0.08834963,0.13229927,-0.06630820,-0.00811147,-0.02204143,0.02348660
116.334398,0.11601332,-0.08985890,0.12484273,-0.06828748,-0.00882941,-0.02157142,0.02330847
116.354422,0.10779763,-0.09126519,0.11718584,-0.06951458,-0.00938821,-0.02175061,0.02369025
116.374439,0.09954364,-0.09256799,0.10972201,-0.07182245,-0.01017837,-0.02074554,0.02310794
116.394372,0.09125428,-0.09376684,0.10195595,-0.07368948,-0.01070167,-0.02007736,0.02275140
116.414377,0.08293250,-0.09486132,0.09426853,-0.07626912,-0.01133603,-0.01859220,0.02177557
116.434370,0.07458126,-0.09585104,0.08642599,-0.07831331,-0.01184473,-0.01753773,0.02116293
116.454425,0.06620351,-0.09673564,0.07791981,-0.07818062,-0.01171630,-0.01855502,0.02194448
116.475054,0.05780224,-0.09751482,0.06951144,-0.07906471,-0.01170920,-0.01845011,0.02185205
116.495119,0.04938044,-0.09818829,0.06079909,-0.07935563,-0.01141865,-0.01883266,0.02202396
116.514774,0.04094109,-0.09875581,0.05212655,-0.08005449,-0.01118546,-0.01870132,0.02179114
116.534572,0.03248720,-0.09921719,0.04319464,-0.08053323,-0.01070744,-0.01868396,0.02153462
116.554280,0.02402176,-0.09957225,0.03448002,-0.08229637,-0.01045826,-0.01727588,0.02019483
116.574574,0.01554779,-0.09982088,0.02551492,-0.08317061,-0.00996713,-0.01665027,0.01940555
116.594381,0.00706829,-0.09996299,0.01584733,-0.08115038,-0.00877904,-0.01881261,0.02076020
116.614390,-0.00141371,-0.09999852,0.00683803,-0.08210774,-0.00825174,-0.01789078,0.01970206
116.634376,-0.00989522,-0.09992746,-0.00174290,-0.08492691,-0.00815232,-0.01500055,0.01707269
116.654645,-0.01837321,-0.09974984,-0.01078412,-0.08623251,-0.00758909,-0.01351733,0.01550202
116.675004,-0.02684467,-0.09946572,-0.01931838,-0.08976387,-0.00752629,-0.00970185,0.01227888
116.694941,-0.03530659,-0.09907520,-0.02903242,-0.08896504,-0.00627417,-0.01011016,0.01189876
116.714986,-0.04375597,-0.09857842,-0.03816833,-0.09030444,-0.00558764,-0.00827398,0.00998401
116.734246,-0.05218981,-0.09797556,-0.04730073,-0.09175758,-0.00488908,-0.00621798,0.00790989
116.754227,-0.06060510,-0.09726683,-0.05639102,-0.09354509,-0.00421408,-0.00372174,0.00562226
116.774358,-0.06899885,-0.09645248,-0.06550667,-0.09487348,-0.00349218,-0.00157900,0.00383257
116.794258,-0.07736810,-0.09553280,-0.07529160,-0.09340389,-0.00207650,-0.00212891,0.00297391
116.814377,-0.08570985,-0.09450812,-0.08428842,-0.09425795,-0.00142143,-0.00025017,0.00144328
116.834490,-0.09402115,-0.09337880,-0.09386387,-0.09236324,-0.00015728,-0.00101556,0.00102767
116.854516,-0.10229905,-0.09214525,-0.10244754,-0.09370935,0.00014849,0.00156410,0.00157114
116.874532,-0.11054060,-0.09080790,-0.11118236,-0.09468742,0.00064176,0.00387952,0.00393224
116.894514,-0.11874287,-0.08936723,-0.12076707,-0.09198923,0.00202420,0.00262200,0.00331244
116.914404,-0.12690296,-0.08782374,-0.12933982,-0.09280944,0.00243686,0.00498570,0.00554937
116.934398,-0.13501796,-0.08617800,-0.13878652,-0.08986440,0.00376856,0.00368640,0.00527178
116.954474,-0.14308499,-0.08443057,-0.14782873,-0.08818598,0.00474374,0.00375541,0.00605030
116.974428,-0.15110118,-0.08258209,-0.15605437,-0.08935793,0.00495319,0.00677584,0.00839322
116.994434,-0.15906368,-0.08063321,-0.16481171,-0.08813063,0.00574803,0.00749742,0.00944728
117.014433,-0.16696967,-0.07858462,-0.17303290,-0.08867802,0.00606323,0.01009340,0.01177453
117.034597,-0.17481634,-0.07643705,-0.18142290,-0.08814365,0.00660656,0.01170660,0.01344214
117.054597,-0.18260089,-0.07419127,-0.19006481,-0.08593134,0.00746392,0.01174007,0.01391184
117.074598,-0.19032057,-0.07184806,-0.19820962,-0.08515610,0.00788905,0.01330804,0.01547065
117.094521,-0.19797263,-0.06940827,-0.20682703,-0.08248621,0.00885440,0.01307794,0.01579344
117.114412,-0.20555435,-0.06687276,-0.21474348,-0.08136013,0.00918913,0.01448737,0.01715587
117.134461,-0.21306303,-0.06424243,-0.22258579,-0.08029033,0.00952276,0.01604790,0.01866060
117.154501,-0.22049602,-0.06151822,-0.23029033,-0.07956219,0.00979431,0.01804397,0.02053079
117.174483,-0.22785066,-0.05870109,-0.23764006,-0.07950749,0.00978940,0.02080640,0.02299432
117.194404,-0.23512435,-0.05579205,-0.24582453,-0.07507599,0.01070018,0.01928394,0.02205367
117.214555,-0.24231451,-0.05279212,-0.25313340,-0.07306005,0.01081889,0.02026793,0.02297471
117.234623,-0.24941857,-0.04970238,-0.25984509,-0.07247401,0.01042652,0.02277163,0.02504514
117.254528,-0.25643401,-0.04652392,-0.26656962,-0.07116022,0.01013561,0.02463630,0.02663978
117.274466,-0.26335834,-0.04325787,-0.27337969,-0.06849122,0.01002135,0.02523335,0.02715050
117.294407,-0.27018910,-0.03990540,-0.27998928,-0.06530296,0.00980018,0.02539756,0.02722277
117.314474,-0.27692387,-0.03646768,-0.28666635,-0.06094659,0.00974248,0.02447891,0.02634641
117.334422,-0.28356024,-0.03294595,-0.29311654,-0.05666612,0.00955630,0.02372017,0.02557283
117.354443,-0.29009587,-0.02934146,-0.29920648,-0.05297021,0.00911061,0.02362875,0.02532432
117.374460,-0.29652843,-0.02565548,-0.30469447,-0.05092765,0.00816604,0.02527217,0.02655874
117.394491,-0.30285563,-0.02188933,-0.31106323,-0.04500015,0.00820760,0.02311082,0.02452498
117.414474,-0.30907523,-0.01804434,-0.31729741,-0.03939923,0.00822218,0.02135489,0.02288308
117.434552,-0.31518502,-0.01412188,-0.32335364,-0.03370597,0.00816862,0.01958409,0.02121940
117.454496,-0.32118282,-0.01012335,-0.32854785,-0.03025494,0.00736503,0.02013159,0.02143652
117.474451,-0.32706651,-0.00605015,-0.33416417,-0.02482648,0.00709766,0.01877633,0.02007305
117.494426,-0.33283399,-0.00190375,-0.33955474,-0.02000063,0.00672075,0.01809688,0.01930455
117.514488,-0.33848322,0.00231438,-0.34461283,-0.01617586,0.00612961,0.01849024,0.01947976
117.534464,-0.34401219,0.00660275,-0.34934131,-0.01221696,0.00532912,0.01881971,0.01955968
117.554496,-0.34941893,0.01095984,-0.35402935,-0.00794864,0.00461042,0.01890848,0.01946244
117.574414,-0.35470153,0.01538409,-0.35940508,-0.00027252,0.00470355,0.01565661,0.01634787
117.594434,-0.35985810,0.01987393,-0.36394819,0.00515154,0.00409009,0.01472239,0.01527998
117.614475,-0.36488681,0.02442777,-0.36814861,0.01018171,0.00326180,0.01424606,0.01461471
117.634580,-0.36978588,0.02904400,-0.37223522,0.01498065,0.00244934,0.01406335,0.01427505
117.654477,-0.37455357,0.03372096,-0.37644325,0.02035764,0.00188968,0.01336332,0.01349626
117.674452,-0.37918819,0.03845700,-0.38059213,0.02538765,0.00140394,0.01306935,0.01314454
117.694588,-0.38368807,0.04325043,-0.38473252,0.03042221,0.00104445,0.01282822,0.01287066
117.714410,-0.38805164,0.04809956,-0.38901126,0.03714725,0.00095962,0.01095231,0.01099427
117.734449,-0.39227733,0.05300265,-0.39290678,0.04321852,0.00062945,0.00978413,0.00980436
117.754382,-0.39636365,0.05795798,-0.39685559,0.05051281,0.00049194,0.00744517,0.00746141
117.774408,-0.40030914,0.06296377,-0.39983539,0.05527751,-0.00047375,0.00768626,0.00770085
117.794422,-0.40411241,0.06801825,-0.40241178,0.05878321,-0.00170063,0.00923504,0.00939032
117.815102,-0.40777209,0.07311962,-0.40598258,0.06645444,-0.00178951,0.00666518,0.00690123
117.834610,-0.41128690,0.07826607,-0.40962293,0.07456008,-0.00166397,0.00370599,0.00406241
117.854417,-0.41465558,0.08345578,-0.41246943,0.08014326,-0.00218615,0.00331252,0.00396889
117.874434,-0.41787693,0.08868689,-0.41529176,0.08557139,-0.00258517,0.00311550,0.00404839
117.894371,-0.42094981,0.09395755,-0.41767902,0.08971207,-0.00327079,0.00424548,0.00535931
117.914383,-0.42387314,0.09926588,-0.42115432,0.09895967,-0.00271882,0.00030621,0.00273601
117.934389,-0.42664586,0.10461001,-0.42362898,0.10460307,-0.00301688,0.00000694,0.00301689
117.954517,-0.42926699,0.10998803,-0.42690621,0.11380287,-0.00236078,-0.00381484,0.00448623
117.974488,-0.43173561,0.11539803,-0.42865707,0.11771145,-0.00307854,-0.00231342,0.00385089
117.994417,-0.43405084,0.12083809,-0.43128046,0.12489309,-0.00277038,-0.00405500,0.00491101
118.014403,-0.43621185,0.12630627,-0.43342150,0.13036127,-0.00279035,-0.00405500,0.00492231
118.034413,-0.43821787,0.13180064,-0.43560342,0.13627417,-0.00261445,-0.00447353,0.00518149
118.054377,-0.44006820,0.13731923,-0.43777436,0.14252017,-0.00229384,-0.00520094,0.00568432
118.074456,-0.44176218,0.14286010,-0.44006151,0.14992241,-0.00170067,-0.00706231,0.00726419
118.094446,-0.44329920,0.14842127,-0.44185297,0.15527817,-0.00144623,-0.00685690,0.00700776
118.114381,-0.44467871,0.15400076,-0.44400584,0.16223300,-0.00067287,-0.00823224,0.00825969
118.134358,-0.44590024,0.15959660,-0.44640805,0.17045197,0.00050781,-0.01085537,0.01086724
118.154414,-0.44696334,0.16520680,-0.44754270,0.17425405,0.00057936,-0.00904725,0.00906579
118.174407,-0.44786763,0.17082935,-0.44923516,0.18006920,0.00136753,-0.00923985,0.00934050
118.194595,-0.44861280,0.17646227,-0.45104935,0.18703703,0.00243655,-0.01057476,0.01085183
118.214455,-0.44919858,0.18210355,-0.45252573,0.19383305,0.00332715,-0.01172950,0.01219226
118.234700,-0.44962476,0.18775119,-0.45345806,0.19948449,0.00383330,-0.01173330,0.01234360
118.254446,-0.44989119,0.19340319,-0.45411567,0.20459938,0.00422448,-0.01119619,0.01196666
118.274507,-0.44999778,0.19905752,-0.45568356,0.21381647,0.00568578,-0.01475895,0.01581628
118.294437,-0.44994448,0.20471220,-0.45602565,0.21882263,0.00608117,-0.01411043,0.01536505
118.314388,-0.44973133,0.21036519,-0.45606088,0.22298575,0.00632955,-0.01262056,0.01411884
118.334405,-0.44935838,0.21601451,-0.45634939,0.22930338,0.00699101,-0.01328887,0.01501560
118.354375,-0.44882578,0.22165813,-0.45736653,0.23949409,0.00854075,-0.01783596,0.01977538
118.374443,-0.44813372,0.22729406,-0.45728865,0.24687216,0.00915493,-0.01957810,0.02161284
118.394546,-0.44728243,0.23292029,-0.45639927,0.25128485,0.00911684,-0.01836456,0.02050302
118.414443,-0.44627223,0.23853483,-0.45532568,0.25537867,0.00905345,-0.01684384,0.01912276
118.434457,-0.44510347,0.24413567,-0.45462575,0.26101859,0.00952228,-0.01688292,0.01938316
118.454413,-0.44377656,0.24972084,-0.45427168,0.26899760,0.01049512,-0.01927676,0.02194860
118.474427,-0.44229199,0.25528833,-0.45203190,0.27067734,0.00973991,-0.01538901,0.01821229
118.494417,-0.44065026,0.26083619,-0.45006332,0.27339327,0.00941306,-0.01255708,0.01569350
118.514251,-0.43885198,0.26636243,-0.44873959,0.27939117,0.00988761,-0.01302874,0.01635582
118.534378,-0.43689778,0.27186509,-0.44746531,0.28605572,0.01056753,-0.01419063,0.01769313
118.554488,-0.43478835,0.27734222,-0.44541529,0.29026707,0.01062694,-0.01292485,0.01673271
118.574439,-0.43252444,0.28279186,-0.44327972,0.29514103,0.01075528,-0.01234917,0.01637615
118.594472,-0.43010686,0.28821210,-0.44169078,0.30255163,0.01158392,-0.01433953,0.01843392
118.614447,-0.42753646,0.29360099,-0.43900731,0.30626015,0.01147085,-0.01265916,0.01708317
118.634446,-0.42481416,0.29895662,-0.43620255,0.30962204,0.01138839,-0.01066542,0.01560277
118.654405,-0.42194092,0.30427710,-0.43334302,0.31315803,0.01140210,-0.00888093,0.01445264
118.674408,-0.41891778,0.30956053,-0.43007160,0.31495632,0.01115382,-0.00539579,0.01239041
118.694648,-0.41574579,0.31480503,-0.42755002,0.32030349,0.01180423,-0.00549846,0.01302202
118.714525,-0.41242609,0.32000874,-0.42412084,0.32304215,0.01169475,-0.00303341,0.01208176
118.734416,-0.40895986,0.32516981,-0.42059375,0.32544266,0.01163389,-0.00027285,0.01163709
118.754386,-0.40534832,0.33028641,-0.41746310,0.32984025,0.01211478,0.00044616,0.01212299
118.774786,-0.40159277,0.33535673,-0.41363154,0.33238770,0.01203877,0.00296903,0.01239948
118.794723,-0.39769453,0.34037894,-0.40989347,0.33693011,0.01219894,0.00344883,0.01267709
118.814770,-0.39365500,0.34535129,-0.40568458,0.34133708,0.01202958,0.00401421,0.01268167
118.834435,-0.38947560,0.35027199,-0.40069944,0.34402824,0.01122384,0.00624375,0.01284364
118.854355,-0.38515782,0.35513930,-0.39642625,0.35034446,0.01126843,0.00479484,0.01224614
118.874323,-0.38070320,0.35995149,-0.39098671,0.35260502,0.01028351,0.00734647,0.01263808
118.894305,-0.37611331,0.36470685,-0.38569588,0.35583268,0.00958257,0.00887417,0.01306049
118.914396,-0.37138980,0.36940369,-0.38046131,0.36027889,0.00907151,0.00912480,0.01286679
118.934385,-0.36653433,0.37404034,-0.37447852,0.36189671,0.00794419,0.01214363,0.01451130
118.954357,-0.36154863,0.37861515,-0.36912697,0.36643226,0.00757834,0.01218289,0.01434762
118.975008,-0.35643448,0.38312651,-0.36351706,0.37083928,0.00708258,0.01228723,0.01418235
118.994794,-0.35119368,0.38757280,-0.35747811,0.37355596,0.00628443,0.01401684,0.01536118
119.014456,-0.34582811,0.39195244,-0.35163138,0.37809346,0.00580327,0.01385898,0.01502495
119.034428,-0.34033967,0.39626389,-0.34552836,0.38228346,0.00518869,0.01398043,0.01491224
119.054436,-0.33473031,0.40050561,-0.33868443,0.38470773,0.00395412,0.01579788,0.01628522
119.074421,-0.32900202,0.40467608,-0.33177419,0.38716642,0.00277217,0.01750966,0.01772775
119.094410,-0.32315683,0.40877384,-0.32512374,0.39100284,0.00196691,0.01777100,0.01787952
119.114390,-0.31719683,0.41279742,-0.31801945,0.39292270,0.00082262,0.01987472,0.01989174
119.134381,-0.31112414,0.41674539,-0.31142123,0.39697905,0.00029709,0.01976634,0.01976858
119.154292,-0.30494090,0.42061636,-0.30444616,0.39969312,-0.00049474,0.02092324,0.02092909
119.174437,-0.29864931,0.42440894,-0.29791620,0.40483428,-0.00073311,0.01957466,0.01958838
119.194394,-0.29225162,0.42812179,-0.29076382,0.40813912,-0.00148780,0.01998267,0.02003798
119.214312,-0.28575009,0.43175359,-0.28319895,0.40984735,-0.00255114,0.02190624,0.02205429
119.234421,-0.27914704,0.43530305,-0.27607705,0.41316263,-0.00306999,0.02214042,0.02235224
119.254506,-0.27244481,0.43876890,-0.26923540,0.41716976,-0.00320941,0.02159914,0.02183628
119.274453,-0.26564578,0.44214993,-0.26222902,0.42070817,-0.00341676,0.02144176,0.02171229
119.294453,-0.25875236,0.44544492,-0.25558626,0.42635157,-0.00316610,0.01909335,0.01935407
119.314414,-0.25176702,0.44865270,-0.24872106,0.43106123,-0.00304596,0.01759147,0.01785323
119.334342,-0.24469222,0.45177214,-0.24115326,0.43246000,-0.00353896,0.01931214,0.01963372
119.354427,-0.23753048,0.45480212,-0.23350611,0.43321619,-0.00402437,0.02158593,0.02195787
119.374384,-0.23028435,0.45774157,-0.22636775,0.43587946,-0.00391660,0.02186211,0.02221017
119.394383,-0.22295640,0.46058945,-0.21921863,0.43869066,-0.00373777,0.02189879,0.02221549
119.414390,-0.21554924,0.46334475,-0.21155733,0.44021677,-0.00399191,0.02312798,0.02346996
119.434267,-0.20806549,0.46600648,-0.20414400,0.44266428,-0.00392149,0.02334220,0.02366931
119.454396,-0.20050782,0.46857369,-0.19664008,0.44470654,-0.00386774,0.02386715,0.02417851
119.474491,-0.19287890,0.47104549,-0.18953894,0.44846512,-0.00333996,0.02258037,0.02282604
119.494368,-0.18518146,0.47342098,-0.18218790,0.45167449,-0.00299356,0.02174649,0.02195156
119.514382,-0.17741823,0.47569933,-0.17491578,0.45498289,-0.00250245,0.02071644,0.02086704
119.534387,-0.16959195,0.47787973,-0.16762019,0.45820489,-0.00197176,0.01967484,0.01977340
119.554502,-0.16170543,0.47996139,-0.16068123,0.46309593,-0.00102420,0.01686546,0.01689653
119.574366,-0.15376145,0.48194359,-0.15305648,0.46487998,-0.00070497,0.01706361,0.01707817
119.594354,-0.14576284,0.48382561,-0.14534512,0.46666888,-0.00041772,0.01715673,0.01716182
119.614352,-0.13771244,0.48560679,-0.13739018,0.46757271,-0.00032226,0.01803408,0.01803696
119.634402,-0.12961311,0.48728649,-0.13022330,0.47175962,0.00061019,0.01552687,0.01553886
119.654450,-0.12146773,0.48886413,-0.12279205,0.47558351,0.00132432,0.01328062,0.01334649
119.674419,-0.11327920,0.49033913,-0.11507202,0.47861275,0.00179282,0.01172638,0.01186264
119.694335,-0.10505041,0.49171098,-0.10731751,0.48134370,0.00226710,0.01036728,0.01061227
119.714332,-0.09678431,0.49297918,-0.10011771,0.48610644,0.00333340,0.00687274,0.00763846
119.734402,-0.08848381,0.49414329,-0.09190864,0.48661846,0.00342483,0.00752483,0.00826756
119.754580,-0.08015188,0.49520289,-0.08438924,0.48946122,0.00423736,0.00574167,0.00713597
119.774728,-0.07179147,0.49615760,-0.07655129,0.49090742,0.00475982,0.00525018,0.00708663
119.794407,-0.06340555,0.49700710,-0.06848577,0.49195717,0.00508022,0.00504993,0.00716313
119.814427,-0.05499711,0.49775107,-0.06095283,0.49512184,0.00595572,0.00262923,0.00651026
119.834315,-0.04656913,0.49838924,-0.05315662,0.49740878,0.00658749,0.00098046,0.00666005
119.854374,-0.03812459,0.49892141,-0.04459906,0.49679036,0.00647447,0.00213105,0.00681617
119.874418,-0.02966652,0.49934736,-0.03647920,0.49813371,0.00681268,0.00121365,0.00691994
119.894411,-0.02119790,0.49966696,-0.02842915,0.49952233,0.00723125,0.00014463,0.00723269
119.914397,-0.01272176,0.49988009,-0.02001118,0.49938247,0.00728942,0.00049762,0.00730639
119.934615,-0.00424109,0.49998668,-0.01209716,0.50140086,0.00785607,-0.00141418,0.00798234
119.954548,0.00424109,0.49998668,-0.00414053,0.50386990,0.00838162,-0.00388322,0.00923748
119.974513,0.01272176,0.49988009,0.00419703,0.50458172,0.00852473,-0.00470163,0.00973532
119.994476,0.02119790,0.49966696,0.01258374,0.50489335,0.00861416,-0.00522639,0.01007565
120.014421,0.02966652,0.49934736,0.02076591,0.50695347,0.00890061,-0.00760611,0.01170785
120.034321,0.03812459,0.49892141,0.02945977,0.50683126,0.00866482,-0.00790985,0.01173222
120.054229,0.04656913,0.49838924,0.03761761,0.50879949,0.00895152,-0.01041025,0.01372964
120.074265,0.05499711,0.49775107,0.04600664,0.51013031,0.00899047,-0.01237924,0.01529948
120.094385,0.06340555,0.49700710,0.05491488,0.50934719,0.00849067,-0.01234009,0.01497896
120.114417,0.07179147,0.49615760,0.06346793,0.50951012,0.00832354,-0.01335252,0.01573439
120.134419,0.08015188,0.49520289,0.07148107,0.51186015,0.00867081,-0.01665726,0.01877891
120.154585,0.08848381,0.49414329,0.08042545,0.50993147,0.00805836,-0.01578818,0.01772579
120.174916,0.09678431,0.49297918,0.08891150,0.50940275,0.00787281,-0.01642357,0.01821304
120.194543,0.10505041,0.49171098,0.09786346,0.50724328,0.00718695,-0.01553230,0.01711446
120.214465,0.11327920,0.49033913,0.10617094,0.50769933,0.00710826,-0.01736020,0.01875910
120.234583,0.12146773,0.48886413,0.11507905,0.50628325,0.00638868,-0.01741912,0.01855373
120.254488,0.12961311,0.48728649,0.12402056,0.50460576,0.00559255,-0.01731927,0.01819983
120.274480,0.13771244,0.48560679,0.13327023,0.50175394,0.00444221,-0.01614715,0.01674705
120.294379,0.14576284,0.48382561,0.14197659,0.50074834,0.00378625,-0.01692273,0.01734112
120.314494,0.15376145,0.48194359,0.15089110,0.49883141,0.00287035,-0.01688782,0.01713001
120.334355,0.16170543,0.47996139,0.15949137,0.49767862,0.00221406,-0.01771723,0.01785504
120.354342,0.16959195,0.47787973,0.16885694,0.49351690,0.00073501,-0.01563717,0.01565444
120.374454,0.17741823,0.47569933,0.17722236,0.49283824,0.00019587,-0.01713891,0.01714002
120.394374,0.18518146,0.47342098,0.18570924,0.49199489,-0.00052778,-0.01857391,0.01858141
120.414389,0.19287890,0.47104549,0.19476898,0.48779016,-0.00189008,-0.01674467,0.01685101
120.434364,0.20050782,0.46857369,0.20343482,0.48418101,-0.00292700,-0.01560732,0.01587941
120.454334,0.20806549,0.46600648,0.21163295,0.48245023,-0.00356746,-0.01644375,0.01682628
120.474405,0.21554924,0.46334475,0.21994181,0.47993145,-0.00439257,-0.01658670,0.01715848
120.494398,0.22295640,0.46058945,0.22795005,0.47870726,-0.00499365,-0.01811781,0.01879339
120.514383,0.23028435,0.45774157,0.23626294,0.47581306,-0.00597859,-0.01807149,0.01903477
120.534356,0.23753048,0.45480212,0.24418745,0.47397812,-0.00665697,-0.01917600,0.02029863
120.554407,0.24469222,0.45177214,0.25211926,0.47177651,-0.00742704,-0.02000437,0.02133860
120.574412,0.25176702,0.44865270,0.26042818,0.46673544,-0.00866116,-0.01808274,0.02004997
120.594413,0.25875236,0.44544492,0.26769031,0.46447088,-0.00893795,-0.01902596,0.02102080
120.614385,0.26564578,0.44214993,0.27532419,0.45980316,-0.00967841,-0.01765323,0.02013227
120.634387,0.27244481,0.43876890,0.28256680,0.45572396,-0.01012199,-0.01695506,0.01974661
120.654419,0.27914704,0.43530305,0.28964768,0.45118606,-0.01050064,-0.01588301,0.01904031
120.674527,0.28575009,0.43175359,0.29657758,0.44690539,-0.01082749,-0.01515180,0.01862287
120.694420,0.29225162,0.42812179,0.30421629,0.43917008,-0.01196467,-0.01104829,0.01628552
120.714426,0.29864931,0.42440894,0.31032717,0.43646772,-0.01167786,-0.01205878,0.01678650
120.734458,0.30494090,0.42061636,0.31732201,0.42951006,-0.01238111,-0.00889370,0.01524433
120.754445,0.31112414,0.41674539,0.32376771,0.42363265,-0.01264357,-0.00688726,0.01439772
120.774444,0.31719683,0.41279742,0.32956542,0.42000057,-0.01236859,-0.00720315,0.01431319
120.794606,0.32315683,0.40877384,0.33544505,0.41570884,-0.01228822,-0.00693500,0.01411009
120.814472,0.32900202,0.40467608,0.34107431,0.41160856,-0.01207229,-0.00693248,0.01392119
120.834435,0.33473031,0.40050561,0.34707010,0.40503326,-0.01233979,-0.00452765,0.01314420
120.854427,0.34033967,0.39626389,0.35242051,0.39988988,-0.01208084,-0.00362599,0.01261327
120.874442,0.34582811,0.39195244,0.35802603,0.39292513,-0.01219792,-0.00097269,0.01223664
120.894437,0.35119368,0.38757280,0.36272762,0.38925594,-0.01153394,-0.00168314,0.01165610
120.914748,0.35643448,0.38312651,0.36783068,0.38396100,-0.01139620,-0.00083449,0.01142672
120.934509,0.36154863,0.37861515,0.37287713,0.37812332,-0.01132850,0.00049183,0.01133917
120.954857,0.36653433,0.37404034,0.37718551,0.37372213,-0.01065118,0.00031821,0.01065593
120.974251,0.37138980,0.36940369,0.38149432,0.36852039,-0.01010452,0.00088330,0.01014306
120.994333,0.37611331,0.36470685,0.38547228,0.36459841,-0.00935897,0.00010844,0.00935960
121.014473,0.38070320,0.35995149,0.39019965,0.35672313,-0.00949645,0.00322836,0.01003020
121.034430,0.38515782,0.35513930,0.39413972,0.35112356,-0.00898190,0.00401574,0.00983873
121.054338,0.38947560,0.35027199,0.39802190,0.34473005,-0.00854630,0.00554194,0.01018589
121.074416,0.39365500,0.34535129,0.40169901,0.33790285,-0.00804401,0.00744844,0.01096291
121.094452,0.39769453,0.34037894,0.40522770,0.33105475,-0.00753317,0.00932419,0.01198704
121.114397,0.40159277,0.33535673,0.40791440,0.32720130,-0.00632163,0.00815543,0.01031863
121.134396,0.40534832,0.33028641,0.41110376,0.32102629,-0.00575544,0.00926012,0.01090298
121.154441,0.40895986,0.32516981,0.41385871,0.31602521,-0.00489885,0.00914460,0.01037413
121.174392,0.41242609,0.32000874,0.41645106,0.31107614,-0.00402497,0.00893260,0.00979754
121.194443,0.41574579,0.31480503,0.41875834,0.30708442,-0.00301255,0.00772061,0.00828754
121.214358,0.41891778,0.30956053,0.42124629,0.30172423,-0.00232851,0.00783630,0.00817493
121.234448,0.42194092,0.30427710,0.42378043,0.29541091,-0.00183951,0.00886619,0.00905500
121.254462,0.42481416,0.29895662,0.42656765,0.28733816,-0.00175349,0.01161846,0.01175004
121.274495,0.42753646,0.29360099,0.42874424,0.28079857,-0.00120778,0.01280242,0.01285927
121.294448,0.43010686,0.28821210,0.43058985,0.27557078,-0.00048299,0.01264132,0.01265054
121.314516,0.43252444,0.28279186,0.43221957,0.27053412,0.00030487,0.01225774,0.01226153
121.334477,0.43478835,0.27734222,0.43463279,0.26180052,0.00015556,0.01554170,0.01554248
121.354749,0.43689778,0.27186509,0.43665421,0.25368840,0.00024357,0.01817669,0.01817832
121.374466,0.43885198,0.26636243,0.43801305,0.24750898,0.00083893,0.01885345,0.01887211
121.394462,0.44065026,0.26083619,0.43920883,0.24176439,0.00144143,0.01907180,0.01912619
121.414404,0.44229199,0.25528833,0.44070622,0.23440095,0.00158577,0.02088738,0.02094749
121.434411,0.44377656,0.24972084,0.44154801,0.22914746,0.00222855,0.02057338,0.02069372
121.454416,0.44510347,0.24413567,0.44237575,0.22363208,0.00272772,0.02050359,0.02068423
121.474898,0.44627223,0.23853483,0.44300333,0.21952648,0.00326890,0.01900835,0.01928738
121.494616,0.44728243,0.23292029,0.44375476,0.21498805,0.00352767,0.01793224,0.01827593
121.514727,0.44813372,0.22729406,0.44430307,0.21170072,0.00383065,0.01559334,0.01605697
121.534551,0.44882578,0.22165813,0.44543254,0.20616819,0.00339324,0.01548994,0.01585725
121.554634,0.44935838,0.21601451,0.44619034,0.20161390,0.00316804,0.01440061,0.01474496
121.574445,0.44973133,0.21036519,0.44714488,0.19609652,0.00258645,0.01426867,0.01450119
121.594265,0.44994448,0.20471220,0.44716669,0.19377266,0.00277779,0.01093954,0.01128670
121.614123,0.44999778,0.19905752,0.44837319,0.18663257,0.00162459,0.01242495,0.01253071
121.634376,0.44989119,0.19340319,0.44861828,0.18243953,0.00127291,0.01096366,0.01103731
121.654358,0.44962476,0.18775119,0.44863583,0.17862066,0.00098893,0.00913053,0.00918393
121.675032,0.44919858,0.18210355,0.44918506,0.17308321,0.00001352,0.00902034,0.00902035
121.695025,0.44861280,0.17646227,0.44920210,0.16903735,-0.00058930,0.00742492,0.00744827
121.714472,0.44786763,0.17082935,0.44965981,0.16170648,-0.00179218,0.00912287,0.00929724
121.734334,0.44696334,0.16520680,0.44887028,0.15898189,-0.00190694,0.00622491,0.00651045
121.754562,0.44590024,0.15959660,0.44861352,0.15402783,-0.00271328,0.00556877,0.00619460
121.774264,0.44467871,0.15400076,0.44770701,0.15069589,-0.00302830,0.00330487,0.00448250
121.794299,0.44329920,0.14842127,0.44682980,0.14686935,-0.00353060,0.00155192,0.00385663
121.814377,0.44176218,0.14286010,0.44592546,0.14279572,-0.00416328,0.00006438,0.00416378
121.834503,0.44006820,0.13731923,0.44453689,0.13981505,-0.00446869,-0.00249582,0.00511843
121.854490,0.43821787,0.13180064,0.44355730,0.13447772,-0.00533943,-0.00267708,0.00597297
121.874457,0.43621185,0.12630627,0.44216343,0.13044190,-0.00595158,-0.00413563,0.00724740
121.894436,0.43405084,0.12083809,0.44071177,0.12621398,-0.00666093,-0.00537589,0.00855969
121.914410,0.43173561,0.11539803,0.43903248,0.12228789,-0.00729687,-0.00688986,0.01003566
121.934407,0.42926699,0.10998803,0.43710529,0.11915759,-0.00783830,-0.00916956,0.01206316
121.954357,0.42664586,0.10461001,0.43511109,0.11586566,-0.00846523,-0.01125565,0.01408367
121.974582,0.42387314,0.09926588,0.43308269,0.11227494,-0.00920955,-0.01300906,0.01593899
121.994434,0.42094981,0.09395755,0.43094538,0.10820590,-0.00999557,-0.01424835,0.01740479
122.014346,0.41787693,0.08868689,0.42797547,0.10623065,-0.01009854,-0.01754376,0.02024262
122.034530,0.41465558,0.08345578,0.42548345,0.10151625,-0.01082787,-0.01806047,0.02105762
122.054473,0.41128690,0.07826607,0.42287118,0.09608743,-0.01158428,-0.01782136,0.02125550
122.074460,0.40777209,0.07311962,0.41970728,0.09224195,-0.01193519,-0.01912233,0.02254134
122.094417,0.40411241,0.06801825,0.41631731,0.08903430,-0.01220490,-0.02101605,0.02430297
122.114475,0.40030914,0.06296377,0.41343490,0.08285492,-0.01312576,-0.01989115,0.02383156
122.134412,0.39636365,0.05795798,0.40983856,0.07844526,-0.01347491,-0.02048728,0.02452146
122.154441,0.39227733,0.05300265,0.40566815,0.07561716,-0.01339082,-0.02261451,0.02628175
122.174391,0.38805164,0.04809956,0.40199755,0.06967123,-0.01394591,-0.02157167,0.02568706
122.194402,0.38368807,0.04325043,0.39708128,0.06713911,-0.01339321,-0.02388868,0.02738699
122.214462,0.37918819,0.03845700,0.39231048,0.06351571,-0.01312229,-0.02505871,0.02828663
122.234557,0.37455357,0.03372096,0.38756638,0.05894738,-0.01301281,-0.02522642,0.02838495
122.254521,0.36978588,0.02904400,0.38190050,0.05725723,-0.01211462,-0.02821323,0.03070424
122.274506,0.36488681,0.02442777,0.37724943,0.05114622,-0.01236262,-0.02671845,0.02943994
122.294427,0.35985810,0.01987393,0.37276063,0.04312103,-0.01290253,-0.02324710,0.02658765
122.314423,0.35470153,0.01538409,0.36719027,0.03917326,-0.01248874,-0.02378917,0.02686807
122.334429,0.34941893,0.01095984,0.36100363,0.03681183,-0.01158470,-0.02585199,0.02832897
122.354382,0.34401219,0.00660275,0.35485636,0.03376462,-0.01084417,-0.02716187,0.02924659
122.374420,0.33848322,0.00231438,0.34947790,0.02701762,-0.01099468,-0.02470324,0.02703948
122.394853,0.33283399,-0.00190375,0.34359957,0.02163044,-0.01076558,-0.02353419,0.02587964
122.414516,0.32706651,-0.00605015,0.33676528,0.01912743,-0.00969877,-0.02517758,0.02698104
122.434613,0.32118282,-0.01012335,0.32993928,0.01589693,-0.00875646,-0.02602028,0.02745415
122.454839,0.31518502,-0.01412188,0.32350331,0.01089245,-0.00831829,-0.02501433,0.02636116
122.474323,0.30907523,-0.01804434,0.31696090,0.00607224,-0.00788567,-0.02411658,0.02537308
122.494445,0.30285563,-0.02188933,0.31030487,0.00118482,-0.00744924,-0.02307415,0.02424681
122.514431,0.29652843,-0.02565548,0.30300391,-0.00154918,-0.00647548,-0.02410630,0.02496087
122.534406,0.29009587,-0.02934146,0.29621125,-0.00729094,-0.00611538,-0.02205052,0.02288282
122.554381,0.28356024,-0.03294595,0.28895812,-0.01205526,-0.00539788,-0.02089069,0.02157679
122.574419,0.27692387,-0.03646768,0.28212237,-0.01904646,-0.00519850,-0.01742122,0.01818030
122.594444,0.27018910,-0.03990540,0.27434752,-0.02282351,-0.00415842,-0.01708189,0.01758077
122.614410,0.26335834,-0.04325787,0.26648027,-0.02699687,-0.00312193,-0.01626100,0.01655797
122.634092,0.25643401,-0.04652392,0.25813645,-0.02968267,-0.00170244,-0.01684125,0.01692707
122.654528,0.24941857,-0.04970238,0.25087606,-0.03612498,-0.00145749,-0.01357740,0.01365541
122.674753,0.24231451,-0.05279212,0.24203648,-0.03708315,0.00027803,-0.01570897,0.01571143
122.694394,0.23512435,-0.05579205,0.23437270,-0.04217814,0.00075165,-0.01361391,0.01363465
122.714575,0.22785066,-0.05870109,0.22636525,-0.04604356,0.00148541,-0.01265753,0.01274439
122.734314,0.22049602,-0.06151822,0.21848396,-0.05105327,0.00201206,-0.01046495,0.01065662
122.754409,0.21306303,-0.06424243,0.21039117,-0.05521975,0.00267186,-0.00902268,0.00940997
122.774502,0.20555435,-0.06687276,0.20187142,-0.05777192,0.00368293,-0.00910084,0.00981780
122.794472,0.19797263,-0.06940827,0.19377885,-0.06161021,0.00419378,-0.00779806,0.00885424
122.814493,0.19032057,-0.07184806,0.18569179,-0.06489931,0.00462878,-0.00694875,0.00834930
122.834421,0.18260089,-0.07419127,0.17819784,-0.07063539,0.00440305,-0.00355588,0.00565960
122.854476,0.17481634,-0.07643705,0.16998563,-0.07337610,0.00483071,-0.00306095,0.00571884
122.874507,0.16696967,-0.07858462,0.16212923,-0.07707142,0.00484044,-0.00151320,0.00507146
122.894429,0.15906368,-0.08063321,0.15374316,-0.07836230,0.00532052,-0.00227091,0.00578489
122.914553,0.15110118,-0.08258209,0.14671141,-0.08519067,0.00438977,0.00260858,0.00510635
122.934570,0.14308499,-0.08443057,0.13922260,-0.09051502,0.00386239,0.00608445,0.00720684
122.954567,0.13501796,-0.08617800,0.13102919,-0.09299847,0.00398877,0.00682047,0.00790121
122.974531,0.12690296,-0.08782374,0.12266858,-0.09401284,0.00423438,0.00618910,0.00749899
122.994481,0.11874287,-0.08936723,0.11464419,-0.09658992,0.00409868,0.00722269,0.00830460
123.014498,0.11054060,-0.09080790,0.10732705,-0.10244141,0.00321355,0.01163351,0.01206920
123.034452,0.10229905,-0.09214525,0.09939960,-0.10586324,0.00289945,0.01371799,0.01402106
123.054479,0.09402115,-0.09337880,0.09140071,-0.10874370,0.00262044,0.01536490,0.01558676
123.074469,0.08570985,-0.09450812,0.08294808,-0.10970040,0.00276177,0.01519228,0.01544127
123.094448,0.07736810,-0.09553280,0.07406617,-0.10895957,0.00330193,0.01342677,0.01382682
123.114469,0.06899885,-0.09645248,0.06589434,-0.11064647,0.00310451,0.01419399,0.01452953
123.134590,0.06060510,-0.09726683,0.05830261,-0.11416337,0.00230249,0.01689654,0.01705270
123.154552,0.05218981,-0.09797556,0.05027906,-0.11606035,0.00191075,0.01808479,0.01818545
123.174524,0.04375597,-0.09857842,0.04121658,-0.11299768,0.00253939,0.01441926,0.01464116
123.194421,0.03530659,-0.09907520,0.03356121,-0.11537592,0.00174538,0.01630072,0.01639390
123.214518,0.02684467,-0.09946572,0.02546507,-0.11595120,0.00137960,0.01648548,0.01654311
123.234487,0.01837321,-0.09974984,0.01729711,-0.11629409,0.00107610,0.01654425,0.01657921
123.254174,0.00989522,-0.09992746,0.00914517,-0.11718103,0.00075005,0.01725357,0.01726987
123.274432,0.00141371,-0.09999852,0.00090523,-0.11774589,0.00050848,0.01774737,0.01775466
123.294739,-0.00706829,-0.09996299,-0.00724417,-0.11830906,0.00017588,0.01834607,0.01834691
123.314229,-0.01554779,-0.09982088,-0.01542999,-0.11865320,-0.00011780,0.01883232,0.01883269
123.334498,-0.02402176,-0.09957225,-0.02290339,-0.12137147,-0.00111837,0.02179922,0.02182789
123.354445,-0.03248720,-0.09921719,-0.03080164,-0.12198440,-0.00168556,0.02276721,0.02282952
123.374471,-0.04094109,-0.09875581,-0.03858105,-0.12256758,-0.00236004,0.02381177,0.02392844
123.394420,-0.04938044,-0.09818829,-0.04696902,-0.12079061,-0.00241142,0.02260232,0.02273060
123.414474,-0.05780224,-0.09751482,-0.05496707,-0.12028265,-0.00283517,0.02276783,0.02294368
123.435114,-0.06620351,-0.09673564,-0.06305041,-0.11882001,-0.00315310,0.02208437,0.02230832
123.454166,-0.07458126,-0.09585104,-0.07067077,-0.11861406,-0.00391049,0.02276302,0.02309647
123.474341,-0.08293250,-0.09486132,-0.07911657,-0.11505279,-0.00381593,0.02019147,0.02054888
123.494254,-0.09125428,-0.09376684,-0.08695263,-0.11349782,-0.00430165,0.01973098,0.02019445
123.514255,-0.09954364,-0.09256799,-0.09428407,-0.11366483,-0.00525957,0.02109684,0.02174258
123.534583,-0.10779763,-0.09126519,-0.10235566,-0.11076165,-0.00544197,0.01949646,0.02024171
123.554444,-0.11601332,-0.08985890,-0.11067759,-0.10705179,-0.00533573,0.01719289,0.01800182
123.574418,-0.12418780,-0.08834963,-0.11827806,-0.10608353,-0.00590974,0.01773390,0.01869268
123.594425,-0.13231815,-0.08673790,-0.12549406,-0.10628639,-0.00682409,0.01954849,0.02070535
123.614443,-0.14040148,-0.08502431,-0.13416238,-0.10094760,-0.00623910,0.01592329,0.01710197
123.634411,-0.14843494,-0.08320944,-0.14250111,-0.09653555,-0.00593383,0.01332611,0.01458751
123.654198,-0.15641565,-0.08129395,-0.15047360,-0.09292469,-0.00594205,0.01163074,0.01306071
123.674383,-0.16434079,-0.07927852,-0.15830026,-0.08975740,-0.00604053,0.01047888,0.01209524
123.694346,-0.17220754,-0.07716386,-0.16663682,-0.08478916,-0.00557072,0.00762530,0.00944341
123.714383,-0.18001311,-0.07495073,-0.17373581,-0.08465217,-0.00627730,0.00970144,0.01155520
123.734327,-0.18775472,-0.07263990,-0.18113829,-0.08273762,-0.00661643,0.01009772,0.01207233
123.754150,-0.19542962,-0.07023222,-0.18890157,-0.07946736,-0.00652805,0.00923514,0.01130943
123.774093,-0.20303509,-0.06772851,-0.19672892,-0.07614553,-0.00630617,0.00841702,0.01051731
123.794151,-0.21056842,-0.06512969,-0.20543594,-0.06903215,-0.00513248,0.00390246,0.00644761
123.814422,-0.21802693,-0.06243667,-0.21289192,-0.06644301,-0.00513501,0.00400634,0.00651299
123.834496,-0.22540798,-0.05965040,-0.22040208,-0.06396793,-0.00500590,0.00431753,0.00661061
123.854195,-0.23270895,-0.05677188,-0.22909196,-0.05699570,-0.00361699,0.00022382,0.00362391
123.874344,-0.23992723,-0.05380213,-0.23741661,-0.05148730,-0.00251062,-0.00231483,0.00341492
123.894373,-0.24706027,-0.05074221,-0.24514278,-0.04753151,-0.00191749,-0.00321070,0.00373970
123.914444,-0.25410553,-0.04759320,-0.25312220,-0.04192397,-0.00098333,-0.00566923,0.00575388
123.934450,-0.26106050,-0.04435622,-0.26043650,-0.03859187,-0.00062400,-0.00576435,0.00579803
123.954155,-0.26792273,-0.04103242,-0.26848594,-0.03256722,0.00056321,-0.00846520,0.00848391
123.974611,-0.27468976,-0.03762298,-0.27612461,-0.02829986,0.00143485,-0.00932312,0.00943288
123.994505,-0.28135920,-0.03412912,-0.28390272,-0.02323226,0.00254352,-0.01089686,0.01118977
124.014447,-0.28792867,-0.03055208,-0.29113194,-0.01975635,0.00320327,-0.01079573,0.01126094
124.034463,-0.29439584,-0.02689311,-0.29829499,-0.01621622,0.00389915,-0.01067689,0.01136659
124.054122,-0.30075841,-0.02315354,-0.30568223,-0.01128921,0.00492382,-0.01186433,0.01284547
124.074419,-0.30701412,-0.01933468,-0.31248653,-0.00825947,0.00547241,-0.01107521,0.01235345
124.094389,-0.31316076,-0.01543789,-0.31931962,-0.00509548,0.00615886,-0.01034241,0.01203732
124.114452,-0.31919613,-0.01146456,-0.32631983,-0.00058698,0.00712370,-0.01087758,0.01300264
124.134454,-0.32511809,-0.00741609,-0.33322970,0.00440278,0.00811161,-0.01181887,0.01433471
124.154053,-0.33092454,-0.00329393,-0.34047133,0.01194206,0.00954679,-0.01523599,0.01797989
124.174476,-0.33661341,0.00090046,-0.34655753,0.01561408,0.00994412,-0.01471362,0.01775883
124.194926,-0.34218268,0.00516559,-0.35242195,0.01934847,0.01023927,-0.01418288,0.01749276
124.214397,-0.34763038,0.00949994,-0.35858639,0.02527754,0.01095601,-0.01577760,0.01920851
124.234380,-0.35295457,0.01390197,-0.36429266,0.03027744,0.01133809,-0.01637547,0.01991754
124.254168,-0.35815336,0.01837013,-0.36958427,0.03408251,0.01143091,-0.01571238,0.01943051
124.274287,-0.36322489,0.02290282,-0.37479769,0.03802058,0.01157280,-0.01511776,0.01903881
124.294378,-0.36816737,0.02749842,-0.37934056,0.03990874,0.01117319,-0.01241032,0.01669899
124.314477,-0.37297905,0.03215532,-0.38465483,0.04550192,0.01167578,-0.01334660,0.01773289
124.334456,-0.37765820,0.03687186,-0.38978509,0.05155911,0.01212689,-0.01468725,0.01904670
124.354114,-0.38220318,0.04164635,-0.39446332,0.05630956,0.01226014,-0.01466321,0.01911337
124.374508,-0.38661236,0.04647710,-0.39961363,0.06357827,0.01300127,-0.01710117,0.02148216
124.394336,-0.39088418,0.05136240,-0.40280782,0.06431842,0.01192364,-0.01295602,0.01760771
124.414337,-0.39501712,0.05630051,-0.40729994,0.07101612,0.01228282,-0.01471561,0.01916812
124.434259,-0.39900972,0.06128967,-0.41067229,0.07378964,0.01166257,-0.01249997,0.01709575
124.454286,-0.40286054,0.06632812,-0.41434834,0.07836577,0.01148780,-0.01203765,0.01663955
124.474373,-0.40656823,0.07141406,-0.41792472,0.08314147,0.01135649,-0.01172741,0.01632489
124.494392,-0.41013147,0.07654569,-0.42046380,0.08499245,0.01033233,-0.00844676,0.01334559
124.514344,-0.41354900,0.08172118,-0.42392324,0.09167704,0.01037424,-0.00995586,0.01437859
124.534450,-0.41681959,0.08693870,-0.42653532,0.09563780,0.00971573,-0.00869910,0.01304108
124.554199,-0.41994208,0.09219638,-0.42941388,0.10116796,0.00947180,-0.00897158,0.01304623
124.574246,-0.42291538,0.09749237,-0.43192454,0.10596294,0.00900916,-0.00847057,0.01236590
124.594856,-0.42573841,0.10282477,-0.43479361,0.11301467,0.00905520,-0.01018990,0.01363197
124.614323,-0.42841018,0.10819171,-0.43648909,0.11653701,0.00807891,-0.00834530,0.01161520
124.634438,-0.43092974,0.11359126,-0.43846274,0.12152351,0.00753300,-0.00793225,0.01093922
124.654388,-0.43329619,0.11902151,-0.43983007,0.12516099,0.00653388,-0.00613948,0.00896576
124.674451,-0.43550870,0.12448054,-0.44182991,0.13156268,0.00632121,-0.00708214,0.00949286
124.694391,-0.43756646,0.12996639,-0.44300673,0.13519635,0.00544027,-0.00522996,0.00754645
124.714456,-0.43946877,0.13547713,-0.44453122,0.14061263,0.00506245,-0.00513550,0.00721123
124.734436,-0.44121493,0.14101079,-0.44544158,0.14465366,0.00422665,-0.00364287,0.00557989
124.754175,-0.44280433,0.14656541,-0.44614240,0.14855260,0.00333807,-0.00198719,0.00388479
124.774443,-0.44423641,0.15213902,-0.44753113,0.15572341,0.00329472,-0.00358439,0.00486857
124.794418,-0.44551065,0.15772963,-0.44839169,0.16167343,0.00288104,-0.00394380,0.00488406
124.814491,-0.44662660,0.16333526,-0.44841084,0.16534982,0.00178424,-0.00201456,0.00269109
124.834250,-0.44758387,0.16895392,-0.44870595,0.17068615,0.00112208,-0.00173223,0.00206390
124.854293,-0.44838211,0.17458360,-0.44878512,0.17503841,0.00040301,-0.00045481,0.00060767
124.874413,-0.44902104,0.18022232,-0.44838731,0.17807580,-0.00063373,0.00214652,0.00223812
124.894375,-0.44950044,0.18586806,-0.44766693,0.17963205,-0.00183351,0.00623601,0.00649997
124.914367,-0.44982014,0.19151883,-0.44728970,0.18258770,-0.00253044,0.00893113,0.00928268
124.934590,-0.44998001,0.19717261,-0.44748728,0.18799715,-0.00249273,0.00917546,0.00950804
124.954304,-0.44998001,0.20282739,-0.44725838,0.19197672,-0.00272163,0.01085067,0.01118679
124.974482,-0.44982014,0.20848117,-0.44677314,0.19563819,-0.00304700,0.01284298,0.01319948
124.994453,-0.44950044,0.21413194,-0.44590159,0.19833455,-0.00359885,0.01579739,0.01620214
125.014339,-0.44902104,0.21977768,-0.44543892,0.20252584,-0.00358212,0.01725184,0.01761981
125.034353,-0.44838211,0.22541640,-0.44493423,0.20720329,-0.00344788,0.01821311,0.01853659
125.054099,-0.44758387,0.23104608,-0.44462083,0.21335375,-0.00296304,0.01769233,0.01793874
125.074398,-0.44662660,0.23666474,-0.44354331,0.21703752,-0.00308329,0.01962722,0.01986793
125.094396,-0.44551065,0.24227037,-0.44295910,0.22296250,-0.00255155,0.01930787,0.01947574
125.114396,-0.44423641,0.24786098,-0.44231410,0.22865599,-0.00192231,0.01920499,0.01930096
125.134483,-0.44280433,0.25343459,-0.44100079,0.23234047,-0.00180354,0.02109412,0.02117108
125.154296,-0.44121493,0.25898921,-0.43974826,0.23685721,-0.00146667,0.02213200,0.02218055
125.174750,-0.43946877,0.26452287,-0.43851868,0.24186943,-0.00095009,0.02265344,0.02267335
125.194426,-0.43756646,0.27003361,-0.43739592,0.24764517,-0.00017054,0.02238844,0.02238909
125.214241,-0.43550870,0.27551946,-0.43578929,0.25229623,0.00028059,0.02322323,0.02322493
125.234342,-0.43329619,0.28097849,-0.43485333,0.26003358,0.00155714,0.02094491,0.02100271
125.254291,-0.43092974,0.28640874,-0.43252764,0.26280037,0.00159790,0.02360837,0.02366239
125.274388,-0.42841018,0.29180829,-0.43085662,0.26863739,0.00244644,0.02317090,0.02329969
125.294340,-0.42573841,0.29717523,-0.42894938,0.27391332,0.00321097,0.02326191,0.02348248
125.314457,-0.42291538,0.30250763,-0.42708428,0.27988832,0.00416890,0.02261931,0.02300028
125.334408,-0.41994208,0.30780362,-0.42461506,0.28426237,0.00467298,0.02354125,0.02400057
125.354432,-0.41681959,0.31306130,-0.42144854,0.28649391,0.00462895,0.02656739,0.02696764
125.374443,-0.41354900,0.31827882,-0.41888910,0.29231752,0.00534010,0.02596130,0.02650483
125.394658,-0.41013147,0.32345431,-0.41630296,0.29843306,0.00617149,0.02502125,0.02577111
125.414309,-0.40656823,0.32858594,-0.41298244,0.30195273,0.00641421,0.02663321,0.02739471
125.434232,-0.40286054,0.33367188,-0.41040307,0.30871713,0.00754253,0.02495475,0.02606971
125.454377,-0.39900972,0.33871033,-0.40735845,0.31451457,0.00834873,0.02419576,0.02559563
125.474080,-0.39501712,0.34369949,-0.40385881,0.31906913,0.00884169,0.02463036,0.02616926
125.494506,-0.39088418,0.34863760,-0.40029062,0.32446349,0.00940644,0.02417411,0.02593971
125.514681,-0.38661236,0.35352290,-0.39666011,0.33036938,0.01004775,0.02315352,0.02523970
125.534860,-0.38220318,0.35835365,-0.39283950,0.33601766,0.01063632,0.02233599,0.02473920
125.554772,-0.37765820,0.36312814,-0.38872779,0.34136565,0.01106959,0.02176249,0.02441601
125.574429,-0.37297905,0.36784468,-0.38450128,0.34639170,0.01152223,0.02145298,0.02435143
125.594242,-0.36816737,0.37250158,-0.38009797,0.35118651,0.01193060,0.02131507,0.02442686
125.614405,-0.36322489,0.37709718,-0.37510706,0.35461046,0.01188217,0.02248672,0.02543302
125.634385,-0.35815336,0.38162987,-0.37087784,0.36210622,0.01272448,0.01952365,0.02330419
125.654225,-0.35295457,0.38609803,-0.36562515,0.36625196,0.01267058,0.01984607,0.02354591
125.674410,-0.34763038,0.39050006,-0.36098712,0.37335818,0.01335674,0.01714188,0.02173123
125.694369,-0.34218268,0.39483441,-0.35536213,0.37736750,0.01317945,0.01746691,0.02188129
125.715579,-0.33661341,0.39909954,-0.34971009,0.38210461,0.01309668,0.01699493,0.02145579
125.734380,-0.33092454,0.40329393,-0.34388730,0.38724365,0.01296276,0.01605028,0.02063116
125.754171,-0.32511809,0.40741609,-0.33833510,0.39424190,0.01321701,0.01317419,0.01866142
125.774433,-0.31919613,0.41146456,-0.33192059,0.39900710,0.01272446,0.01245746,0.01780731
125.794328,-0.31316076,0.41543789,-0.32558331,0.40549981,0.01242255,0.00993808,0.01590866
125.814393,-0.30701412,0.41933468,-0.31883486,0.41049826,0.01182074,0.00883642,0.01475846
125.834471,-0.30075841,0.42315354,-0.31256666,0.41810022,0.01180825,0.00505332,0.01284410
125.854171,-0.29439584,0.42689311,-0.30572155,0.42368796,0.01132571,0.00320515,0.01177050
125.874398,-0.28792867,0.43055208,-0.29861826,0.42840430,0.01068959,0.00214778,0.01090323
125.894545,-0.28135920,0.43412912,-0.29140579,0.43284486,0.01004659,0.00128426,0.01012834
125.914489,-0.27468976,0.43762298,-0.28412249,0.43730768,0.00943273,0.00031530,0.00943800
125.934751,-0.26792273,0.44103242,-0.27642910,0.44092266,0.00850637,0.00010976,0.00850708
125.954188,-0.26106050,0.44435622,-0.26889581,0.44505999,0.00783531,-0.00070377,0.00786685
125.974358,-0.25410553,0.44759320,-0.26121222,0.44949770,0.00710669,-0.00190450,0.00735746
125.994299,-0.24706027,0.45074221,-0.25334688,0.45321037,0.00628661,-0.00246816,0.00675376
126.014241,-0.23992723,0.45380213,-0.24552752,0.45713793,0.00560029,-0.00333580,0.00651850
126.034405,-0.23270895,0.45677188,-0.23774439,0.46158720,0.00503544,-0.00481532,0.00696728
126.054306,-0.22540798,0.45965040,-0.22964524,0.46465139,0.00423726,-0.00500099,0.00655472
126.074409,-0.21802693,0.46243667,-0.22196699,0.46945688,0.00394006,-0.00702021,0.00805031
126.094750,-0.21056842,0.46512969,-0.21440327,0.47523937,0.00383485,-0.01010968,0.01081257
126.114861,-0.20303509,0.46772851,-0.20554170,0.47596948,0.00250661,-0.00824097,0.00861375
126.134493,-0.19542962,0.47023222,-0.19687126,0.47742553,0.00144164,-0.00719331,0.00733635
126.154503,-0.18775472,0.47263990,-0.18833857,0.47936371,0.00058385,-0.00672381,0.00674911
126.174280,-0.18001311,0.47495073,-0.18062230,0.48443160,0.00060919,-0.00948087,0.00950042
126.194128,-0.17220754,0.47716386,-0.17169709,0.48504200,-0.00051045,-0.00787814,0.00789466
126.214420,-0.16434079,0.47927852,-0.16329713,0.48808151,-0.00104366,-0.00880299,0.00886464
126.234352,-0.15641565,0.48129395,-0.15540325,0.49311152,-0.00101240,-0.01181757,0.01186085
126.254363,-0.14843494,0.48320944,-0.14637542,0.49333720,-0.00205952,-0.01012776,0.01033504
126.274394,-0.14040148,0.48502431,-0.13797226,0.49633142,-0.00242922,-0.01130711,0.01156511
126.294455,-0.13231815,0.48673790,-0.12942326,0.49956235,-0.00289489,-0.01282445,0.01314713
126.314717,-0.12418780,0.48834963,-0.12050865,0.50152067,-0.00367915,-0.01317104,0.01367525
126.334474,-0.11601332,0.48985890,-0.11241715,0.50593217,-0.00359617,-0.01607327,0.01647065
126.354298,-0.10779763,0.49126519,-0.10347795,0.50686518,-0.00431968,-0.01559999,0.01618701
126.374652,-0.09954364,0.49256799,-0.09421639,0.50647866,-0.00532725,-0.01391067,0.01489584
126.394276,-0.09125428,0.49376684,-0.08594477,0.50979412,-0.00530951,-0.01602728,0.01688386
126.414368,-0.08293250,0.49486132,-0.07748756,0.51225794,-0.00544494,-0.01739662,0.01822882
126.434586,-0.07458126,0.49585104,-0.06847136,0.51253278,-0.00610990,-0.01668174,0.01776545
126.454185,-0.06620351,0.49673564,-0.05947844,0.51225846,-0.00672507,-0.01552282,0.01691699
126.474477,-0.05780224,0.49751482,-0.05085920,0.51294151,-0.00694304,-0.01542669,0.01691711
126.494864,-0.04938044,0.49818829,-0.04263333,0.51544460,-0.00674711,-0.01725631,0.01852846
126.514480,-0.04094109,0.49875581,-0.03456930,0.51832090,-0.00637179,-0.01956509,0.02057651
126.534335,-0.03248720,0.49921719,-0.02567685,0.51813960,-0.00681035,-0.01892241,0.02011066
126.554379,-0.02402176,0.49957225,-0.01758877,0.52016504,-0.00643299,-0.02059279,0.02157420
126.574269,-0.01554779,0.49982088,-0.00917572,0.52004832,-0.00637207,-0.02022744,0.02120737
126.594244,-0.00706829,0.49996299,-0.00091040,0.52009934,-0.00615789,-0.02013635,0.02105688
126.614382,0.00141371,0.49999852,0.00768085,0.51829653,-0.00626714,-0.01829801,0.01934151
126.634428,0.00989522,0.49992746,0.01544511,0.51964459,-0.00554989,-0.01971713,0.02048333
126.654573,0.01837321,0.49974984,0.02403447,0.51753638,-0.00566126,-0.01778654,0.01866577
126.674866,0.02684467,0.49946572,0.03238691,0.51513153,-0.00554224,-0.01566581,0.01661728
126.694472,0.03530659,0.49907520,0.04037289,0.51361696,-0.00506630,-0.01454176,0.01539903
126.714770,0.04375597,0.49857842,0.04804600,0.51277278,-0.00429003,-0.01419436,0.01482849
126.734310,0.05218981,0.49797556,0.05630091,0.50941718,-0.00411110,-0.01144162,0.01215779
126.754461,0.06060510,0.49726683,0.06402746,0.50776240,-0.00342236,-0.01049557,0.01103945
126.774425,0.06899885,0.49645248,0.07141556,0.50706893,-0.00241671,-0.01061645,0.01088805
126.794519,0.07736810,0.49553280,0.07939725,0.50363067,-0.00202915,-0.00809787,0.00834823
126.814451,0.08570985,0.49450812,0.08714809,0.50064549,-0.00143824,-0.00613737,0.00630364
126.834452,0.09402115,0.49337880,0.09453765,0.49827355,-0.00051650,-0.00489475,0.00492192
126.854454,0.10229905,0.49214525,0.10182666,0.49658408,0.00047239,-0.00443883,0.00446389
126.874476,0.11054060,0.49080790,0.10946500,0.49346016,0.00107560,-0.00265226,0.00286206
126.894474,0.11874287,0.48936723,0.11728691,0.48966518,0.00145596,-0.00029795,0.00148613
126.914419,0.12690296,0.48782374,0.12514382,0.48571468,0.00175914,0.00210906,0.00274640
126.934372,0.13501796,0.48617800,0.13244286,0.48361103,0.00257510,0.00256697,0.00363600
126.954435,0.14308499,0.48443057,0.13964503,0.48138033,0.00343996,0.00305024,0.00459753
126.974510,0.15110118,0.48258209,0.14686002,0.47899457,0.00424116,0.00358752,0.00555497
126.994428,0.15906368,0.48063321,0.15467800,0.47403672,0.00438568,0.00659649,0.00792135
127.014434,0.16696967,0.47858462,0.16196911,0.47066705,0.00500056,0.00791757,0.00936448
127.034388,0.17481634,0.47643705,0.16926508,0.46774005,0.00555126,0.00869700,0.01031767
127.054647,0.18260089,0.47419127,0.17694113,0.46302051,0.00565976,0.01117076,0.01252273
127.074462,0.19032057,0.47184806,0.18442402,0.45892988,0.00589655,0.01291818,0.01420030
127.094433,0.19797263,0.46940827,0.19190136,0.45506651,0.00607127,0.01434176,0.01557390
127.114299,0.20555435,0.46687276,0.19909533,0.45244491,0.00645902,0.01442785,0.01580765
127.134202,0.21306303,0.46424243,0.20676452,0.44800936,0.00629851,0.01623307,0.01741217
127.154298,0.22049602,0.46151822,0.21423166,0.44373584,0.00626436,0.01778238,0.01885352
127.174389,0.22785066,0.45870109,0.22077808,0.44306205,0.00707258,0.01563904,0.01716394
127.194327,0.23512435,0.45579205,0.22832866,0.43824886,0.00679569,0.01754319,0.01881342
127.214381,0.24231451,0.45279212,0.23495412,0.43700947,0.00736039,0.01578265,0.01741457
127.234404,0.24941857,0.44970238,0.24255597,0.43205445,0.00686260,0.01764793,0.01893528
127.254390,0.25643401,0.44652392,0.24954151,0.42941209,0.00689250,0.01711183,0.01844780
127.274595,0.26335834,0.44325787,0.25721693,0.42381337,0.00614141,0.01944450,0.02039131
127.294366,0.27018910,0.43990540,0.26470723,0.41881192,0.00548187,0.02109348,0.02179417
127.314354,0.27692387,0.43646768,0.27191620,0.41506054,0.00500767,0.02140714,0.02198505
127.334335,0.28356024,0.43294595,0.27932224,0.41062948,0.00423800,0.02231647,0.02271531
127.354402,0.29009587,0.42934146,0.28635544,0.40744558,0.00374043,0.02189588,0.02221307
127.374414,0.29652843,0.42565548,0.29269221,0.40711265,0.00383622,0.01854283,0.01893550
127.394410,0.30285563,0.42188933,0.29976966,0.40373075,0.00308597,0.01815858,0.01841894
127.414356,0.30907523,0.41804434,0.30669528,0.40016772,0.00237995,0.01787662,0.01803435
127.434538,0.31518502,0.41412188,0.31323368,0.39774583,0.00195134,0.01637605,0.01649190
127.455062,0.32118282,0.41012335,0.31992413,0.39398375,0.00125869,0.01613960,0.01618861
127.474421,0.32706651,0.40605015,0.32627046,0.39068232,0.00079605,0.01536783,0.01538843
127.494365,0.33283399,0.40190375,0.33237174,0.38782127,0.00046225,0.01408248,0.01409006
127.514209,0.33848322,0.39768562,0.33894947,0.38276288,-0.00046625,0.01492274,0.01493002
127.534215,0.34401219,0.39339725,0.34521790,0.37892406,-0.00120571,0.01447319,0.01452332
127.554387,0.34941893,0.38904016,0.35141906,0.37529389,-0.00200013,0.01374627,0.01389102
127.574368,0.35470153,0.38461591,0.35789055,0.36967103,-0.00318902,0.01494488,0.01528134
127.594391,0.35985810,0.38012607,0.36381251,0.36607926,-0.00395441,0.01404681,0.01459281
127.614418,0.36488681,0.37557223,0.36938447,0.36337965,-0.00449766,0.01219258,0.01299569
127.634497,0.36978588,0.37095600,0.37482085,0.36042615,-0.00503497,0.01052985,0.01167170
127.654529,0.37455357,0.36627904,0.37941936,0.36029549,-0.00486579,0.00598355,0.00771225
127.674469,0.37918819,0.36154300,0.38514893,0.35552987,-0.00596074,0.00601313,0.00846689
127.694432,0.38368807,0.35674957,0.39057667,0.35179135,-0.00688860,0.00495822,0.00848745
127.714344,0.38805164,0.35190044,0.39580801,0.34829020,-0.00775637,0.00361024,0.00855542
127.734224,0.39227733,0.34699735,0.40058080,0.34600289,-0.00830347,0.00099446,0.00836280
127.754088,0.39636365,0.34204202,0.40557602,0.34193577,-0.00921237,0.00010625,0.00921298
127.774406,0.40030914,0.33703623,0.41010720,0.33893871,-0.00979806,-0.00190248,0.00998105
127.794369,0.40411241,0.33198175,0.41436760,0.33606808,-0.01025519,-0.00408633,0.01103934
127.814404,0.40777209,0.32688038,0.41856362,0.33267682,-0.01079153,-0.00579644,0.01224973
127.834452,0.41128690,0.32173393,0.42292300,0.32804818,-0.01163610,-0.00631425,0.01323890
127.854402,0.41465558,0.31654422,0.42689118,0.32401012,-0.01223560,-0.00746590,0.01433351
127.874348,0.41787693,0.31131311,0.43034960,0.32129212,-0.01247267,-0.00997901,0.01597336
127.894388,0.42094981,0.30604245,0.43397476,0.31643854,-0.01302495,-0.01039609,0.01666517
127.914409,0.42387314,0.30073412,0.43712448,0.31226937,-0.01325134,-0.01153525,0.01756872
127.934369,0.42664586,0.29538999,0.43938987,0.31051279,-0.01274401,-0.01512280,0.01977647
127.954345,0.42926699,0.29001197,0.44202623,0.30662922,-0.01275924,-0.01661725,0.02095068
127.974390,0.43173561,0.28460197,0.44496189,0.30028888,-0.01322628,-0.01568691,0.02051862
127.994346,0.43405084,0.27916191,0.44692794,0.29592819,-0.01287710,-0.01676628,0.02114067
128.014403,0.43621185,0.27369373,0.44871809,0.29127574,-0.01250624,-0.01758201,0.02157621
128.034471,0.43821787,0.26819936,0.45056694,0.28530290,-0.01234907,-0.01710354,0.02109575
128.054420,0.44006820,0.26268077,0.45222213,0.27873998,-0.01215393,-0.01605921,0.02013992
128.074431,0.44176218,0.25713990,0.45362699,0.27221769,-0.01186481,-0.01507779,0.01918629
128.094415,0.44329920,0.25157873,0.45405229,0.26891049,-0.01075309,-0.01733176,0.02039654
128.114302,0.44467871,0.24599924,0.45511602,0.26227099,-0.01043731,-0.01627175,0.01933152
128.134386,0.44590024,0.24040340,0.45523900,0.25843604,-0.00933876,-0.01803264,0.02030735
128.154138,0.44696334,0.23479320,0.45526862,0.25434348,-0.00830528,-0.01955028,0.02124126
128.174407,0.44786763,0.22917065,0.45581469,0.24774275,-0.00794706,-0.01857210,0.02020096
128.194374,0.44861280,0.22353773,0.45537526,0.24394388,-0.00676246,-0.02040615,0.02149748
128.214395,0.44919858,0.21789645,0.45533627,0.23835286,-0.00613769,-0.02045641,0.02135733
128.234590,0.44962476,0.21224881,0.45462759,0.23465176,-0.00500283,-0.02240295,0.02295475
128.254268,0.44989119,0.20659681,0.45459447,0.22777154,-0.00470328,-0.02117473,0.02169078
128.274358,0.44999778,0.20094248,0.45344228,0.22451614,-0.00344450,-0.02357366,0.02382398
128.294440,0.44994448,0.19528780,0.45255841,0.22052183,-0.00261393,-0.02523403,0.02536905
128.314350,0.44973133,0.18963481,0.45156506,0.21677700,-0.00183373,-0.02714219,0.02720407
128.334398,0.44935838,0.18398549,0.45084753,0.21136954,-0.00148915,-0.02738405,0.02742451
128.354331,0.44882578,0.17834187,0.45053262,0.20390574,-0.00170684,-0.02556387,0.02562079
128.374430,0.44813372,0.17270594,0.44898965,0.20027426,-0.00085593,-0.02756832,0.02758161
128.394389,0.44728243,0.16707971,0.44792134,0.19438631,-0.00063891,-0.02730660,0.02731408
128.414455,0.44627223,0.16146517,0.44655766,0.18936787,-0.00028543,-0.02790270,0.02790416
128.434805,0.44510347,0.15586433,0.44565398,0.18177405,-0.00055051,-0.02590972,0.02591557
128.454131,0.44377656,0.15027916,0.44327868,0.17888424,0.00049788,-0.02860508,0.02860941
128.474388,0.44229199,0.14471167,0.44153105,0.17309682,0.00076094,-0.02838515,0.02839535
128.494218,0.44065026,0.13916381,0.44037125,0.16439898,0.00027901,-0.02523517,0.02523671
128.514367,0.43885198,0.13363757,0.43823359,0.15899218,0.00061839,-0.02535461,0.02536215
128.534350,0.43689778,0.12813491,0.43618384,0.15294196,0.00071394,-0.02480705,0.02481733
128.554139,0.43478835,0.12265778,0.43409052,0.14653808,0.00069783,-0.02388030,0.02389049
128.574412,0.43252444,0.11720814,0.43156604,0.14125333,0.00095840,-0.02404519,0.02406428
128.594481,0.43010686,0.11178790,0.42959798,0.13391283,0.00050888,-0.02212493,0.02213078
128.614558,0.42753646,0.10639901,0.42705927,0.12786108,0.00047719,-0.02146207,0.02146737
128.634514,0.42481416,0.10104338,0.42464372,0.11977786,0.00017044,-0.01873448,0.01873526
128.654251,0.42194092,0.09572290,0.42112099,0.11527569,0.00081993,-0.01955279,0.01956997
128.674427,0.41891778,0.09043947,0.41818068,0.10792541,0.00073710,-0.01748594,0.01750147
128.694377,0.41574579,0.08519497,0.41552121,0.09834816,0.00022458,-0.01315319,0.01315511
128.714432,0.41242609,0.07999126,0.41204054,0.09207614,0.00038555,-0.01208488,0.01209103
128.734388,0.40895986,0.07483019,0.40755982,0.08939547,0.00140004,-0.01456528,0.01463241
128.754040,0.40534832,0.06971359,0.40444640,0.08201755,0.00090192,-0.01230396,0.01233697
128.774399,0.40159277,0.06464327,0.40070617,0.07654008,0.00088660,-0.01189681,0.01192980
128.794470,0.39769453,0.05962106,0.39721212,0.06954431,0.00048241,-0.00992325,0.00993497
128.814418,0.39365500,0.05464871,0.39308978,0.06533296,0.00056522,-0.01068425,0.01069919
128.834419,0.38947560,0.04972801,0.38897116,0.06064530,0.00050444,-0.01091729,0.01092894
128.854416,0.38515782,0.04486070,0.38544059,0.05326441,-0.00028277,-0.00840371,0.00840847
128.874329,0.38070320,0.04004851,0.38135335,0.04743687,-0.00065015,-0.00738836,0.00741691
128.894474,0.37611331,0.03529315,0.37771815,0.03949378,-0.00160484,-0.00420063,0.00449675
128.914371,0.37138980,0.03059631,0.37311106,0.03497353,-0.00172126,-0.00437722,0.00470348
128.934372,0.36653433,0.02595966,0.36955437,0.02635152,-0.00302004,-0.00039186,0.00304535
128.954448,0.36154863,0.02138485,0.36564903,0.01797036,-0.00410040,0.00341449,0.00533592
128.974445,0.35643448,0.01687349,0.36128773,0.01137871,-0.00485325,0.00549478,0.00733121
128.994599,0.35119368,0.01242720,0.35701444,0.00393987,-0.00582076,0.00848733,0.01029155
129.014507,0.34582811,0.00804756,0.35242095,-0.00213358,-0.00659284,0.01018114,0.01212935
129.034507,0.34033967,0.00373611,0.34736830,-0.00699438,-0.00702863,0.01073049,0.01282751
129.054283,0.33473031,-0.00050561,0.34207825,-0.01096954,-0.00734794,0.01046393,0.01278616
129.074344,0.32900202,-0.00467608,0.33696123,-0.01589894,-0.00795921,0.01122286,0.01375869
129.094298,0.32315683,-0.00877384,0.33137165,-0.01958699,-0.00821482,0.01081315,0.01357967
129.114451,0.31719683,-0.01279742,0.32593123,-0.02417813,-0.00873440,0.01138071,0.01434610
129.134365,0.31112414,-0.01674539,0.32026053,-0.02804967,-0.00913639,0.01130428,0.01453480
129.154402,0.30494090,-0.02061636,0.31471265,-0.03281485,-0.00977175,0.01219849,0.01562979
129.174856,0.29864931,-0.02440894,0.30868727,-0.03663810,-0.01003796,0.01222916,0.01582129
129.194700,0.29225162,-0.02812179,0.30282204,-0.04098037,-0.01057042,0.01285858,0.01664563
129.214599,0.28575009,-0.03175359,0.29617012,-0.04324844,-0.01042003,0.01149485,0.01551479
129.234430,0.27914704,-0.03530305,0.28966236,-0.04727542,-0.01051532,0.01197237,0.01593454
129.254256,0.27244481,-0.03876890,0.28315654,-0.05201747,-0.01071173,0.01324857,0.01703718
129.274331,0.26564578,-0.04214993,0.27676122,-0.05738025,-0.01111544,0.01523032,0.01885512
129.294450,0.25875236,-0.04544492,0.27030962,-0.06280367,-0.01155726,0.01735875,0.02085417
129.314352,0.25176702,-0.04865270,0.26305808,-0.06578951,-0.01129106,0.01713681,0.02052214
129.334369,0.24469222,-0.05177214,0.25607348,-0.06984417,-0.01138126,0.01807203,0.02135723
129.354359,0.23753048,-0.05480212,0.24822600,-0.07108693,-0.01069552,0.01628481,0.01948305
129.374452,0.23028435,-0.05774157,0.24031773,-0.07194838,-0.01003338,0.01420681,0.01739259
129.394469,0.22295640,-0.06058945,0.23273762,-0.07378405,-0.00978122,0.01319460,0.01642467
129.414380,0.21554924,-0.06334475,0.22618096,-0.08011363,-0.01063172,0.01676888,0.01985519
129.434477,0.20806549,-0.06600648,0.21862972,-0.08327818,-0.01056423,0.01727170,0.02024635
129.454385,0.20050782,-0.06857369,0.21032122,-0.08380667,-0.00981340,0.01523298,0.01812033
129.474384,0.19287890,-0.07104549,0.20264488,-0.08711355,-0.00976598,0.01606806,0.01880311
129.494397,0.18518146,-0.07342098,0.19436780,-0.08876942,-0.00918634,0.01534844,0.01788752
129.514475,0.17741823,-0.07569933,0.18658750,-0.09251183,-0.00916927,0.01681250,0.01915034
129.534707,0.16959195,-0.07787973,0.17884548,-0.09712715,-0.00925353,0.01924742,0.02135629
129.554103,0.16170543,-0.07996139,0.16967982,-0.09680495,-0.00797439,0.01684356,0.01863589
129.574441,0.15376145,-0.08194359,0.16080578,-0.09783833,-0.00704433,0.01589474,0.01738578
129.594392,0.14576284,-0.08382561,0.15235308,-0.10022782,-0.00659024,0.01640221,0.01767665
129.614397,0.13771244,-0.08560679,0.14309206,-0.09966554,-0.00537962,0.01405875,0.01505287
129.634420,0.12961311,-0.08728649,0.13441431,-0.10125906,-0.00480120,0.01397257,0.01477445
129.654399,0.12146773,-0.08886413,0.12527952,-0.10102257,-0.00381179,0.01215844,0.01274196
129.674371,0.11327920,-0.09033913,0.11608112,-0.10008819,-0.00280192,0.00974906,0.01014371
129.694376,0.10505041,-0.09171098,0.10687047,-0.09862749,-0.00182006,0.00691651,0.00715197
129.714409,0.09678431,-0.09297918,0.09821034,-0.09974629,-0.00142603,0.00676711,0.00691573
129.734459,0.08848381,-0.09414329,0.08849763,-0.09682849,-0.00001382,0.00268520,0.00268524
129.756262,0.08015188,-0.09520289,0.07950584,-0.09665660,0.00064604,0.00145371,0.00159080
129.774549,0.07179147,-0.09615760,0.07075022,-0.09732269,0.00104125,0.00116509,0.00156257
129.794479,0.06340555,-0.09700710,0.06155877,-0.09618168,0.00184678,-0.00082542,0.00202284
129.814476,0.05499711,-0.09775107,0.05273089,-0.09600301,0.00226622,-0.00174806,0.00286207
129.834442,0.04656913,-0.09838924,0.04414173,-0.09693906,0.00242740,-0.00145018,0.00282759
129.854420,0.03812459,-0.09892141,0.03484237,-0.09480837,0.00328222,-0.00411304,0.00526214
129.874564,0.02966652,-0.09934736,0.02591890,-0.09359720,0.00374762,-0.00575016,0.00686360
129.894412,0.02119790,-0.09966696,0.01676925,-0.09163891,0.00442865,-0.00802805,0.00916856
129.914387,0.01272176,-0.09988009,0.00801722,-0.09146132,0.00470454,-0.00841877,0.00964408
129.934348,0.00424109,-0.09998668,-0.00034680,-0.09321406,0.00458789,-0.00677262,0.00818029
129.954568,-0.00424109,-0.09998668,-0.00953491,-0.09158369,0.00529382,-0.00840299,0.00993150
129.974449,-0.01272176,-0.09988009,-0.01813291,-0.09154665,0.00541115,-0.00833344,0.00993613
129.994389,-0.02119790,-0.09966696,-0.02745383,-0.08801491,0.00625593,-0.01165205,0.01322524
130.014338,-0.02966652,-0.09934736,-0.03620038,-0.08622617,0.00653386,-0.01312119,0.01465800
130.034349,-0.03812459,-0.09892141,-0.04423602,-0.08731015,0.00611143,-0.01161126,0.01312139
130.054379,-0.04656913,-0.09838924,-0.05237600,-0.08777441,0.00580687,-0.01061483,0.01209936
130.074373,-0.05499711,-0.09775107,-0.06119860,-0.08540537,0.00620149,-0.01234570,0.01381574
130.094373,-0.06340555,-0.09700710,-0.06938709,-0.08521293,0.00598154,-0.01179417,0.01322426
130.114332,-0.07179147,-0.09615760,-0.07832107,-0.08139759,0.00652960,-0.01476001,0.01613981
130.134324,-0.08015188,-0.09520289,-0.08623818,-0.08132195,0.00608630,-0.01388094,0.01515663
130.154941,-0.08848381,-0.09414329,-0.09488358,-0.07831965,0.00639977,-0.01582364,0.01706882
130.174742,-0.09678431,-0.09297918,-0.10264454,-0.07810202,0.00586023,-0.01487716,0.01598975
130.194519,-0.10505041,-0.09171098,-0.11050597,-0.07765915,0.00545556,-0.01405183,0.01507372
130.214626,-0.11327920,-0.09033913,-0.11853153,-0.07619972,0.00525233,-0.01413941,0.01508343
130.234233,-0.12146773,-0.08886413,-0.12689644,-0.07244985,0.00542871,-0.01641428,0.01728871
130.254234,-0.12961311,-0.08728649,-0.13454035,-0.07080665,0.00492724,-0.01647984,0.01720067
130.274667,-0.13771244,-0.08560679,-0.14193585,-0.07005831,0.00422341,-0.01554848,0.01611187
130.294550,-0.14576284,-0.08382561,-0.15111162,-0.06184227,0.00534878,-0.02198334,0.02262469
130.314427,-0.15376145,-0.08194359,-0.15826239,-0.06123628,0.00450094,-0.02070731,0.02119083
130.334745,-0.16170543,-0.07996139,-0.16470569,-0.06315804,0.00300026,-0.01680335,0.01706910
130.354484,-0.16959195,-0.07787973,-0.17244007,-0.05980405,0.00284812,-0.01807568,0.01829869
130.374482,-0.17741823,-0.07569933,-0.17991316,-0.05694730,0.00249493,-0.01875203,0.01891727
130.394436,-0.18518146,-0.07342098,-0.18681341,-0.05572980,0.00163195,-0.01769118,0.01776629
130.414254,-0.19287890,-0.07104549,-0.19453351,-0.05126033,0.00165461,-0.01978516,0.01985423
130.434462,-0.20050782,-0.06857369,-0.20174553,-0.04860607,0.00123771,-0.01996762,0.02000594
130.454447,-0.20806549,-0.06600648,-0.20838246,-0.04788350,0.00031697,-0.01812298,0.01812575
130.474417,-0.21554924,-0.06334475,-0.21526581,-0.04595360,-0.00028343,-0.01739115,0.01739346
130.494384,-0.22295640,-0.06058945,-0.22206844,-0.04379593,-0.00088796,-0.01679352,0.01681698
130.514372,-0.23028435,-0.05774157,-0.22920672,-0.03966294,-0.00107763,-0.01807863,0.01811072
130.534488,-0.23753048,-0.05480212,-0.23574520,-0.03775723,-0.00178528,-0.01704489,0.01713813
130.554472,-0.24469222,-0.05177214,-0.24237929,-0.03524884,-0.00231293,-0.01652330,0.01668440
130.574447,-0.25176702,-0.04865270,-0.24880652,-0.03366428,-0.00296050,-0.01498842,0.01527800
130.594438,-0.25875236,-0.04544492,-0.25524593,-0.03189007,-0.00350643,-0.01355485,0.01400104
130.614165,-0.26564578,-0.04214993,-0.26176335,-0.02908829,-0.00388243,-0.01306164,0.01362643
130.634389,-0.27244481,-0.03876890,-0.26878756,-0.02375867,-0.00365725,-0.01501023,0.01544936
130.654410,-0.27914704,-0.03530305,-0.27404258,-0.02490970,-0.00510446,-0.01039335,0.01157918
130.674411,-0.28575009,-0.03175359,-0.27954150,-0.02523236,-0.00620859,-0.00652123,0.00900406
130.694445,-0.29225162,-0.02812179,-0.28619081,-0.02098803,-0.00606081,-0.00713376,0.00936076
130.714539,-0.29864931,-0.02440894,-0.29228536,-0.01878520,-0.00636395,-0.00562374,0.00849272
130.734429,-0.30494090,-0.02061636,-0.29811738,-0.01766967,-0.00682352,-0.00294669,0.00743259
130.754155,-0.31112414,-0.01674539,-0.30467512,-0.01391909,-0.00644902,-0.00282630,0.00704116
130.774477,-0.31719683,-0.01279742,-0.31151323,-0.00889262,-0.00568360,-0.00390480,0.00689571
130.794284,-0.32315683,-0.00877384,-0.31754018,-0.00596590,-0.00561665,-0.00280794,0.00627943
130.814745,-0.32900202,-0.00467608,-0.32337793,-0.00346038,-0.00562409,-0.00121570,0.00575399
130.834397,-0.33473031,-0.00050561,-0.32999328,0.00215537,-0.00473703,-0.00266098,0.00543326
130.854365,-0.34033967,0.00373611,-0.33448947,0.00044969,-0.00585020,0.00328642,0.00671010
130.874421,-0.34582811,0.00804756,-0.34090067,0.00615291,-0.00492744,0.00189465,0.00527914
130.894377,-0.35119368,0.01242720,-0.34641744,0.00836246,-0.00477624,0.00406474,0.00627173
130.914118,-0.35643448,0.01687349,-0.35205190,0.01110547,-0.00438258,0.00576802,0.00724410
130.934347,-0.36154863,0.02138485,-0.35761474,0.01401787,-0.00393389,0.00736698,0.00835152
130.954427,-0.36653433,0.02595966,-0.36311092,0.01776095,-0.00342341,0.00819871,0.00888474
130.974335,-0.37138980,0.03059631,-0.36828784,0.02050022,-0.00310196,0.01009609,0.01056188
130.994491,-0.37611331,0.03529315,-0.37371946,0.02460648,-0.00239385,0.01068667,0.01095151
131.014357,-0.38070320,0.04004851,-0.37872014,0.02730229,-0.00198306,0.01274622,0.01289956
131.034229,-0.38515782,0.04486070,-0.38334934,0.02855475,-0.00180848,0.01630595,0.01640594
131.054362,-0.38947560,0.04972801,-0.38860670,0.03231047,-0.00086890,0.01741754,0.01743920
131.074365,-0.39365500,0.05464871,-0.39374142,0.03644934,0.00008642,0.01819937,0.01819958
131.094375,-0.39769453,0.05962106,-0.39927318,0.04297384,0.00157865,0.01664722,0.01672190
131.114535,-0.40159277,0.06464327,-0.40409784,0.04766156,0.00250507,0.01698171,0.01716549
131.134572,-0.40534832,0.06971359,-0.40918764,0.05407271,0.00383932,0.01564088,0.01610520
131.154448,-0.40895986,0.07483019,-0.41300654,0.05617553,0.00404668,0.01865466,0.01908852
131.174332,-0.41242609,0.07999126,-0.41738905,0.06166275,0.00496296,0.01832851,0.01898856
131.194314,-0.41574579,0.08519497,-0.42162346,0.06694250,0.00587767,0.01825247,0.01917549
131.214192,-0.41891778,0.09043947,-0.42503445,0.06942328,0.00611667,0.02101619,0.02188822
131.234412,-0.42194092,0.09572290,-0.42851330,0.07310656,0.00657238,0.02261634,0.02355197
131.254259,-0.42481416,0.10104338,-0.43216909,0.07809683,0.00735493,0.02294655,0.02409645
131.274374,-0.42753646,0.10639901,-0.43493696,0.08046485,0.00740050,0.02593416,0.02696939
131.294551,-0.43010686,0.11178790,-0.43839174,0.08625296,0.00828488,0.02553494,0.02684534
131.314806,-0.43252444,0.11720814,-0.44230703,0.09467960,0.00978259,0.02252854,0.02456083
131.334421,-0.43478835,0.12265778,-0.44580967,0.10197727,0.01102132,0.02068051,0.02343401
131.354482,-0.43689778,0.12813491,-0.44811220,0.10515643,0.01121442,0.02297848,0.02556900
131.374401,-0.43885198,0.13363757,-0.45062584,0.10973210,0.01177386,0.02390547,0.02664761
131.394405,-0.44065026,0.13916381,-0.45267626,0.11330204,0.01202600,0.02586177,0.02852115
131.414411,-0.44229199,0.14471167,-0.45544877,0.12008536,0.01315678,0.02462631,0.02792053
131.434379,-0.44377656,0.15027916,-0.45713243,0.12360238,0.01335587,0.02667678,0.02983337
131.454424,-0.44510347,0.15586433,-0.45887951,0.12892015,0.01377604,0.02694418,0.03026166
131.474377,-0.44627223,0.16146517,-0.46082106,0.13629151,0.01454883,0.02517366,0.02907544
131.494653,-0.44728243,0.16707971,-0.46248958,0.14393545,0.01520715,0.02314426,0.02769321
131.514685,-0.44813372,0.17270594,-0.46322933,0.14852776,0.01509561,0.02417818,0.02850372
131.534476,-0.44882578,0.17834187,-0.46421162,0.15444884,0.01538584,0.02389303,0.02841832
131.554489,-0.44935838,0.18398549,-0.46482205,0.16036350,0.01546367,0.02362199,0.02823338
131.574397,-0.44973133,0.18963481,-0.46471248,0.16517589,0.01498115,0.02445892,0.02868229
131.594350,-0.44994448,0.19528780,-0.46518524,0.17340765,0.01524076,0.02188015,0.02666499
131.614362,-0.44999778,0.20094248,-0.46478141,0.18011922,0.01478363,0.02082326,0.02553750
131.634373,-0.44989119,0.20659681,-0.46394240,0.18629305,0.01405121,0.02030376,0.02469168
131.654393,-0.44962476,0.21224881,-0.46252473,0.19129903,0.01289997,0.02094978,0.02460290
131.674416,-0.44919858,0.21789645,-0.46107464,0.19685614,0.01187606,0.02104031,0.02416062
131.694724,-0.44861280,0.22353773,-0.46037605,0.20645949,0.01176325,0.01707824,0.02073741
131.714810,-0.44786763,0.22917065,-0.45941556,0.21579565,0.01154793,0.01337500,0.01767046
131.734449,-0.44696334,0.23479320,-0.45717608,0.22044953,0.01021274,0.01434367,0.01760798
131.754245,-0.44590024,0.24040340,-0.45594606,0.22922018,0.01004582,0.01118322,0.01503272
131.774179,-0.44467871,0.24599924,-0.45385354,0.23554136,0.00917483,0.01045788,0.01391204
131.794251,-0.44329920,0.25157873,-0.45207858,0.24367156,0.00877938,0.00790717,0.01181528
131.814323,-0.44176218,0.25713990,-0.44989806,0.25112445,0.00813588,0.00601545,0.01011821
131.834342,-0.44006820,0.26268077,-0.44757908,0.25866715,0.00751088,0.00401362,0.00851601
131.854365,-0.43821787,0.26819936,-0.44479996,0.26517688,0.00658209,0.00302248,0.00724288
131.874824,-0.43621185,0.27369373,-0.44176468,0.27144794,0.00555283,0.00224579,0.00598978
131.894448,-0.43405084,0.27916191,-0.43877724,0.27825002,0.00472640,0.00091189,0.00481357
131.914434,-0.43173561,0.28460197,-0.43535679,0.28362499,0.00362118,0.00097698,0.00375065
131.934473,-0.42926699,0.29001197,-0.43179170,0.28820491,0.00252471,0.00180706,0.00310478
131.954161,-0.42664586,0.29538999,-0.42870184,0.29530971,0.00205598,0.00008028,0.00205755
131.974729,-0.42387314,0.30073412,-0.42567037,0.30338491,0.00179723,-0.00265079,0.00320261
131.994355,-0.42094981,0.30604245,-0.42270519,0.31171659,0.00175538,-0.00567414,0.00593947
132.014377,-0.41787693,0.31131311,-0.41860150,0.31600309,0.00072457,-0.00468998,0.00474562
132.034339,-0.41465558,0.31654422,-0.41513872,0.32331297,0.00048314,-0.00676875,0.00678597
132.054438,-0.41128690,0.32173393,-0.41164708,0.33122763,0.00036018,-0.00949370,0.00950053
132.074785,-0.40777209,0.32688038,-0.40737666,0.33610010,-0.00039543,-0.00921972,0.00922820
132.094690,-0.40411241,0.33198175,-0.40309777,0.34139023,-0.00101464,-0.00940848,0.00946303
132.114593,-0.40030914,0.33703623,-0.39917921,0.34868369,-0.00112993,-0.01164746,0.01170214
132.134266,-0.39636365,0.34204202,-0.39467998,0.35326163,-0.00168367,-0.01121961,0.01134524
132.154226,-0.39227733,0.34699735,-0.39067494,0.36053375,-0.00160239,-0.01353640,0.01363091
132.174273,-0.38805164,0.35190044,-0.38597238,0.36538642,-0.00207926,-0.01348598,0.01364533
132.194309,-0.38368807,0.35674957,-0.38142932,0.37061948,-0.00225875,-0.01386991,0.01405262
132.214354,-0.37918819,0.36154300,-0.37673472,0.37602665,-0.00245347,-0.01448365,0.01468998
132.234418,-0.37455357,0.36627904,-0.37186039,0.38114379,-0.00269318,-0.01486475,0.01510676
132.254313,-0.36978588,0.37095600,-0.36686445,0.38571494,-0.00292143,-0.01475894,0.01504530
132.274801,-0.36488681,0.37557223,-0.36206441,0.39016988,-0.00282240,-0.01459765,0.01486799
132.294739,-0.35985810,0.38012607,-0.35718470,0.39414326,-0.00267340,-0.01401719,0.01426985
132.314363,-0.35470153,0.38461591,-0.35185372,0.39648753,-0.00284781,-0.01187162,0.01220841
132.334225,-0.34941893,0.38904016,-0.34731052,0.40225562,-0.00210841,-0.01321546,0.01338259
132.354245,-0.34401219,0.39339725,-0.34176652,0.40492776,-0.00224567,-0.01153051,0.01174716
132.374369,-0.33848322,0.39768562,-0.33726835,0.41123373,-0.00121487,-0.01354811,0.01360247
132.394369,-0.33283399,0.40190375,-0.33248323,0.41651872,-0.00035076,-0.01461497,0.01461918
132.414392,-0.32706651,0.40605015,-0.32753404,0.42182422,0.00046753,-0.01577407,0.01578099
132.434431,-0.32118282,0.41012335,-0.32184436,0.42498790,0.00066154,-0.01486455,0.01487927
132.454827,-0.31518502,0.41412188,-0.31575187,0.42628490,0.00056685,-0.01216302,0.01217622
132.474893,-0.30907523,0.41804434,-0.31003811,0.42879588,0.00096288,-0.01075154,0.01079457
132.494850,-0.30285563,0.42188933,-0.30482961,0.43346364,0.00197398,-0.01157431,0.01174143
132.514356,-0.29652843,0.42565548,-0.29876288,0.43589126,0.00223445,-0.01023578,0.01047682
132.534348,-0.29009587,0.42934146,-0.29258435,0.43803593,0.00248848,-0.00869447,0.00904358
132.554245,-0.28356024,0.43294595,-0.28687378,0.44244820,0.00331354,-0.00950225,0.01006341
132.574340,-0.27692387,0.43646768,-0.28068282,0.44504062,0.00375895,-0.00857294,0.00936083
132.594449,-0.27018910,0.43990540,-0.27444671,0.44787934,0.00425761,-0.00797394,0.00903941
132.614395,-0.26335834,0.44325787,-0.26847548,0.45180412,0.00511714,-0.00854625,0.00996111
132.634306,-0.25643401,0.44652392,-0.26230724,0.45525369,0.00587323,-0.00872977,0.01052158
132.654673,-0.24941857,0.44970238,-0.25580237,0.45773589,0.00638380,-0.00803351,0.01026110
132.674302,-0.24231451,0.45279212,-0.24863710,0.45781755,0.00632259,-0.00502543,0.00807651
132.694499,-0.23512435,0.45579205,-0.24250682,0.46209880,0.00738247,-0.00630675,0.00970959
132.714294,-0.22785066,0.45870109,-0.23560055,0.46377093,0.00774989,-0.00506984,0.00926089
132.734347,-0.22049602,0.46151822,-0.22819826,0.46384783,0.00770224,-0.00232961,0.00804684
132.754409,-0.21306303,0.46424243,-0.22138854,0.46660007,0.00832551,-0.00235764,0.00865289
132.774414,-0.20555435,0.46687276,-0.21360036,0.46540548,0.00804601,0.00146728,0.00817870
132.794397,-0.19797263,0.46940827,-0.20654321,0.46706668,0.00857058,0.00234159,0.00888470
132.814403,-0.19032057,0.47184806,-0.19935565,0.46854930,0.00903508,0.00329876,0.00961844
132.834933,-0.18260089,0.47419127,-0.19180466,0.46922532,0.00920377,0.00496595,0.01045801
132.854658,-0.17481634,0.47643705,-0.18477517,0.47224899,0.00995883,0.00418806,0.01080361
132.874474,-0.16696967,0.47858462,-0.17744219,0.47488222,0.01047252,0.00370240,0.01110772
132.894352,-0.15906368,0.48063321,-0.16961224,0.47574524,0.01054856,0.00488797,0.01162602
132.914325,-0.15110118,0.48258209,-0.16213458,0.47836723,0.01103340,0.00421486,0.01181105
132.934245,-0.14308499,0.48443057,-0.15395986,0.47858620,0.01087487,0.00584437,0.01234582
132.954352,-0.13501796,0.48617800,-0.14551489,0.47756398,0.01049693,0.00861402,0.01357891
132.974375,-0.12690296,0.48782374,-0.13743650,0.47813059,0.01053354,0.00969315,0.01431477
132.994336,-0.11874287,0.48936723,-0.12944807,0.48007209,0.01070520,0.00929514,0.01417748
133.014376,-0.11054060,0.49080790,-0.12037783,0.47820218,0.00983723,0.01260572,0.01598985
133.034656,-0.10229905,0.49214525,-0.11171663,0.47812129,0.00941758,0.01402396,0.01689267
133.054525,-0.09402115,0.49337880,-0.10295018,0.47811124,0.00892903,0.01526756,0.01768689
133.074429,-0.08570985,0.49450812,-0.09455690,0.48036132,0.00884705,0.01414680,0.01668539
133.094425,-0.07736810,0.49553280,-0.08557120,0.48013445,0.00820310,0.01539835,0.01744706
133.114408,-0.06899885,0.49645248,-0.07716045,0.48234502,0.00816160,0.01410746,0.01629822
133.134424,-0.06060510,0.49726683,-0.06767503,0.48088443,0.00706993,0.01638240,0.01784284
133.154504,-0.05218981,0.49797556,-0.05818008,0.47941514,0.00599027,0.01856042,0.01950314
133.174477,-0.04375597,0.49857842,-0.04914558,0.48014744,0.00538961,0.01843098,0.01920283
133.194377,-0.03530659,0.49907520,-0.04044710,0.48194754,0.00514051,0.01712766,0.01788244
133.214461,-0.02684467,0.49946572,-0.03089288,0.48060053,0.00404821,0.01886519,0.01929465
133.234431,-0.01837321,0.49974984,-0.02199606,0.48217514,0.00362285,0.01757470,0.01794422
133.254312,-0.00989522,0.49992746,-0.01255778,0.48187601,0.00266256,0.01805145,0.01824675
133.274556,-0.00141371,0.49999852,-0.00336734,0.48198578,0.00195363,0.01801274,0.01811838
133.294373,0.00706829,0.49996299,0.00543521,0.48355618,0.00163308,0.01640681,0.01648788
133.314351,0.01554779,0.49982088,0.01425511,0.48532676,0.00129268,0.01449412,0.01455165
133.334388,0.02402176,0.49957225,0.02335974,0.48609550,0.00066202,0.01347675,0.01349300
133.354458,0.03248720,0.49921719,0.03296697,0.48460285,-0.00047977,0.01461434,0.01462221
133.374379,0.04094109,0.49875581,0.04222604,0.48417221,-0.00128495,0.01458360,0.01464010
133.394529,0.04938044,0.49818829,0.05158481,0.48297990,-0.00220437,0.01520839,0.01536731
133.414515,0.05780224,0.49751482,0.06100669,0.48140448,-0.00320445,0.01611034,0.01642594
133.434494,0.06620351,0.49673564,0.06993248,0.48153164,-0.00372897,0.01520400,0.01565461
133.454441,0.07458126,0.49585104,0.07842790,0.48319206,-0.00384664,0.01265898,0.01323051
133.474411,0.08293250,0.49486132,0.08718814,0.48328835,-0.00425564,0.01157297,0.01233062
133.494543,0.09125428,0.49376684,0.09556259,0.48497586,-0.00430831,0.00879098,0.00978994
133.514440,0.09954364,0.49256799,0.10440674,0.48404766,-0.00486310,0.00852033,0.00981049
133.534415,0.10779763,0.49126519,0.11306241,0.48336932,-0.00526478,0.00789587,0.00949013
133.554368,0.11601332,0.48985890,0.12248176,0.47906038,-0.00646844,0.01079852,0.01258764
133.574437,0.12418780,0.48834963,0.13090903,0.47783305,-0.00672123,0.01051658,0.01248092
133.594379,0.13231815,0.48673790,0.13903623,0.47755134,-0.00671808,0.00918656,0.01138093
133.614454,0.14040148,0.48502431,0.14683893,0.47868729,-0.00643745,0.00633702,0.00903319
133.634423,0.14843494,0.48320944,0.15525374,0.47691157,-0.00681880,0.00629787,0.00928220
133.654421,0.15641565,0.48129395,0.16358532,0.47466985,-0.00716967,0.00662410,0.00976129
133.674433,0.16434079,0.47927852,0.17100703,0.47589763,-0.00666624,0.00338089,0.00747456
133.694458,0.17220754,0.47716386,0.17902715,0.47459385,-0.00681961,0.00257001,0.00728780
133.714454,0.18001311,0.47495073,0.18729481,0.47188386,-0.00728170,0.00306687,0.00790119
133.734433,0.18775472,0.47263990,0.19505212,0.47036328,-0.00729740,0.00227662,0.00764428
133.754391,0.19542962,0.47023222,0.20317403,0.46662353,-0.00774441,0.00360869,0.00854391
133.774517,0.20303509,0.46772851,0.21055513,0.46575745,-0.00752004,0.00197106,0.00777406
133.794463,0.21056842,0.46512969,0.21762931,0.46577183,-0.00706089,-0.00064214,0.00709003
133.814423,0.21802693,0.46243667,0.22504903,0.46329516,-0.00702210,-0.00085849,0.00707438
133.834370,0.22540798,0.45965040,0.23229761,0.46078150,-0.00688963,-0.00113110,0.00698186
133.854376,0.23270895,0.45677188,0.23819326,0.46304033,-0.00548431,-0.00626845,0.00832893
133.874405,0.23992723,0.45380213,0.24536149,0.45971133,-0.00543426,-0.00590920,0.00802806
133.894318,0.24706027,0.45074221,0.25197568,0.45845140,-0.00491541,-0.00770919,0.00914291
133.914378,0.25410553,0.44759320,0.25869530,0.45641550,-0.00458977,-0.00882230,0.00994480
133.934408,0.26106050,0.44435622,0.26527254,0.45433828,-0.00421204,-0.00998206,0.01083433
133.954326,0.26792273,0.44103242,0.27167404,0.45217243,-0.00375131,-0.01114001,0.01175466
133.974370,0.27468976,0.43762298,0.27809090,0.44883522,-0.00340114,-0.01121224,0.01171675
133.994380,0.28135920,0.43412912,0.28369319,0.44809906,-0.00233399,-0.01396994,0.01416357
134.014429,0.28792867,0.43055208,0.29010102,0.44424862,-0.00217235,-0.01369654,0.01386774
134.034394,0.29439584,0.42689311,0.29564190,0.44336139,-0.00124606,-0.01646828,0.01651536
134.054329,0.30075841,0.42315354,0.30125340,0.44148328,-0.00049499,-0.01832974,0.01833642
134.074359,0.30701412,0.41933468,0.30751120,0.43652448,-0.00049708,-0.01718980,0.01719699
134.094339,0.31316076,0.41543789,0.31344639,0.43210551,-0.00028563,-0.01666762,0.01667007
134.114392,0.31919613,0.41146456,0.31887762,0.42944827,0.00031851,-0.01798371,0.01798653
134.134382,0.32511809,0.40741609,0.32360869,0.42880839,0.00150940,-0.02139230,0.02144548
134.154369,0.33092454,0.40329393,0.32942458,0.42430094,0.00149996,-0.02100701,0.02106050
134.174376,0.33661341,0.39909954,0.33424602,0.42259824,0.00236739,-0.02349870,0.02361765
134.194481,0.34218268,0.39483441,0.33914750,0.41968732,0.00303518,-0.02485291,0.02503756
134.214484,0.34763038,0.39050006,0.34468189,0.41400127,0.00294849,-0.02350121,0.02368544
134.234436,0.35295457,0.38609803,0.35016069,0.40835786,0.00279388,-0.02225983,0.02243448
134.254265,0.35815336,0.38162987,0.35536677,0.40345774,0.00278659,-0.02182787,0.02200502
134.274360,0.36322489,0.37709718,0.35970755,0.40081860,0.00351734,-0.02372142,0.02398077
134.294352,0.36816737,0.37250158,0.36428238,0.39680993,0.00388499,-0.02430835,0.02461684
134.314343,0.37297905,0.36784468,0.36898564,0.39262310,0.00399341,-0.02477842,0.02509816
134.334370,0.37765820,0.36312814,0.37409013,0.38594320,0.00356807,-0.02281506,0.02309239
134.354359,0.38220318,0.35835365,0.37907219,0.37939118,0.00313099,-0.02103753,0.02126925
134.374374,0.38661236,0.35352290,0.38353880,0.37484463,0.00307356,-0.02132173,0.02154212
134.394471,0.39088418,0.34863760,0.38756693,0.37119607,0.00331725,-0.02255847,0.02280107
134.414427,0.39501712,0.34369949,0.39132966,0.36853133,0.00368746,-0.02483184,0.02510414
134.434454,0.39900972,0.33871033,0.39576494,0.36299346,0.00324478,-0.02428313,0.02449896
134.454368,0.40286054,0.33367188,0.40059511,0.35572603,0.00226543,-0.02205415,0.02217020
134.474368,0.40656823,0.32858594,0.40485819,0.35020812,0.00171004,-0.02162218,0.02168970
134.494350,0.41013147,0.32345431,0.40895925,0.34519560,0.00117222,-0.02174129,0.02177287
134.514384,0.41354900,0.31827882,0.41323140,0.33966671,0.00031760,-0.02138789,0.02139025
134.534371,0.41681959,0.31306130,0.41759833,0.33347143,-0.00077874,-0.02041013,0.02042498
134.554428,0.41994208,0.30780362,0.42147498,0.32824042,-0.00153290,-0.02043680,0.02049420
134.574465,0.42291538,0.30250763,0.42528387,0.32190310,-0.00236849,-0.01939547,0.01953955
134.594533,0.42573841,0.29717523,0.42913631,0.31448900,-0.00339790,-0.01731377,0.01764405
134.614530,0.42841018,0.29180829,0.43184917,0.31120259,-0.00343899,-0.01939430,0.01969684
134.634494,0.43092974,0.28640874,0.43562860,0.30367531,-0.00469886,-0.01726657,0.01789452
134.654421,0.43329619,0.28097849,0.43867428,0.29811375,-0.00537809,-0.01713526,0.01795943
134.674445,0.43550870,0.27551946,0.44175140,0.29188608,-0.00624270,-0.01636662,0.01751678
134.694356,0.43756646,0.27003361,0.44463634,0.28561964,-0.00706988,-0.01558603,0.01711454
134.714407,0.43946877,0.26452287,0.44737726,0.27861641,-0.00790849,-0.01409354,0.01616082
134.734352,0.44121493,0.25898921,0.45047080,0.26928115,-0.00925587,-0.01029194,0.01384179
134.754381,0.44280433,0.25343459,0.45249855,0.26287716,-0.00969422,-0.00944257,0.01353292
134.774509,0.44423641,0.24786098,0.45425618,0.25634410,-0.01001977,-0.00848312,0.01312856
134.794409,0.44551065,0.24227037,0.45532903,0.25191561,-0.00981838,-0.00964524,0.01376340
134.814434,0.44662660,0.23666474,0.45703295,0.24465248,-0.01040635,-0.00798774,0.01311855
134.834409,0.44758387,0.23104608,0.45869695,0.23752909,-0.01111308,-0.00648301,0.01286585
134.854407,0.44838211,0.22541640,0.45945505,0.23346495,-0.01107294,-0.00804855,0.01368902
134.874454,0.44902104,0.21977768,0.46059655,0.22684117,-0.01157551,-0.00706349,0.01356043
134.894490,0.44950044,0.21413194,0.46152562,0.22005186,-0.01202518,-0.00591992,0.01340338
134.914368,0.44982014,0.20848117,0.46279525,0.21114458,-0.01297511,-0.00266341,0.01324565
134.934355,0.44998001,0.20282739,0.46341371,0.20410117,-0.01343370,-0.00127378,0.01349395
134.954555,0.44998001,0.19717261,0.46358099,0.19748220,-0.01360098,-0.00030959,0.01360451
134.974515,0.44982014,0.19151883,0.46359234,0.19032722,-0.01377220,0.00119161,0.01382365
134.994404,0.44950044,0.18586806,0.46352343,0.18278611,-0.01402299,0.00308195,0.01435767
135.014386,0.44902104,0.18022232,0.46253448,0.17775316,-0.01351344,0.00246916,0.01373717
135.034319,0.44838211,0.17458360,0.46212523,0.17039929,-0.01374312,0.00418431,0.01436600
135.054358,0.44758387,0.16895392,0.46156378,0.16256964,-0.01397991,0.00638428,0.01536870
135.074407,0.44662660,0.16333526,0.46090733,0.15426714,-0.01428073,0.00906812,0.01691656
135.094354,0.44551065,0.15772963,0.45886994,0.15051995,-0.01335929,0.00720968,0.01518058
135.114367,0.44423641,0.15213902,0.45719905,0.14449097,-0.01296264,0.00764805,0.01505067
135.134400,0.44280433,0.14656541,0.45595452,0.13599076,-0.01315019,0.01057465,0.01687455
135.154532,0.44121493,0.14101079,0.45325628,0.13227371,-0.01204135,0.00873708,0.01487719
135.174422,0.43946877,0.13547713,0.45119963,0.12526236,-0.01173086,0.01021477,0.01555489
135.194433,0.43756646,0.12996639,0.44883347,0.11871443,-0.01126701,0.01125196,0.01592332
135.214426,0.43550870,0.12448054,0.44610581,0.11292875,-0.01059711,0.01155179,0.01567618
135.234417,0.43329619,0.11902151,0.44348127,0.10631931,-0.01018508,0.01270220,0.01628133
135.254279,0.43092974,0.11359126,0.44008887,0.10202853,-0.00915913,0.01156273,0.01475081
135.274349,0.42841018,0.10819171,0.43643397,0.09807328,-0.00802379,0.01011843,0.01291371
135.294317,0.42573841,0.10282477,0.43279084,0.09366202,-0.00705243,0.00916275,0.01156256
135.314449,0.42291538,0.09749237,0.42996358,0.08613215,-0.00704820,0.01136022,0.01336906
135.334439,0.41994208,0.09219638,0.42607891,0.08213896,-0.00613683,0.01005742,0.01178186
135.354455,0.41681959,0.08693870,0.42260422,0.07618077,-0.00578463,0.01075793,0.01221454
135.374449,0.41354900,0.08172118,0.41818043,0.07315891,-0.00463143,0.00856227,0.00973461
135.394407,0.41013147,0.07654569,0.41461412,0.06585053,-0.00448265,0.01069516,0.01159657
135.414375,0.40656823,0.07141406,0.41082869,0.05924956,-0.00426046,0.01216450,0.01288901
135.434397,0.40286054,0.06632812,0.40685247,0.05280459,-0.00399193,0.01352353,0.01410040
135.454353,0.39900972,0.06128967,0.40226904,0.04812908,-0.00325932,0.01316059,0.01355818
135.474382,0.39501712,0.05630051,0.39752155,0.04408527,-0.00250443,0.01221524,0.01246933
135.494369,0.39088418,0.05136240,0.39360677,0.03632205,-0.00272259,0.01504035,0.01528478
135.514483,0.38661236,0.04647710,0.38857765,0.03224906,-0.00196529,0.01422804,0.01436312
135.534468,0.38220318,0.04164635,0.38334098,0.02854762,-0.00113780,0.01309873,0.01314806
135.554473,0.37765820,0.03687186,0.37765146,0.02610748,0.00000674,0.01076438,0.01076439
135.574441,0.37297905,0.03215532,0.37223542,0.02256615,0.00074363,0.00958917,0.00961796
135.594369,0.36816737,0.02749842,0.36676095,0.01865022,0.00140642,0.00884820,0.00895928
135.614408,0.36322489,0.02290282,0.36130002,0.01443439,0.00192487,0.00846843,0.00868444
135.634273,0.35815336,0.01837013,0.35536279,0.01153546,0.00279057,0.00683467,0.00738241
135.654331,0.35295457,0.01390197,0.34948622,0.00834491,0.00346835,0.00555706,0.00655060
135.674391,0.34763038,0.00949994,0.34349536,0.00574765,0.00413502,0.00375229,0.00558373
135.694382,0.34218268,0.00516559,0.33829553,0.00007304,0.00388715,0.00509255,0.00640655
135.714359,0.33661341,0.00090046,0.33271342,-0.00466903,0.00389999,0.00556949,0.00679920
135.734750,0.33092454,-0.00329393,0.32678494,-0.00831921,0.00413960,0.00502528,0.00651074
135.754711,0.32511809,-0.00741609,0.32007423,-0.00877858,0.00504386,0.00136249,0.00522464
135.774608,0.31919613,-0.01146456,0.31414203,-0.01205599,0.00505410,0.00059143,0.00508858
135.794223,0.31316076,-0.01543789,0.30693878,-0.01050750,0.00622198,-0.00493039,0.00793862
135.814318,0.30701412,-0.01933468,0.30074731,-0.01273026,0.00626681,-0.00660442,0.00910447
135.834425,0.30075841,-0.02315354,0.29523251,-0.01784334,0.00552590,-0.00531020,0.00766380
135.854383,0.29439584,-0.02689311,0.28901586,-0.02046527,0.00537998,-0.00642784,0.00838220
135.874242,0.28792867,-0.03055208,0.28327086,-0.02471563,0.00465781,-0.00583645,0.00746721
135.894415,0.28135920,-0.03412912,0.27719332,-0.02772095,0.00416588,-0.00640817,0.00764324
135.914304,0.27468976,-0.03762298,0.27025080,-0.02805446,0.00443896,-0.00956852,0.01054803
135.934836,0.26792273,-0.04103242,0.26381149,-0.03020032,0.00411124,-0.01083210,0.01158606
135.954467,0.26106050,-0.04435622,0.25820374,-0.03557430,0.00285676,-0.00878192,0.00923489
135.974768,0.25410553,-0.04759320,0.25180147,-0.03791521,0.00230406,-0.00967799,0.00994848
135.994181,0.24706027,-0.05074221,0.24492050,-0.03747110,0.00213977,-0.01327111,0.01344250
136.014309,0.23992723,-0.05380213,0.23930274,-0.04212325,0.00062449,-0.01167888,0.01169556
136.034324,0.23270895,-0.05677188,0.23281758,-0.04412411,-0.00010863,-0.01264777,0.01264824
136.054440,0.22540798,-0.05965040,0.22622361,-0.04613433,-0.00081563,-0.01351607,0.01354066
136.074373,0.21802693,-0.06243667,0.22028820,-0.05087405,-0.00226127,-0.01156262,0.01178166
136.094427,0.21056842,-0.06512969,0.21293731,-0.05063212,-0.00236889,-0.01449757,0.01468983
136.115087,0.20303509,-0.06772851,0.20635249,-0.05367290,-0.00331740,-0.01405561,0.01444179
136.134848,0.19542962,-0.07023222,0.19898636,-0.05414683,-0.00355674,-0.01608539,0.01647392
136.154516,0.18775472,-0.07263990,0.19175210,-0.05459871,-0.00399738,-0.01804119,0.01847874
136.174436,0.18001311,-0.07495073,0.18525510,-0.05800961,-0.00524199,-0.01694112,0.01773358
136.194660,0.17220754,-0.07716386,0.17723148,-0.05608730,-0.00502394,-0.02107656,0.02166706
136.214303,0.16434079,-0.07927852,0.16964799,-0.05681063,-0.00530720,-0.02246789,0.02308620
136.234334,0.15641565,-0.08129395,0.16291643,-0.06051543,-0.00650078,-0.02077852,0.02177170
136.254376,0.14843494,-0.08320944,0.15544055,-0.06178414,-0.00700561,-0.02142530,0.02254156
136.274412,0.14040148,-0.08502431,0.14836165,-0.06505969,-0.00796017,-0.01996462,0.02149303
136.294382,0.13231815,-0.08673790,0.14129493,-0.06880218,-0.00897678,-0.01793572,0.02005673
136.314837,0.12418780,-0.08834963,0.13309586,-0.06882362,-0.00890806,-0.01952601,0.02146203
136.334821,0.11601332,-0.08985890,0.12581253,-0.07283116,-0.00979921,-0.01702774,0.01964608
136.354563,0.10779763,-0.09126519,0.11788541,-0.07465152,-0.01008778,-0.01661367,0.01943650
136.374385,0.09954364,-0.09256799,0.10947349,-0.07473409,-0.00992985,-0.01783390,0.02041200
136.394248,0.09125428,-0.09376684,0.10144812,-0.07574929,-0.01019384,-0.01801755,0.02070136
136.414467,0.08293250,-0.09486132,0.09316742,-0.07616292,-0.01023492,-0.01869840,0.02131628
136.434379,0.07458126,-0.09585104,0.08465797,-0.07625109,-0.01007671,-0.01959995,0.02203856
136.454404,0.06620351,-0.09673564,0.07662161,-0.07826982,-0.01041810,-0.01846582,0.02120197
136.474453,0.05780224,-0.09751482,0.06753120,-0.07650166,-0.00972896,-0.02101316,0.02315611
136.494884,0.04938044,-0.09818829,0.05937059,-0.07811105,-0.00999015,-0.02007724,0.02242540
136.514841,0.04094109,-0.09875581,0.05169813,-0.08190718,-0.01075704,-0.01684863,0.01998975
136.534611,0.03248720,-0.09921719,0.04335280,-0.08390337,-0.01086560,-0.01531382,0.01877697
136.554490,0.02402176,-0.09957225,0.03407128,-0.08273580,-0.01004952,-0.01683645,0.01960763
136.574371,0.01554779,-0.09982088,0.02479119,-0.08193388,-0.00924340,-0.01788700,0.02013418
136.594406,0.00706829,-0.09996299,0.01669696,-0.08570169,-0.00962867,-0.01426130,0.01720744
136.614409,-0.00141371,-0.09999852,0.00788528,-0.08663307,-0.00929899,-0.01336545,0.01628209
136.634448,-0.00989522,-0.09992746,-0.00113397,-0.08769314,-0.00876125,-0.01223432,0.01504786
136.654517,-0.01837321,-0.09974984,-0.00984394,-0.08968690,-0.00852927,-0.01006294,0.01319133
136.674494,-0.02684467,-0.09946572,-0.01926207,-0.08929857,-0.00758260,-0.01016715,0.01268332
136.694467,-0.03530659,-0.09907520,-0.02856921,-0.08952796,-0.00673738,-0.00954724,0.01168512
136.714565,-0.04375597,-0.09857842,-0.03771594,-0.09056044,-0.00604003,-0.00801798,0.01003842
136.734131,-0.05218981,-0.09797556,-0.04709240,-0.09057996,-0.00509741,-0.00739560,0.00898212
136.754471,-0.06060510,-0.09726683,-0.05651488,-0.09032794,-0.00409022,-0.00693889,0.00805469
136.774303,-0.06899885,-0.09645248,-0.06593408,-0.08987910,-0.00306477,-0.00657338,0.00725273
136.794296,-0.07736810,-0.09553280,-0.07432443,-0.09318743,-0.00304367,-0.00234537,0.00384248
136.814382,-0.08570985,-0.09450812,-0.08285381,-0.09584544,-0.00285604,0.00133732,0.00315363
136.834505,-0.09402115,-0.09337880,-0.09219906,-0.09525914,-0.00182209,0.00188034,0.00261833
136.854363,-0.10229905,-0.09214525,-0.10132333,-0.09557630,-0.00097572,0.00343105,0.00356709
136.874425,-0.11054060,-0.09080790,-0.11078769,-0.09466763,0.00024709,0.00385973,0.00386763
136.894748,-0.11874287,-0.08936723,-0.11995659,-0.09417037,0.00121372,0.00480314,0.00495411
136.914483,-0.12690296,-0.08782374,-0.12927721,-0.09320428,0.00237425,0.00538054,0.00588110
136.934429,-0.13501796,-0.08617800,-0.13813779,-0.09317571,0.00311983,0.00699771,0.00766167
136.954495,-0.14308499,-0.08443057,-0.14741392,-0.09094398,0.00432893,0.00651341,0.00782075
136.974403,-0.15110118,-0.08258209,-0.15649572,-0.08915348,0.00539454,0.00657139,0.00850201
136.994515,-0.15906368,-0.08063321,-0.16442415,-0.09165089,0.00536047,0.01101768,0.01225251
137.014502,-0.16696967,-0.07858462,-0.17403204,-0.08725318,0.00706237,0.00866856,0.01118128
137.034487,-0.17481634,-0.07643705,-0.18243979,-0.08636871,0.00762345,0.00993166,0.01252018
137.054540,-0.18260089,-0.07419127,-0.19060059,-0.08639560,0.00799970,0.01220433,0.01459249
137.074593,-0.19032057,-0.07184806,-0.19948385,-0.08297942,0.00916328,0.01113136,0.01441780
137.094478,-0.19797263,-0.06940827,-0.20701390,-0.08439339,0.00904127,0.01498512,0.01750138
137.114426,-0.20555435,-0.06687276,-0.21501561,-0.08319257,0.00946126,0.01631981,0.01886403
137.134369,-0.21306303,-0.06424243,-0.22367381,-0.07882825,0.01061078,0.01458582,0.01803704
137.154363,-0.22049602,-0.06151822,-0.23110770,-0.07814833,0.01061168,0.01663011,0.01972735
137.174477,-0.22785066,-0.05870109,-0.23837817,-0.07774821,0.01052751,0.01904712,0.02176284
137.194426,-0.23512435,-0.05579205,-0.24589703,-0.07520798,0.01077268,0.01941593,0.02220425
137.214395,-0.24231451,-0.05279212,-0.25234711,-0.07625178,0.01003260,0.02345966,0.02551487
137.234424,-0.24941857,-0.04970238,-0.25928010,-0.07444446,0.00986153,0.02474208,0.02663494
137.254434,-0.25643401,-0.04652392,-0.26636168,-0.07108679,0.00992767,0.02456287,0.02649327
137.274504,-0.26335834,-0.04325787,-0.27372862,-0.06517881,0.01037028,0.02192094,0.02425016
137.294557,-0.27018910,-0.03990540,-0.28003069,-0.06290762,0.00984159,0.02300222,0.02501917
137.314426,-0.27692387,-0.03646768,-0.28606298,-0.06114340,0.00913911,0.02467572,0.02631377
137.334461,-0.28356024,-0.03294595,-0.29192150,-0.05975181,0.00836126,0.02680586,0.02807961
137.354332,-0.29009587,-0.02934146,-0.29808106,-0.05651770,0.00798519,0.02717624,0.02832510
137.374335,-0.29652843,-0.02565548,-0.30485018,-0.05005664,0.00832175,0.02440116,0.02578116
137.394272,-0.30285563,-0.02188933,-0.31109778,-0.04511777,0.00824215,0.02322844,0.02464738
137.414433,-0.30907523,-0.01804434,-0.31699374,-0.04058056,0.00791851,0.02253622,0.02388690
137.434458,-0.31518502,-0.01412188,-0.32269508,-0.03585730,0.00751006,0.02173542,0.02299630
137.454637,-0.32118282,-0.01012335,-0.32814178,-0.03122789,0.00695896,0.02110454,0.02222226
137.474514,-0.32706651,-0.00605015,-0.33255834,-0.02939060,0.00549183,0.02334045,0.02397784
137.494537,-0.33283399,-0.00190375,-0.33804482,-0.02324267,0.00521083,0.02133892,0.02196593
137.514832,-0.33848322,0.00231438,-0.34280197,-0.01953985,0.00431875,0.02185423,0.02227687
137.534242,-0.34401219,0.00660275,-0.34815556,-0.01297835,0.00414337,0.01958110,0.02001467
137.554213,-0.34941893,0.01095984,-0.35269946,-0.00872759,0.00328053,0.01968743,0.01995888
137.574424,-0.35470153,0.01538409,-0.35801124,-0.00101764,0.00330971,0.01640173,0.01673233
137.594291,-0.35985810,0.01987393,-0.36230680,0.00372419,0.00244870,0.01614974,0.01633433
137.614382,-0.36488681,0.02442777,-0.36605430,0.00696182,0.00116749,0.01746595,0.01750493
137.634404,-0.36978588,0.02904400,-0.37037462,0.01294108,0.00058874,0.01610292,0.01611368
137.654470,-0.37455357,0.03372096,-0.37473329,0.02002068,0.00017972,0.01370028,0.01370146
137.674456,-0.37918819,0.03845700,-0.37864756,0.02535843,-0.00054063,0.01309857,0.01310973
137.694781,-0.38368807,0.04325043,-0.38291193,0.03225886,-0.00077614,0.01099157,0.01101894
137.714377,-0.38805164,0.04809956,-0.38666681,0.03762161,-0.00138483,0.01047795,0.01056907
137.734394,-0.39227733,0.05300265,-0.38973598,0.04104101,-0.00254135,0.01196164,0.01222862
137.754486,-0.39636365,0.05795798,-0.39318248,0.04621826,-0.00318117,0.01173972,0.01216310
137.774485,-0.40030914,0.06296377,-0.39664084,0.05161756,-0.00366830,0.01134621,0.01192447
137.794644,-0.40411241,0.06801825,-0.40000601,0.05712587,-0.00410640,0.01089238,0.01164073
137.814451,-0.40777209,0.07311962,-0.40355490,0.06300832,-0.00421719,0.01011130,0.01095550
137.834487,-0.41128690,0.07826607,-0.40689950,0.06846600,-0.00438740,0.00980007,0.01073734
137.854500,-0.41465558,0.08345578,-0.41011846,0.07420067,-0.00453712,0.00925511,0.01030740
137.874453,-0.41787693,0.08868689,-0.41336993,0.08077991,-0.00450700,0.00790698,0.00910129
137.894414,-0.42094981,0.09395755,-0.41683659,0.08827877,-0.00411322,0.00567878,0.00701193
137.914398,-0.42387314,0.09926588,-0.42067751,0.09796910,-0.00319563,0.00129678,0.00344872
137.934397,-0.42664586,0.10461001,-0.42347406,0.10402592,-0.00317180,0.00058409,0.00322513
137.954512,-0.42926699,0.10998803,-0.42633647,0.11104604,-0.00293052,-0.00105801,0.00311566
137.974429,-0.43173561,0.11539803,-0.42877728,0.11703010,-0.00295833,-0.00163207,0.00337867
137.994362,-0.43405084,0.12083809,-0.43132218,0.12428194,-0.00272866,-0.00344385,0.00439382
138.014463,-0.43621185,0.12630627,-0.43343567,0.13025660,-0.00277618,-0.00395033,0.00482828
138.034462,-0.43821787,0.13180064,-0.43626442,0.13927273,-0.00195345,-0.00747209,0.00772322
138.054517,-0.44006820,0.13731923,-0.43837622,0.14563480,-0.00169198,-0.00831557,0.00848596
138.074517,-0.44176218,0.14286010,-0.44002915,0.15049021,-0.00173303,-0.00763011,0.00782445
138.094433,-0.44329920,0.14842127,-0.44210039,0.15763188,-0.00119881,-0.00921061,0.00928830
138.114458,-0.44467871,0.15400076,-0.44366935,0.16318411,-0.00100936,-0.00918335,0.00923865
138.134442,-0.44590024,0.15959660,-0.44515249,0.16824632,-0.00074775,-0.00864972,0.00868198
138.154469,-0.44696334,0.16520680,-0.44745728,0.17622078,0.00049394,-0.01101398,0.01102505
138.174455,-0.44786763,0.17082935,-0.44913542,0.18246636,0.00126779,-0.01163701,0.01170587
138.194429,-0.44861280,0.17646227,-0.45109690,0.19094542,0.00248410,-0.01448315,0.01469464
138.214441,-0.44919858,0.18210355,-0.45238984,0.19770183,0.00319126,-0.01559828,0.01592138
138.234457,-0.44962476,0.18775119,-0.45308364,0.20263753,0.00345888,-0.01488634,0.01528290
138.254248,-0.44989119,0.19340319,-0.45350176,0.20695013,0.00361057,-0.01354694,0.01401983
138.274522,-0.44999778,0.19905752,-0.45434362,0.21246700,0.00434584,-0.01340948,0.01409612
138.294531,-0.44994448,0.20471220,-0.45494171,0.21732152,0.00499723,-0.01260932,0.01356346
138.314514,-0.44973133,0.21036519,-0.45562258,0.22327878,0.00589125,-0.01291359,0.01419393
138.334447,-0.44935838,0.21601451,-0.45664746,0.23111559,0.00728908,-0.01510108,0.01676823
138.354463,-0.44882578,0.22165813,-0.45661904,0.23598250,0.00779326,-0.01432437,0.01630713
138.374455,-0.44813372,0.22729406,-0.45598658,0.23962746,0.00785286,-0.01233340,0.01462122
138.394438,-0.44728243,0.23292029,-0.45591855,0.24570148,0.00863612,-0.01278119,0.01542535
138.414427,-0.44627223,0.23853483,-0.45583258,0.25245139,0.00956035,-0.01391656,0.01688405
138.434739,-0.44510347,0.24413567,-0.45558377,0.25937176,0.01048030,-0.01523609,0.01849257
138.454981,-0.44377656,0.24972084,-0.45456107,0.26432663,0.01078451,-0.01460579,0.01815585
138.474593,-0.44229199,0.25528833,-0.45307507,0.26786787,0.01078308,-0.01257954,0.01656863
138.494356,-0.44065026,0.26083619,-0.45198845,0.27386927,0.01133819,-0.01303308,0.01727471
138.514303,-0.43885198,0.26636243,-0.45069757,0.28053672,0.01184559,-0.01417429,0.01847237
138.534502,-0.43689778,0.27186509,-0.44916054,0.28724689,0.01226276,-0.01538180,0.01967168
138.554477,-0.43478835,0.27734222,-0.44742764,0.29410294,0.01263929,-0.01676072,0.02099222
138.574393,-0.43252444,0.28279186,-0.44487559,0.29837725,0.01235115,-0.01558539,0.01988606
138.594363,-0.43010686,0.28821210,-0.44279224,0.30484664,0.01268538,-0.01663454,0.02091953
138.614785,-0.42753646,0.29360099,-0.43956287,0.30749845,0.01202641,-0.01389746,0.01837863
138.634708,-0.42481416,0.29895662,-0.43679299,0.31197136,0.01197883,-0.01301474,0.01768830
138.654472,-0.42194092,0.30427710,-0.43305072,0.31291764,0.01110980,-0.00864054,0.01407432
138.674430,-0.41891778,0.30956053,-0.42995989,0.31703150,0.01104211,-0.00747097,0.01333205
138.694506,-0.41574579,0.31480503,-0.42705725,0.32279673,0.01131146,-0.00799170,0.01384978
138.714365,-0.41242609,0.32000874,-0.42390265,0.32810395,0.01147656,-0.00809521,0.01404435
138.734419,-0.40895986,0.32516981,-0.41962404,0.32935103,0.01066418,-0.00418122,0.01145458
138.754441,-0.40534832,0.33028641,-0.41607389,0.33393252,0.01072557,-0.00364611,0.01132837
138.774469,-0.40159277,0.33535673,-0.41166153,0.33590662,0.01006876,-0.00054989,0.01008377
138.794426,-0.39769453,0.34037894,-0.40749657,0.33948544,0.00980204,0.00089350,0.00984268
138.814538,-0.39365500,0.34535129,-0.40381787,0.34507887,0.01016287,0.00027242,0.01016652
138.834567,-0.38947560,0.35027199,-0.39929768,0.34831451,0.00982208,0.00195748,0.01001523
138.854468,-0.38515782,0.35513930,-0.39527459,0.35384261,0.01011677,0.00129669,0.01019953
138.874488,-0.38070320,0.35995149,-0.38990233,0.35480173,0.00919913,0.00514976,0.01054248
138.894354,-0.37611331,0.36470685,-0.38485936,0.35852529,0.00874605,0.00618156,0.01071005
138.914398,-0.37138980,0.36940369,-0.37894285,0.35949891,0.00755305,0.00990478,0.01245605
138.934412,-0.36653433,0.37404034,-0.37347781,0.36308158,0.00694348,0.01095876,0.01297329
138.954426,-0.36154863,0.37861515,-0.36782356,0.36546593,0.00627493,0.01314922,0.01456972
138.974411,-0.35643448,0.38312651,-0.36273656,0.37031643,0.00630208,0.01281008,0.01427636
138.994296,-0.35119368,0.38757280,-0.35715682,0.37499706,0.00596314,0.01257574,0.01391792
139.014842,-0.34582811,0.39195244,-0.35114052,0.37785892,0.00531241,0.01409352,0.01506151
139.034869,-0.34033967,0.39626389,-0.34573361,0.38353478,0.00539394,0.01272911,0.01382479
139.054435,-0.33473031,0.40050561,-0.33942537,0.38663024,0.00469506,0.01387537,0.01464819
139.074376,-0.32900202,0.40467608,-0.33301245,0.39001783,0.00401043,0.01465825,0.01519697
139.094576,-0.32315683,0.40877384,-0.32633638,0.39248869,0.00317955,0.01628515,0.01659264
139.114368,-0.31719683,0.41279742,-0.31989100,0.39700194,0.00269417,0.01579548,0.01602360
139.134427,-0.31112414,0.41674539,-0.31275642,0.39991320,0.00163228,0.01683219,0.01691115
139.154378,-0.30494090,0.42061636,-0.30579517,0.40338609,0.00085427,0.01723027,0.01725144
139.174408,-0.29864931,0.42440894,-0.29896658,0.40749908,0.00031727,0.01690986,0.01691283
139.194503,-0.29225162,0.42812179,-0.29154334,0.40923686,-0.00070828,0.01888493,0.01889821
139.214431,-0.28575009,0.43175359,-0.28482822,0.41402661,-0.00092187,0.01772698,0.01775093
139.234396,-0.27914704,0.43530305,-0.27762420,0.41733069,-0.00152284,0.01797236,0.01803676
139.254225,-0.27244481,0.43876890,-0.27017638,0.41888939,-0.00226843,0.01987951,0.02000852
139.274415,-0.26564578,0.44214993,-0.26289836,0.42118139,-0.00274742,0.02096854,0.02114776
139.294402,-0.25875236,0.44544492,-0.25623640,0.42544644,-0.00251596,0.01999848,0.02015612
139.314373,-0.25176702,0.44865270,-0.24923328,0.42849340,-0.00253374,0.02015930,0.02031790
139.334355,-0.24469222,0.45177214,-0.24201410,0.43109183,-0.00267812,0.02068031,0.02085299
139.354570,-0.23753048,0.45480212,-0.23471574,0.43431096,-0.00281474,0.02049116,0.02068358
139.374389,-0.23028435,0.45774157,-0.22744141,0.43775743,-0.00284294,0.01998414,0.02018535
139.394561,-0.22295640,0.46058945,-0.21962438,0.43879271,-0.00333202,0.02179674,0.02204994
139.414452,-0.21554924,0.46334475,-0.21271815,0.44357478,-0.00283109,0.01976997,0.01997165
139.434464,-0.20806549,0.46600648,-0.20552407,0.44753438,-0.00254142,0.01847210,0.01864611
139.454253,-0.20050782,0.46857369,-0.19792990,0.45035499,-0.00257792,0.01821870,0.01840018
139.474304,-0.19287890,0.47104549,-0.19026474,0.45240615,-0.00261416,0.01863934,0.01882176
139.494201,-0.18518146,0.47342098,-0.18282235,0.45535760,-0.00235911,0.01806338,0.01821678
139.514294,-0.17741823,0.47569933,-0.17484628,0.45662748,-0.00257195,0.01907185,0.01924450
139.534357,-0.16959195,0.47787973,-0.16774452,0.46145317,-0.00184743,0.01642656,0.01653012
139.554362,-0.16170543,0.47996139,-0.16019815,0.46497597,-0.00150728,0.01498542,0.01506103
139.574935,-0.15376145,0.48194359,-0.15259813,0.46870063,-0.00116332,0.01324296,0.01329395
139.594462,-0.14576284,0.48382561,-0.14499371,0.47195625,-0.00076913,0.01186936,0.01189425
139.614398,-0.13771244,0.48560679,-0.13739204,0.47526506,-0.00032040,0.01034173,0.01034669
139.634417,-0.12961311,0.48728649,-0.12968984,0.47786143,0.00007673,0.00942506,0.00942537
139.654339,-0.12146773,0.48886413,-0.12204916,0.48017242,0.00058143,0.00869171,0.00871114
139.674695,-0.11327920,0.49033913,-0.11482298,0.48389021,0.00154378,0.00644892,0.00663113
139.694623,-0.10505041,0.49171098,-0.10680222,0.48414525,0.00175181,0.00756573,0.00776590
139.714428,-0.09678431,0.49297918,-0.09928205,0.48643404,0.00249774,0.00654514,0.00700553
139.734413,-0.08848381,0.49414329,-0.09117087,0.48602039,0.00268706,0.00812290,0.00855580
139.754427,-0.08015188,0.49520289,-0.08401291,0.48982220,0.00386103,0.00538069,0.00662264
139.774449,-0.07179147,0.49615760,-0.07546513,0.48836519,0.00367366,0.00779241,0.00861496
139.794527,-0.06340555,0.49700710,-0.06808788,0.49144320,0.00468233,0.00556390,0.00727195
139.814499,-0.05499711,0.49775107,-0.06012220,0.49226095,0.00512509,0.00549012,0.00751052
139.834511,-0.04656913,0.49838924,-0.05233336,0.49328835,0.00576423,0.00510089,0.00769711
139.854443,-0.03812459,0.49892141,-0.04471990,0.49575984,0.00659531,0.00316157,0.00731394
139.874448,-0.02966652,0.49934736,-0.03750608,0.49959794,0.00783956,-0.00025058,0.00784357
139.894419,-0.02119790,0.49966696,-0.02954668,0.50042775,0.00834878,-0.00076079,0.00838337
139.914321,-0.01272176,0.49988009,-0.02236883,0.50493708,0.00964707,-0.00505699,0.01089216
139.934486,-0.00424109,0.49998668,-0.01389861,0.50502603,0.00965752,-0.00503935,0.01089324
139.954374,0.00424109,0.49998668,-0.00555305,0.50556564,0.00979414,-0.00557896,0.01127164
139.974531,0.01272176,0.49988009,0.00289590,0.50571432,0.00982586,-0.00583423,0.01142742
139.994410,0.02119790,0.49966696,0.01135436,0.50593787,0.00984354,-0.00627091,0.01167132
140.014502,0.02966652,0.49934736,0.01997454,0.50568236,0.00969198,-0.00633500,0.01157871
140.034344,0.03812459,0.49892141,0.02880721,0.50473420,0.00931738,-0.00581279,0.01098190
140.054355,0.04656913,0.49838924,0.03698327,0.50654645,0.00958586,-0.00815721,0.01258685
140.074524,0.05499711,0.49775107,0.04573328,0.50638421,0.00926383,-0.00863314,0.01266293
140.094404,0.06340555,0.49700710,0.05439371,0.50702679,0.00901184,-0.01001969,0.01347618
140.114395,0.07179147,0.49615760,0.06307670,0.50777577,0.00871477,-0.01161817,0.01452340
140.134545,0.08015188,0.49520289,0.07193769,0.50825719,0.00821419,-0.01305430,0.01542361
140.154679,0.08848381,0.49414329,0.08093179,0.50770351,0.00755202,-0.01356022,0.01552136
140.174510,0.09678431,0.49297918,0.09001888,0.50713868,0.00676543,-0.01415950,0.01569275
140.194439,0.10505041,0.49171098,0.09886583,0.50723383,0.00618458,-0.01552285,0.01670952
140.214517,0.11327920,0.49033913,0.10795622,0.50578159,0.00532298,-0.01544246,0.01633412
140.234308,0.12146773,0.48886413,0.11683213,0.50506071,0.00463560,-0.01619658,0.01684689
140.254251,0.12961311,0.48728649,0.12596533,0.50238340,0.00364778,-0.01509691,0.01553136
140.274405,0.13771244,0.48560679,0.13433553,0.50223838,0.00337691,-0.01663159,0.01697095
140.294307,0.14576284,0.48382561,0.14349843,0.49937511,0.00226441,-0.01554950,0.01571351
140.314440,0.15376145,0.48194359,0.15214733,0.49835685,0.00161412,-0.01641326,0.01649243
140.334488,0.16170543,0.47996139,0.16065684,0.49755445,0.00104859,-0.01759306,0.01762428
140.354668,0.16959195,0.47787973,0.16901891,0.49690317,0.00057304,-0.01902344,0.01903206
140.374535,0.17741823,0.47569933,0.17745078,0.49630693,-0.00003255,-0.02060760,0.02060763
140.394473,0.18518146,0.47342098,0.18581903,0.49585072,-0.00063757,-0.02242974,0.02243879
140.414407,0.19287890,0.47104549,0.19473517,0.49282285,-0.00185627,-0.02177736,0.02185633
140.434417,0.20050782,0.46857369,0.20334632,0.49042011,-0.00283850,-0.02184642,0.02203006
140.454453,0.20806549,0.46600648,0.21207958,0.48633588,-0.00401409,-0.02032940,0.02072190
140.474487,0.21554924,0.46334475,0.22025904,0.48362138,-0.00470980,-0.02027663,0.02081644
140.494396,0.22295640,0.46058945,0.22826331,0.48116576,-0.00530691,-0.02057631,0.02124965
140.514373,0.23028435,0.45774157,0.23598058,0.47913023,-0.00569623,-0.02138866,0.02213418
140.534422,0.23753048,0.45480212,0.24396379,0.47576553,-0.00643331,-0.02096341,0.02192834
140.554426,0.24469222,0.45177214,0.25182184,0.47238032,-0.00712962,-0.02060818,0.02180662
140.574493,0.25176702,0.44865270,0.25982480,0.46715092,-0.00805778,-0.01849822,0.02017702
140.594427,0.25875236,0.44544492,0.26757259,0.46210832,-0.00882023,-0.01666340,0.01885379
140.614382,0.26564578,0.44214993,0.27480820,0.45767598,-0.00916242,-0.01552605,0.01802798
140.634231,0.27244481,0.43876890,0.28211922,0.45179398,-0.00967441,-0.01302508,0.01622489
140.654494,0.27914704,0.43530305,0.28810242,0.45078280,-0.00895538,-0.01547975,0.01788356
140.674507,0.28575009,0.43175359,0.29478001,0.44674064,-0.00902992,-0.01498705,0.01749718
140.694494,0.29225162,0.42812179,0.30147546,0.44171042,-0.00922384,-0.01358863,0.01642346
140.714482,0.29864931,0.42440894,0.30828296,0.43561434,-0.00963365,-0.01120540,0.01477728
140.734663,0.30494090,0.42061636,0.31494416,0.42939895,-0.01000326,-0.00878259,0.01331162
140.754950,0.31112414,0.41674539,0.32101252,0.42459535,-0.00988838,-0.00784996,0.01262545
140.774938,0.31719683,0.41279742,0.32704833,0.41964437,-0.00985150,-0.00684695,0.01199720
140.794373,0.32315683,0.40877384,0.33306834,0.41466844,-0.00991151,-0.00589460,0.01153188
140.814391,0.32900202,0.40467608,0.33960564,0.40756265,-0.01060362,-0.00288657,0.01098950
140.834262,0.33473031,0.40050561,0.34487646,0.40450740,-0.01014615,-0.00400179,0.01090682
140.854280,0.34033967,0.39626389,0.34996479,0.40132446,-0.00962512,-0.00506057,0.01087439
140.874396,0.34582811,0.39195244,0.35564873,0.39448068,-0.00982062,-0.00252824,0.01014084
140.894424,0.35119368,0.38757280,0.36022799,0.39116861,-0.00903431,-0.00359581,0.00972361
140.914442,0.35643448,0.38312651,0.36520209,0.38578076,-0.00876761,-0.00265425,0.00916057
140.934794,0.36154863,0.37861515,0.36981025,0.38125818,-0.00826162,-0.00264303,0.00867410
140.954508,0.36653433,0.37404034,0.37472148,0.37498422,-0.00818715,-0.00094388,0.00824138
140.974485,0.37138980,0.36940369,0.37899558,0.37087044,-0.00760578,-0.00146675,0.00774592
140.994462,0.37611331,0.36470685,0.38392226,0.36311944,-0.00780895,0.00158741,0.00796867
141.014460,0.38070320,0.35995149,0.38872535,0.35451265,-0.00802215,0.00543884,0.00969205
141.034614,0.38515782,0.35513930,0.39216199,0.35025745,-0.00700417,0.00488185,0.00853762
141.054321,0.38947560,0.35027199,0.39582471,0.34490344,-0.00634911,0.00536855,0.00831459
141.074348,0.39365500,0.34535129,0.40004593,0.33644899,-0.00639093,0.00890230,0.01095878
141.094218,0.39769453,0.34037894,0.40351310,0.33005982,-0.00581857,0.01031912,0.01184652
141.114378,0.40159277,0.33535673,0.40670995,0.32380569,-0.00511718,0.01155104,0.01263377
141.135106,0.40534832,0.33028641,0.40932732,0.31928588,-0.00397900,0.01100053,0.01169804
141.154456,0.40895986,0.32516981,0.41209436,0.31336862,-0.00313450,0.01180119,0.01221037
141.174494,0.41242609,0.32000874,0.41428902,0.30941920,-0.00186293,0.01058954,0.01075216
141.194235,0.41574579,0.31480503,0.41660355,0.30421181,-0.00085776,0.01059322,0.01062789
141.214378,0.41891778,0.30956053,0.41899142,0.29833351,-0.00007364,0.01122702,0.01122726
141.234396,0.42194092,0.30427710,0.42157763,0.29148121,0.00036329,0.01279589,0.01280104
141.254127,0.42481416,0.29895662,0.42430016,0.28478847,0.00051400,0.01416815,0.01417747
141.274380,0.42753646,0.29360099,0.42662722,0.27879182,0.00090924,0.01480917,0.01483705
141.294395,0.43010686,0.28821210,0.42877817,0.27352183,0.00132869,0.01469027,0.01475024
141.314888,0.43252444,0.28279186,0.43084697,0.26808396,0.00167747,0.01470790,0.01480325
141.334447,0.43478835,0.27734222,0.43266761,0.26342387,0.00212074,0.01391835,0.01407899
141.354399,0.43689778,0.27186509,0.43450275,0.25806090,0.00239503,0.01380419,0.01401042
141.374369,0.43885198,0.26636243,0.43679723,0.24987930,0.00205475,0.01648313,0.01661070
141.394362,0.44065026,0.26083619,0.43912815,0.24126234,0.00152211,0.01957385,0.01963295
141.414380,0.44229199,0.25528833,0.43984443,0.23851380,0.00244756,0.01677453,0.01695215
141.434473,0.44377656,0.24972084,0.44112765,0.23329359,0.00264891,0.01642725,0.01663945
141.454494,0.44510347,0.24413567,0.44239376,0.22783182,0.00270971,0.01630385,0.01652749
141.474517,0.44627223,0.23853483,0.44302238,0.22458803,0.00324985,0.01394680,0.01432043
141.494493,0.44728243,0.23292029,0.44461044,0.21770299,0.00267199,0.01521730,0.01545011
141.514512,0.44813372,0.22729406,0.44487143,0.21572397,0.00326229,0.01157009,0.01202121
141.534630,0.44882578,0.22165813,0.44635937,0.20889779,0.00246641,0.01276034,0.01299652
141.554415,0.44935838,0.21601451,0.44705094,0.20487983,0.00230744,0.01113468,0.01137125
141.574293,0.44973133,0.21036519,0.44797689,0.19984567,0.00175444,0.01051952,0.01066482
141.594394,0.44994448,0.20471220,0.44852671,0.19536170,0.00141777,0.00935050,0.00945737
141.614388,0.44999778,0.19905752,0.44963192,0.18835400,0.00036586,0.01070352,0.01070977
141.634386,0.44989119,0.19340319,0.44972685,0.18397967,0.00016434,0.00942352,0.00942495
141.654377,0.44962476,0.18775119,0.44969690,0.18002083,-0.00007214,0.00773036,0.00773070
141.674394,0.44919858,0.18210355,0.45000341,0.17453093,-0.00080483,0.00757262,0.00761526
141.694428,0.44861280,0.17646227,0.45006370,0.17017346,-0.00145090,0.00628881,0.00645401
141.714431,0.44786763,0.17082935,0.45028333,0.16437051,-0.00241570,0.00645884,0.00689581
141.734469,0.44696334,0.16520680,0.44984986,0.16027423,-0.00288652,0.00493257,0.00571509
141.754326,0.44590024,0.15959660,0.44918402,0.15682219,-0.00328378,0.00277441,0.00429890
141.774378,0.44467871,0.15400076,0.44868869,0.15262567,-0.00400998,0.00137509,0.00423920
141.794313,0.44329920,0.14842127,0.44857495,0.14640128,-0.00527575,0.00201999,0.00564924
141.814385,0.44176218,0.14286010,0.44763809,0.14217312,-0.00587591,0.00068698,0.00591593
141.834406,0.44006820,0.13731923,0.44658608,0.13742479,-0.00651788,-0.00010556,0.00651874
141.854371,0.43821787,0.13180064,0.44618185,0.12947168,-0.00796398,0.00232896,0.00829754
141.874522,0.43621185,0.12630627,0.44410650,0.12737350,-0.00789465,-0.00106723,0.00796646
141.894812,0.43405084,0.12083809,0.44225577,0.12387723,-0.00820493,-0.00303914,0.00874970
141.914519,0.43173561,0.11539803,0.44059149,0.11911401,-0.00885588,-0.00371598,0.00960391
141.934406,0.42926699,0.10998803,0.43792209,0.11749897,-0.00865510,-0.00751094,0.01145971
141.954367,0.42664586,0.10461001,0.43588630,0.11341947,-0.00924044,-0.00880946,0.01276684
141.974344,0.42387314,0.09926588,0.43332414,0.11084681,-0.00945100,-0.01158093,0.01494788
141.994388,0.42094981,0.09395755,0.43075039,0.10768282,-0.00980058,-0.01372527,0.01686518
142.014525,0.41787693,0.08868689,0.42868861,0.10122975,-0.01081168,-0.01254286,0.01655946
142.034384,0.41465558,0.08345578,0.42617823,0.09564601,-0.01152265,-0.01219023,0.01677418
142.054391,0.41128690,0.07826607,0.42323640,0.09117147,-0.01194950,-0.01290540,0.01758806
142.074465,0.40777209,0.07311962,0.42010882,0.08651925,-0.01233673,-0.01339963,0.01821387
142.094536,0.40411241,0.06801825,0.41665391,0.08215877,-0.01254150,-0.01414052,0.01890089
142.114402,0.40030914,0.06296377,0.41256000,0.07975800,-0.01225086,-0.01679423,0.02078773
142.134419,0.39636365,0.05795798,0.40907437,0.07454301,-0.01271072,-0.01658503,0.02089559
142.154339,0.39227733,0.05300265,0.40468277,0.07206422,-0.01240544,-0.01906157,0.02274287
142.174366,0.38805164,0.04809956,0.40085364,0.06681122,-0.01280200,-0.01871166,0.02267196
142.194419,0.38368807,0.04325043,0.39646807,0.06250997,-0.01278000,-0.01925954,0.02311403
142.214411,0.37918819,0.03845700,0.39180442,0.05846555,-0.01261623,-0.02000855,0.02365399
142.234629,0.37455357,0.03372096,0.38705223,0.05411251,-0.01249866,-0.02039155,0.02391719
142.254385,0.36978588,0.02904400,0.38170532,0.05188405,-0.01191944,-0.02284005,0.02576317
142.274574,0.36488681,0.02442777,0.37725941,0.04538928,-0.01237260,-0.02096151,0.02434063
142.294635,0.35985810,0.01987393,0.37195277,0.04196772,-0.01209467,-0.02209379,0.02518763
142.314424,0.35470153,0.01538409,0.36642441,0.03872042,-0.01172288,-0.02333633,0.02611533
142.334407,0.34941893,0.01095984,0.36106404,0.03381772,-0.01164511,-0.02285788,0.02565329
142.354262,0.34401219,0.00660275,0.35511936,0.03094799,-0.01110717,-0.02434524,0.02675930
142.374220,0.33848322,0.00231438,0.34845293,0.02972695,-0.00996971,-0.02741257,0.02916923
142.394343,0.33283399,-0.00190375,0.34262902,0.02522124,-0.00979503,-0.02712499,0.02883934
142.414406,0.32706651,-0.00605015,0.33656319,0.02112243,-0.00949668,-0.02717258,0.02878431
142.434410,0.32118282,-0.01012335,0.33019868,0.01702839,-0.00901586,-0.02715174,0.02860948
142.454516,0.31518502,-0.01412188,0.32398307,0.01227141,-0.00879805,-0.02639329,0.02782106
142.474536,0.30907523,-0.01804434,0.31717147,0.00940725,-0.00809624,-0.02745159,0.02862060
142.494637,0.30285563,-0.02188933,0.31150678,0.00089008,-0.00865115,-0.02277941,0.02436686
142.514467,0.29652843,-0.02565548,0.30379536,-0.00062104,-0.00726693,-0.02503444,0.02606783
142.534446,0.29009587,-0.02934146,0.29659007,-0.00501332,-0.00649420,-0.02432814,0.02518002
142.554461,0.28356024,-0.03294595,0.28888132,-0.00802329,-0.00532108,-0.02492266,0.02548436
142.574699,0.27692387,-0.03646768,0.28144846,-0.01210925,-0.00452459,-0.02435843,0.02477509
142.594521,0.27018910,-0.03990540,0.27415030,-0.01710950,-0.00396120,-0.02279590,0.02313751
142.614498,0.26335834,-0.04325787,0.26687248,-0.02292885,-0.00351414,-0.02032902,0.02063051
142.634367,0.25643401,-0.04652392,0.25910108,-0.02757035,-0.00266707,-0.01895357,0.01914030
142.654377,0.24941857,-0.04970238,0.25128886,-0.03246948,-0.00187029,-0.01723290,0.01733410
142.674554,0.24231451,-0.05279212,0.24405827,-0.03951799,-0.00174376,-0.01327413,0.01338818
142.694497,0.23512435,-0.05579205,0.23582069,-0.04283445,-0.00069634,-0.01295760,0.01297629
142.714391,0.22785066,-0.05870109,0.22680914,-0.04390905,0.00104152,-0.01479204,0.01482867
142.734375,0.22049602,-0.06151822,0.21892132,-0.04923759,0.00157470,-0.01228063,0.01238117
142.754493,0.21306303,-0.06424243,0.21053049,-0.05245358,0.00253254,-0.01178885,0.01205781
142.774475,0.20555435,-0.06687276,0.20264731,-0.05721563,0.00290704,-0.00965713,0.01008519
142.794508,0.19797263,-0.06940827,0.19418527,-0.05967100,0.00378736,-0.00973727,0.01044790
142.814604,0.19032057,-0.07184806,0.18613228,-0.06320759,0.00418829,-0.00864047,0.00960205
142.834407,0.18260089,-0.07419127,0.17904270,-0.06960970,0.00355819,-0.00458157,0.00580099
142.854454,0.17481634,-0.07643705,0.17092881,-0.07222927,0.00388753,-0.00420778,0.00572872
142.874460,0.16696967,-0.07858462,0.16309448,-0.07608940,0.00387519,-0.00249522,0.00460904
142.894447,0.15906368,-0.08063321,0.15583570,-0.08208261,0.00322798,0.00144940,0.00353845
142.914454,0.15110118,-0.08258209,0.14756723,-0.08425344,0.00353395,0.00167135,0.00390925
142.934422,0.14308499,-0.08443057,0.13893246,-0.08481415,0.00415253,0.00038358,0.00417021
142.954415,0.13501796,-0.08617800,0.13049595,-0.08643161,0.00452201,0.00025361,0.00452912
142.974448,0.12690296,-0.08782374,0.12186191,-0.08740937,0.00504105,-0.00041437,0.00505805
142.994560,0.11874287,-0.08936723,0.11400351,-0.09123623,0.00473936,0.00186900,0.00509458
143.014411,0.11054060,-0.09080790,0.10589140,-0.09403036,0.00464920,0.00322246,0.00565679
143.034446,0.10229905,-0.09214525,0.09839829,-0.09884070,0.00390076,0.00669545,0.00774887
143.054506,0.09402115,-0.09337880,0.09003037,-0.10061005,0.00399078,0.00723125,0.00825938
143.074497,0.08570985,-0.09450812,0.08206201,-0.10374456,0.00364784,0.00923644,0.00993069
143.094480,0.07736810,-0.09553280,0.07428053,-0.10719264,0.00308757,0.01165984,0.01206172
143.114468,0.06899885,-0.09645248,0.06637523,-0.10976651,0.00262362,0.01331403,0.01357007
143.134396,0.06060510,-0.09726683,0.05841299,-0.11180159,0.00219211,0.01453476,0.01469913
143.189314,0.05218981,-0.09797556,0.05055021,-0.11378570,0.00163960,0.01581014,0.01589493
143.194544,0.04797502,-0.09829024,0.04683440,-0.11553001,0.00114062,0.01723977,0.01727746
143.214335,0.03953304,-0.09884008,0.03860268,-0.11613213,0.00093036,0.01729205,0.01731706
143.234403,0.03107701,-0.09928375,0.03053289,-0.11760394,0.00054412,0.01832019,0.01832826
143.254307,0.02260994,-0.09962109,0.02302845,-0.12114660,-0.00041851,0.02152551,0.02152958
143.274284,0.01413484,-0.09985197,0.01458788,-0.12095560,-0.00045304,0.02110363,0.02110850
143.294302,0.00565472,-0.09997631,0.00581294,-0.11924112,-0.00015822,0.01926481,0.01926546
143.314469,-0.00282741,-0.09999408,-0.00188180,-0.12090465,-0.00094561,0.02091057,0.02093194
143.334372,-0.01130854,-0.09990526,-0.01042951,-0.11917521,-0.00087903,0.01926995,0.01928999
143.354419,-0.01978565,-0.09970988,-0.01830455,-0.11972079,-0.00148110,0.02001091,0.02006564
143.374625,-0.02825573,-0.09940802,-0.02685042,-0.11726250,-0.00140531,0.01785448,0.01790970
143.394828,-0.03671578,-0.09899978,-0.03463605,-0.11700889,-0.00207973,0.01800911,0.01812880
143.414853,-0.04516277,-0.09848531,-0.04271804,-0.11523172,-0.00244473,0.01674641,0.01692391
143.434360,-0.05359372,-0.09786478,-0.05062215,-0.11408109,-0.00297157,0.01621631,0.01648633
143.454300,-0.06200563,-0.09713843,-0.05783926,-0.11549608,-0.00416637,0.01835765,0.01882451
143.474383,-0.07039551,-0.09630650,-0.06575914,-0.11411775,-0.00463637,0.01781125,0.01840480
143.494408,-0.07876038,-0.09536930,-0.07329584,-0.11410139,-0.00546454,0.01873209,0.01951288
143.514363,-0.08709726,-0.09432716,-0.08118352,-0.11285974,-0.00591374,0.01853258,0.01945325
143.534368,-0.09540320,-0.09318044,-0.08888383,-0.11262580,-0.00651937,0.01944536,0.02050912
143.554420,-0.10367524,-0.09192955,-0.09594067,-0.11468018,-0.00773457,0.02275063,0.02402946
143.574831,-0.11191045,-0.09057495,-0.10384854,-0.11280289,-0.00806191,0.02222794,0.02364478
143.594476,-0.12010590,-0.08911710,-0.11232389,-0.10841003,-0.00778201,0.01929293,0.02080329
143.614442,-0.12825867,-0.08755654,-0.12094822,-0.10332962,-0.00731045,0.01577308,0.01738484
143.634243,-0.13636587,-0.08589380,-0.12879589,-0.10103682,-0.00756998,0.01514302,0.01692973
143.654236,-0.14442462,-0.08412949,-0.13665018,-0.09881782,-0.00777444,0.01468833,0.01661894
143.674223,-0.15243206,-0.08226423,-0.14429114,-0.09748415,-0.00814092,0.01521992,0.01726037
143.694467,-0.16038535,-0.08029868,-0.15220966,-0.09497303,-0.00817569,0.01467435,0.01679817
143.714439,-0.16828164,-0.07823355,-0.16088453,-0.08946746,-0.00739711,0.01123391,0.01345057
143.734396,-0.17611815,-0.07606955,-0.16917940,-0.08484758,-0.00693875,0.00877803,0.01118928
143.754801,-0.18389208,-0.07380748,-0.17717509,-0.08134687,-0.00671699,0.00753939,0.01009754
143.774425,-0.19160068,-0.07144812,-0.18571833,-0.07549507,-0.00588235,0.00404695,0.00714002
143.794457,-0.19924120,-0.06899231,-0.19312030,-0.07351179,-0.00612090,0.00451948,0.00760862
143.814423,-0.20681094,-0.06644093,-0.20138053,-0.06818602,-0.00543041,0.00174509,0.00570392
143.834215,-0.21430719,-0.06379489,-0.20906256,-0.06520026,-0.00524463,0.00140537,0.00542966
143.854201,-0.22172730,-0.06105513,-0.21713041,-0.06104572,-0.00459689,-0.00000941,0.00459690
143.874387,-0.22906864,-0.05822261,-0.22476749,-0.05861068,-0.00430115,0.00038807,0.00431862
143.894392,-0.23632858,-0.05529834,-0.23290128,-0.05449109,-0.00342730,-0.00080725,0.00352108
143.914369,-0.24350456,-0.05228337,-0.24093387,-0.05107652,-0.00257069,-0.00120685,0.00283988
143.934441,-0.25059403,-0.04917877,-0.24912455,-0.04675451,-0.00146948,-0.00242426,0.00283485
143.954432,-0.25759446,-0.04598563,-0.25701639,-0.04314553,-0.00057807,-0.00284010,0.00289834
143.974473,-0.26450336,-0.04270510,-0.26483897,-0.03952097,0.00033561,-0.00318413,0.00320177
143.994486,-0.27131829,-0.03933833,-0.27189171,-0.03851393,0.00057342,-0.00082440,0.00100422
144.014365,-0.27803683,-0.03588653,-0.27949246,-0.03509335,0.00145563,-0.00079318,0.00165771
144.034245,-0.28465657,-0.03235092,-0.28733420,-0.03000890,0.00267763,-0.00234202,0.00355736
144.054357,-0.29117518,-0.02873275,-0.29526043,-0.02370641,0.00408525,-0.00502634,0.00647714
144.074340,-0.29759034,-0.02503332,-0.30283669,-0.01798228,0.00524635,-0.00705104,0.00878871
144.094427,-0.30389976,-0.02125394,-0.30986979,-0.01379781,0.00597003,-0.00745613,0.00955171
144.114280,-0.31010121,-0.01739594,-0.31692251,-0.00837218,0.00682130,-0.00902376,0.01131187
144.134568,-0.31619249,-0.01346070,-0.32313185,-0.00579710,0.00693936,-0.00766360,0.01033854
144.154461,-0.32217142,-0.00944963,-0.33013552,0.00028179,0.00796410,-0.00973142,0.01257487
144.174395,-0.32803588,-0.00536413,-0.33623623,0.00353824,0.00820035,-0.00890237,0.01210363
144.194419,-0.33378380,-0.00120567,-0.34255002,0.00776584,0.00876622,-0.00897151,0.01254330
144.214293,-0.33941312,0.00302427,-0.34883462,0.01223304,0.00942150,-0.00920877,0.01317445
144.235261,-0.34492185,0.00732420,-0.35441436,0.01459938,0.00949251,-0.00727518,0.01195976
144.254107,-0.35030804,0.01169259,-0.36095186,0.02118363,0.01064382,-0.00949104,0.01426081
144.274397,-0.35556976,0.01612788,-0.36664945,0.02581836,0.01107969,-0.00969048,0.01471954
144.294392,-0.36070514,0.02062851,-0.37281871,0.03319041,0.01211357,-0.01256190,0.01745107
144.314374,-0.36571237,0.02519286,-0.37778833,0.03702937,0.01207596,-0.01183651,0.01690952
144.334426,-0.37058967,0.02981932,-0.38299497,0.04226052,0.01240530,-0.01244120,0.01756915
144.354395,-0.37533530,0.03450624,-0.38782813,0.04669108,0.01249283,-0.01218484,0.01745111
144.374373,-0.37994757,0.03925196,-0.39247511,0.05103537,0.01252754,-0.01178341,0.01719849
144.394494,-0.38442484,0.04405480,-0.39679793,0.05502817,0.01237309,-0.01097337,0.01653808
144.414408,-0.38876554,0.04891304,-0.40173415,0.06302606,0.01296861,-0.01411302,0.01916670
144.434374,-0.39296810,0.05382496,-0.40509427,0.06576751,0.01212617,-0.01194255,0.01701965
144.454391,-0.39703105,0.05878882,-0.40788418,0.06685851,0.01085313,-0.00806969,0.01352443
144.474373,-0.40095294,0.06380285,-0.41241786,0.07556643,0.01146492,-0.01176358,0.01642639
144.494582,-0.40473236,0.06886527,-0.41599303,0.08106324,0.01126067,-0.01219797,0.01660100
144.514675,-0.40836799,0.07397428,-0.41895624,0.08447068,0.01058825,-0.01049640,0.01490924
144.534470,-0.41185853,0.07912807,-0.42259400,0.09170459,0.01073547,-0.01257652,0.01653539
144.554416,-0.41520273,0.08432480,-0.42522978,0.09590851,0.01002705,-0.01158371,0.01532070
144.574400,-0.41839942,0.08956263,-0.42747063,0.09885410,0.00907121,-0.00929147,0.01298531
144.594382,-0.42144745,0.09483970,-0.43041758,0.10574876,0.00897013,-0.01090906,0.01412341
144.614585,-0.42434574,0.10015414,-0.43244983,0.11034014,0.00810409,-0.01018600,0.01301656
144.634453,-0.42709327,0.10550404,-0.43481131,0.11655341,0.00771804,-0.01104937,0.01347801
144.654481,-0.42968905,0.11088753,-0.43618117,0.11956653,0.00649212,-0.00867900,0.01083849
144.674472,-0.43213216,0.11630267,-0.43787795,0.12450936,0.00574579,-0.00820669,0.01001818
144.694439,-0.43442174,0.12174755,-0.43879187,0.12690947,0.00437013,-0.00516192,0.00676340
144.714384,-0.43655697,0.12722023,-0.43963647,0.12957297,0.00307950,-0.00235274,0.00387540
144.734406,-0.43853709,0.13271877,-0.44080005,0.13394300,0.00226296,-0.00122423,0.00257289
144.754399,-0.44036141,0.13824122,-0.44200116,0.13910244,0.00163975,-0.00086122,0.00185216
144.774366,-0.44202926,0.14378561,-0.44341638,0.14583636,0.00138712,-0.00205075,0.00247582
144.794220,-0.44354007,0.14934997,-0.44430952,0.15015768,0.00076945,-0.00080771,0.00111555
144.814358,-0.44489329,0.15493232,-0.44443275,0.15149457,-0.00046054,0.00343775,0.00346846
144.834380,-0.44608843,0.16053069,-0.44556723,0.15696949,-0.00052120,0.00356120,0.00359914
144.854378,-0.44712509,0.16614308,-0.44604892,0.16097389,-0.00107617,0.00516919,0.00528002
144.874370,-0.44800288,0.17176751,-0.44631883,0.16458926,-0.00168405,0.00717825,0.00737315
144.894471,-0.44872151,0.17740196,-0.44679500,0.16927650,-0.00192651,0.00812546,0.00835072
144.914413,-0.44928070,0.18304444,-0.44762692,0.17580426,-0.00165378,0.00724018,0.00742665
144.934594,-0.44968026,0.18869295,-0.44756824,0.17923649,-0.00211202,0.00945646,0.00968944
144.955001,-0.44992006,0.19434547,-0.44782242,0.18415268,-0.00209764,0.01019279,0.01040640
144.974511,-0.45000000,0.20000000,-0.44740900,0.18683409,-0.00259100,0.01316591,0.01341844
144.994538,-0.44992006,0.20565453,-0.44741804,0.19214964,-0.00250202,0.01350489,0.01373470
145.014535,-0.44968026,0.21130705,-0.44683367,0.19641119,-0.00284659,0.01489586,0.01516541
145.034530,-0.44928070,0.21695556,-0.44628839,0.20159096,-0.00299231,0.01536460,0.01565327
145.054498,-0.44872151,0.22259804,-0.44506312,0.20456745,-0.00365839,0.01803059,0.01839798
145.074444,-0.44800288,0.22823249,-0.44428069,0.20947368,-0.00372219,0.01875881,0.01912453
145.094379,-0.44712509,0.23385692,-0.44362782,0.21472212,-0.00349727,0.01913480,0.01945177
145.114454,-0.44608843,0.23946931,-0.44252043,0.21876755,-0.00356800,0.02070176,0.02100699
145.134395,-0.44489329,0.24506768,-0.44163363,0.22445804,-0.00325966,0.02060964,0.02086583
145.154415,-0.44354007,0.25065003,-0.44040448,0.22970121,-0.00313559,0.02094882,0.02118219
145.174327,-0.44202926,0.25621439,-0.43896430,0.23443056,-0.00306496,0.02178383,0.02199840
145.194365,-0.44036141,0.26175878,-0.43734239,0.23911817,-0.00301902,0.02264061,0.02284101
145.214419,-0.43853709,0.26728123,-0.43568324,0.24419580,-0.00285385,0.02308543,0.02326116
145.234387,-0.43655697,0.27277977,-0.43419374,0.25040934,-0.00236323,0.02237043,0.02249491
145.254366,-0.43442174,0.27825245,-0.43234388,0.25599937,-0.00207786,0.02225308,0.02234988
145.274377,-0.43213216,0.28369733,-0.42981436,0.25970625,-0.00231780,0.02399108,0.02410278
145.294442,-0.42968905,0.28911247,-0.42773273,0.26510214,-0.00195632,0.02401033,0.02408990
145.314184,-0.42709327,0.29449596,-0.42600694,0.27185893,-0.00108633,0.02263703,0.02266308
145.334432,-0.42434574,0.29984586,-0.42377222,0.27678597,-0.00057352,0.02305989,0.02306702
145.354418,-0.42144745,0.30516030,-0.42137975,0.28157825,-0.00006770,0.02358205,0.02358215
145.374364,-0.41839942,0.31043737,-0.41895335,0.28590880,0.00055393,0.02452857,0.02453482
145.394361,-0.41520273,0.31567520,-0.41651507,0.29060921,0.00131234,0.02506599,0.02510032
145.414412,-0.41185853,0.32087193,-0.41376188,0.29439764,0.00190335,0.02647429,0.02654262
145.434401,-0.40836799,0.32602572,-0.41157699,0.30131002,0.00320900,0.02471570,0.02492315
145.454400,-0.40473236,0.33113473,-0.40844484,0.30474639,0.00371248,0.02638834,0.02664821
145.474412,-0.40095294,0.33619715,-0.40548906,0.30976018,0.00453612,0.02643697,0.02682331
145.494455,-0.39703105,0.34121118,-0.40223076,0.31403951,0.00519971,0.02717167,0.02766472
145.514430,-0.39296810,0.34617504,-0.39902736,0.31895751,0.00605926,0.02721753,0.02788384
145.534394,-0.38876554,0.35108696,-0.39584954,0.32439971,0.00708400,0.02668725,0.02761145
