time,q1,q2,q1_dot,q2_dot
0.0000,0.00000000,0.50000000,0.42411501,-0.00000000
0.0100,0.00424109,0.49998668,0.42409617,-0.00266475
0.0200,0.00848180,0.49994671,0.42403967,-0.00532927
0.0300,0.01272176,0.49988009,0.42394549,-0.00799331
0.0400,0.01696058,0.49978684,0.42381366,-0.01065665
0.0500,0.02119790,0.49966696,0.42364419,-0.01331904
0.0600,0.02543334,0.49952047,0.42343708,-0.01598024
0.0700,0.02966652,0.49934736,0.42319236,-0.01864002
0.0800,0.03389706,0.49914767,0.42291006,-0.02129815
0.0900,0.03812459,0.49892141,0.42259018,-0.02395439
0.1000,0.04234874,0.49866859,0.42223277,-0.02660850
0.1100,0.04656913,0.49838924,0.42183786,-0.02926024
0.1200,0.05078537,0.49808339,0.42140547,-0.03190939
0.1300,0.05499711,0.49775107,0.42093565,-0.03455570
0.1400,0.05920396,0.49739229,0.42042844,-0.03719895
0.1500,0.06340555,0.49700710,0.41988389,-0.03983888
0.1600,0.06760152,0.49659552,0.41930204,-0.04247528
0.1700,0.07179147,0.49615760,0.41868295,-0.04510791
0.1800,0.07597505,0.49569338,0.41802667,-0.04773653
0.1900,0.08015188,0.49520289,0.41733325,-0.05036091
0.2000,0.08432159,0.49468618,0.41660277,-0.05298082
0.2100,0.08848381,0.49414329,0.41583528,-0.05559602
0.2200,0.09263817,0.49357427,0.41503085,-0.05820628
0.2300,0.09678431,0.49297918,0.41418956,-0.06081137
0.2400,0.10092184,0.49235806,0.41331147,-0.06341106
0.2500,0.10505041,0.49171098,0.41239668,-0.06600512
0.2600,0.10916965,0.49103798,0.41144525,-0.06859332
0.2700,0.11327920,0.49033913,0.41045728,-0.07117542
0.2800,0.11737868,0.48961449,0.40943284,-0.07375120
0.2900,0.12146773,0.48886413,0.40837204,-0.07632043
0.3000,0.12554600,0.48808811,0.40727496,-0.07888288
0.3100,0.12961311,0.48728649,0.40614171,-0.08143832
0.3200,0.13366871,0.48645936,0.40497238,-0.08398653
0.3300,0.13771244,0.48560679,0.40376708,-0.08652728
0.3400,0.14174393,0.48472884,0.40252592,-0.08906034
0.3500,0.14576284,0.48382561,0.40124900,-0.09158549
0.3600,0.14976880,0.48289716,0.39993644,-0.09410251
0.3700,0.15376145,0.48194359,0.39858835,-0.09661117
0.3800,0.15774044,0.48096497,0.39720486,-0.09911124
0.3900,0.16170543,0.47996139,0.39578609,-0.10160252
0.4000,0.16565605,0.47893295,0.39433216,-0.10408477
0.4100,0.16959195,0.47787973,0.39284321,-0.10655777
0.4200,0.17351280,0.47680182,0.39131936,-0.10902131
0.4300,0.17741823,0.47569933,0.38976075,-0.11147516
0.4400,0.18130790,0.47457235,0.38816752,-0.11391911
0.4500,0.18518146,0.47342098,0.38653981,-0.11635294
0.4600,0.18903858,0.47224533,0.38487776,-0.11877644
0.4700,0.19287890,0.47104549,0.38318153,-0.12118939
0.4800,0.19670209,0.46982158,0.38145127,-0.12359157
0.4900,0.20050782,0.46857369,0.37968712,-0.12598278
0.5000,0.20429572,0.46730196,0.37788924,-0.12836279
0.5100,0.20806549,0.46600648,0.37605780,-0.13073140
0.5200,0.21181677,0.46468737,0.37419295,-0.13308840
0.5300,0.21554924,0.46334475,0.37229487,-0.13543358
0.5400,0.21926256,0.46197874,0.37036371,-0.13776673
0.5500,0.22295640,0.46058945,0.36839966,-0.14008764
0.5600,0.22663044,0.45917703,0.36640289,-0.14239611
0.5700,0.23028435,0.45774157,0.36437357,-0.14469192
0.5800,0.23391780,0.45628323,0.36231188,-0.14697489
0.5900,0.23753048,0.45480212,0.36021801,-0.14924480
0.6000,0.24112206,0.45329838,0.35809215,-0.15150146
0.6100,0.24469222,0.45177214,0.35593447,-0.15374465
0.6200,0.24824064,0.45022353,0.35374518,-0.15597420
0.6300,0.25176702,0.44865270,0.35152447,-0.15818988
0.6400,0.25527103,0.44705978,0.34927253,-0.16039152
0.6500,0.25875236,0.44544492,0.34698957,-0.16257890
0.6600,0.26221072,0.44380825,0.34467579,-0.16475185
0.6700,0.26564578,0.44214993,0.34233139,-0.16691016
0.6800,0.26905724,0.44047010,0.33995659,-0.16905365
0.6900,0.27244481,0.43876890,0.33755159,-0.17118212
0.7000,0.27580817,0.43704650,0.33511660,-0.17329539
0.7100,0.27914704,0.43530305,0.33265185,-0.17539326
0.7200,0.28246111,0.43353869,0.33015755,-0.17747555
0.7300,0.28575009,0.43175359,0.32763392,-0.17954208
0.7400,0.28901369,0.42994790,0.32508119,-0.18159266
0.7500,0.29225162,0.42812179,0.32249958,-0.18362711
0.7600,0.29546359,0.42627541,0.31988933,-0.18564525
0.7700,0.29864931,0.42440894,0.31725066,-0.18764690
0.7800,0.30180851,0.42252253,0.31458382,-0.18963188
0.7900,0.30494090,0.42061636,0.31188903,-0.19160002
0.8000,0.30804620,0.41869059,0.30916654,-0.19355113
0.8100,0.31112414,0.41674539,0.30641658,-0.19548506
0.8200,0.31417444,0.41478094,0.30363941,-0.19740162
0.8300,0.31719683,0.41279742,0.30083526,-0.19930065
0.8400,0.32019105,0.41079499,0.29800440,-0.20118197
0.8500,0.32315683,0.40877384,0.29514706,-0.20304543
0.8600,0.32609391,0.40673414,0.29226351,-0.20489085
0.8700,0.32900202,0.40467608,0.28935400,-0.20671806
0.8800,0.33188090,0.40259984,0.28641878,-0.20852692
0.8900,0.33473031,0.40050561,0.28345812,-0.21031726
0.9000,0.33754998,0.39839356,0.28047229,-0.21208891
0.9100,0.34033967,0.39626389,0.27746154,-0.21384172
0.9200,0.34309913,0.39411679,0.27442614,-0.21557554
0.9300,0.34582811,0.39195244,0.27136637,-0.21729021
0.9400,0.34852638,0.38977105,0.26828250,-0.21898558
0.9500,0.35119368,0.38757280,0.26517479,-0.22066150
0.9600,0.35382979,0.38535788,0.26204353,-0.22231782
0.9700,0.35643448,0.38312651,0.25888900,-0.22395439
0.9800,0.35900750,0.38087886,0.25571147,-0.22557106
0.9900,0.36154863,0.37861515,0.25251122,-0.22716770
1.0000,0.36405765,0.37633558,0.24928855,-0.22874417
1.0100,0.36653433,0.37404034,0.24604373,-0.23030031
1.0200,0.36897845,0.37172964,0.24277706,-0.23183600
1.0300,0.37138980,0.36940369,0.23948882,-0.23335109
1.0400,0.37376815,0.36706268,0.23617931,-0.23484546
1.0500,0.37611331,0.36470685,0.23284882,-0.23631896
1.0600,0.37842506,0.36233638,0.22949764,-0.23777148
1.0700,0.38070320,0.35995149,0.22612609,-0.23920287
1.0800,0.38294752,0.35755239,0.22273444,-0.24061302
1.0900,0.38515782,0.35513930,0.21932301,-0.24200180
1.1000,0.38733391,0.35271242,0.21589210,-0.24336907
1.1100,0.38947560,0.35027199,0.21244202,-0.24471474
1.1200,0.39158269,0.34781820,0.20897306,-0.24603866
1.1300,0.39365500,0.34535129,0.20548554,-0.24734073
1.1400,0.39569234,0.34287146,0.20197977,-0.24862083
1.1500,0.39769453,0.34037894,0.19845606,-0.24987884
1.1600,0.39966140,0.33787396,0.19491472,-0.25111466
1.1700,0.40159277,0.33535673,0.19135606,-0.25232818
1.1800,0.40348847,0.33282747,0.18778041,-0.25351928
1.1900,0.40534832,0.33028641,0.18418808,-0.25468786
1.2000,0.40717217,0.32773379,0.18057939,-0.25583382
1.2100,0.40895986,0.32516981,0.17695466,-0.25695706
1.2200,0.41071121,0.32259472,0.17331421,-0.25805747
1.2300,0.41242609,0.32000874,0.16965836,-0.25913495
1.2400,0.41410433,0.31741210,0.16598745,-0.26018943
1.2500,0.41574579,0.31480503,0.16230179,-0.26122078
1.2600,0.41735032,0.31218776,0.15860171,-0.26222894
1.2700,0.41891778,0.30956053,0.15488755,-0.26321380
1.2800,0.42044802,0.30692356,0.15115963,-0.26417528
1.2900,0.42194092,0.30427710,0.14741828,-0.26511330
1.3000,0.42339635,0.30162138,0.14366384,-0.26602777
1.3100,0.42481416,0.29895662,0.13989663,-0.26691861
1.3200,0.42619424,0.29628308,0.13611700,-0.26778574
1.3300,0.42753646,0.29360099,0.13232528,-0.26862908
1.3400,0.42884070,0.29091058,0.12852181,-0.26944856
1.3500,0.43010686,0.28821210,0.12470691,-0.27024411
1.3600,0.43133481,0.28550578,0.12088095,-0.27101565
1.3700,0.43252444,0.28279186,0.11704424,-0.27176312
1.3800,0.43367566,0.28007060,0.11319714,-0.27248645
1.3900,0.43478835,0.27734222,0.10933998,-0.27318558
1.4000,0.43586242,0.27460697,0.10547311,-0.27386044
1.4100,0.43689778,0.27186509,0.10159688,-0.27451097
1.4200,0.43789433,0.26911683,0.09771161,-0.27513712
1.4300,0.43885198,0.26636243,0.09381767,-0.27573883
1.4400,0.43977066,0.26360213,0.08991540,-0.27631605
1.4500,0.44065026,0.26083619,0.08600514,-0.27686873
1.4600,0.44149073,0.25806484,0.08208723,-0.27739681
1.4700,0.44229199,0.25528833,0.07816204,-0.27790025
1.4800,0.44305395,0.25250692,0.07422991,-0.27837901
1.4900,0.44377656,0.24972084,0.07029118,-0.27883304
1.5000,0.44445975,0.24693034,0.06634620,-0.27926230
1.5100,0.44510347,0.24413567,0.06239534,-0.27966676
1.5200,0.44570764,0.24133709,0.05843893,-0.28004637
1.5300,0.44627223,0.23853483,0.05447733,-0.28040111
1.5400,0.44679717,0.23572915,0.05051089,-0.28073094
1.5500,0.44728243,0.23292029,0.04653997,-0.28103584
1.5600,0.44772796,0.23010851,0.04256491,-0.28131577
1.5700,0.44813372,0.22729406,0.03858607,-0.28157072
1.5800,0.44849967,0.22447718,0.03460380,-0.28180065
1.5900,0.44882578,0.22165813,0.03061846,-0.28200556
1.6000,0.44911203,0.21883716,0.02663040,-0.28218541
1.6100,0.44935838,0.21601451,0.02263998,-0.28234020
1.6200,0.44956482,0.21319044,0.01864754,-0.28246991
1.6300,0.44973133,0.21036519,0.01465345,-0.28257453
1.6400,0.44985789,0.20753903,0.01065805,-0.28265405
1.6500,0.44994448,0.20471220,0.00666171,-0.28270846
1.6600,0.44999112,0.20188494,0.00266478,-0.28273776
1.6700,0.44999778,0.19905752,-0.00133239,-0.28274194
1.6800,0.44996447,0.19623019,-0.00532945,-0.28272101
1.6900,0.44989119,0.19340319,-0.00932602,-0.28267497
1.7000,0.44977795,0.19057677,-0.01332177,-0.28260382
1.7100,0.44962476,0.18775119,-0.01731634,-0.28250757
1.7200,0.44943163,0.18492670,-0.02130937,-0.28238622
1.7300,0.44919858,0.18210355,-0.02530051,-0.28223979
1.7400,0.44892563,0.17928199,-0.02928939,-0.28206829
1.7500,0.44861280,0.17646227,-0.03327568,-0.28187174
1.7600,0.44826012,0.17364464,-0.03725901,-0.28165014
1.7700,0.44786763,0.17082935,-0.04123903,-0.28140353
1.7800,0.44743536,0.16801665,-0.04521539,-0.28113193
1.7900,0.44696334,0.16520680,-0.04918773,-0.28083535
1.8000,0.44645162,0.16240003,-0.05315571,-0.28051382
1.8100,0.44590024,0.15959660,-0.05711896,-0.28016738
1.8200,0.44530925,0.15679677,-0.06107713,-0.27979606
1.8300,0.44467871,0.15400076,-0.06502989,-0.27939988
1.8400,0.44400867,0.15120885,-0.06897686,-0.27897888
1.8500,0.44329920,0.14842127,-0.07291771,-0.27853310
1.8600,0.44255034,0.14563827,-0.07685208,-0.27806258
1.8700,0.44176218,0.14286010,-0.08077963,-0.27756736
1.8800,0.44093477,0.14008701,-0.08470000,-0.27704749
1.8900,0.44006820,0.13731923,-0.08861285,-0.27650301
1.9000,0.43916254,0.13455703,-0.09251782,-0.27593396
1.9100,0.43821787,0.13180064,-0.09641458,-0.27534041
1.9200,0.43723428,0.12905030,-0.10030277,-0.27472240
1.9300,0.43621185,0.12630627,-0.10418206,-0.27407999
1.9400,0.43515067,0.12356878,-0.10805209,-0.27341323
1.9500,0.43405084,0.12083809,-0.11191252,-0.27272218
1.9600,0.43291245,0.11811442,-0.11576301,-0.27200692
1.9700,0.43173561,0.11539803,-0.11960322,-0.27126749
1.9800,0.43052042,0.11268915,-0.12343281,-0.27050396
1.9900,0.42926699,0.10998803,-0.12725143,-0.26971641
2.0000,0.42797543,0.10729490,-0.13105875,-0.26890489
2.0100,0.42664586,0.10461001,-0.13485442,-0.26806950
2.0200,0.42527838,0.10193359,-0.13863812,-0.26721029
2.0300,0.42387314,0.09926588,-0.14240950,-0.26632735
2.0400,0.42243024,0.09660712,-0.14616824,-0.26542075
2.0500,0.42094981,0.09395755,-0.14991399,-0.26449057
2.0600,0.41943200,0.09131739,-0.15364642,-0.26353690
2.0700,0.41787693,0.08868689,-0.15736521,-0.26255982
2.0800,0.41628474,0.08606627,-0.16107001,-0.26155942
2.0900,0.41465558,0.08345578,-0.16476052,-0.26053578
2.1000,0.41298958,0.08085563,-0.16843638,-0.25948901
2.1100,0.41128690,0.07826607,-0.17209729,-0.25841918
2.1200,0.40954769,0.07568733,-0.17574290,-0.25732640
2.1300,0.40777209,0.07311962,-0.17937291,-0.25621076
2.1400,0.40596028,0.07056319,-0.18298698,-0.25507237
2.1500,0.40411241,0.06801825,-0.18658480,-0.25391132
2.1600,0.40222864,0.06548504,-0.19016605,-0.25272771
2.1700,0.40030914,0.06296377,-0.19373041,-0.25152165
2.1800,0.39835409,0.06045468,-0.19727755,-0.25029326
2.1900,0.39636365,0.05795798,-0.20080718,-0.24904263
2.2000,0.39433801,0.05547390,-0.20431896,-0.24776988
2.2100,0.39227733,0.05300265,-0.20781260,-0.24647512
2.2200,0.39018182,0.05054447,-0.21128778,-0.24515847
2.2300,0.38805164,0.04809956,-0.21474419,-0.24382004
2.2400,0.38588700,0.04566814,-0.21818153,-0.24245995
2.2500,0.38368807,0.04325043,-0.22159948,-0.24107833
2.2600,0.38145507,0.04084664,-0.22499776,-0.23967529
2.2700,0.37918819,0.03845700,-0.22837604,-0.23825096
2.2800,0.37688762,0.03608170,-0.23173404,-0.23680547
2.2900,0.37455357,0.03372096,-0.23507146,-0.23533895
2.3000,0.37218626,0.03137499,-0.23838800,-0.23385152
2.3100,0.36978588,0.02904400,-0.24168336,-0.23234332
2.3200,0.36735266,0.02672819,-0.24495725,-0.23081449
2.3300,0.36488681,0.02442777,-0.24820939,-0.22926515
2.3400,0.36238855,0.02214295,-0.25143948,-0.22769544
2.3500,0.35985810,0.01987393,-0.25464723,-0.22610551
2.3600,0.35729568,0.01762091,-0.25783236,-0.22449550
2.3700,0.35470153,0.01538409,-0.26099460,-0.22286554
2.3800,0.35207586,0.01316367,-0.26413364,-0.22121579
2.3900,0.34941893,0.01095984,-0.26724923,-0.21954639
2.4000,0.34673096,0.00877280,-0.27034108,-0.21785749
2.4100,0.34401219,0.00660275,-0.27340892,-0.21614923
2.4200,0.34126286,0.00444988,-0.27645247,-0.21442178
2.4300,0.33848322,0.00231438,-0.27947146,-0.21267528
2.4400,0.33567352,0.00019644,-0.28246563,-0.21090989
2.4500,0.33283399,-0.00190375,-0.28543471,-0.20912577
2.4600,0.32996491,-0.00398601,-0.28837843,-0.20732306
2.4700,0.32706651,-0.00605015,-0.29129654,-0.20550195
2.4800,0.32413906,-0.00809599,-0.29418878,-0.20366258
2.4900,0.32118282,-0.01012335,-0.29705488,-0.20180512
2.5000,0.31819805,-0.01213203,-0.29989460,-0.19992973
2.5100,0.31518502,-0.01412188,-0.30270768,-0.19803659
2.5200,0.31214399,-0.01609271,-0.30549387,-0.19612585
2.5300,0.30907523,-0.01804434,-0.30825292,-0.19419769
2.5400,0.30597902,-0.01997660,-0.31098460,-0.19225229
2.5500,0.30285563,-0.02188933,-0.31368865,-0.19028981
2.5600,0.29970534,-0.02378234,-0.31636484,-0.18831042
2.5700,0.29652843,-0.02565548,-0.31901292,-0.18631431
2.5800,0.29332518,-0.02750857,-0.32163267,-0.18430164
2.5900,0.29009587,-0.02934146,-0.32422385,-0.18227261
2.6000,0.28684080,-0.03115397,-0.32678623,-0.18022739
2.6100,0.28356024,-0.03294595,-0.32931958,-0.17816615
2.6200,0.28025450,-0.03471724,-0.33182369,-0.17608910
2.6300,0.27692387,-0.03646768,-0.33429831,-0.17399640
2.6400,0.27356863,-0.03819712,-0.33674324,-0.17188824
2.6500,0.27018910,-0.03990540,-0.33915827,-0.16976482
2.6600,0.26678557,-0.04159237,-0.34154316,-0.16762632
2.6700,0.26335834,-0.04325787,-0.34389772,-0.16547292
2.6800,0.25990772,-0.04490178,-0.34622173,-0.16330483
2.6900,0.25643401,-0.04652392,-0.34851498,-0.16112224
2.7000,0.25293752,-0.04812417,-0.35077728,-0.15892533
2.7100,0.24941857,-0.04970238,-0.35300843,-0.15671431
2.7200,0.24587746,-0.05125841,-0.35520821,-0.15448936
2.7300,0.24231451,-0.05279212,-0.35737645,-0.15225069
2.7400,0.23873003,-0.05430338,-0.35951293,-0.14999850
2.7500,0.23512435,-0.05579205,-0.36161749,-0.14773299
2.7600,0.23149779,-0.05725800,-0.36368992,-0.14545435
2.7700,0.22785066,-0.05870109,-0.36573005,-0.14316279
2.7800,0.22418330,-0.06012121,-0.36773770,-0.14085852
2.7900,0.22049602,-0.06151822,-0.36971268,-0.13854173
2.8000,0.21678915,-0.06289200,-0.37165481,-0.13621264
2.8100,0.21306303,-0.06424243,-0.37356394,-0.13387145
2.8200,0.20931799,-0.06556939,-0.37543988,-0.13151837
2.8300,0.20555435,-0.06687276,-0.37728248,-0.12915360
2.8400,0.20177245,-0.06815243,-0.37909156,-0.12677737
2.8500,0.19797263,-0.06940827,-0.38086697,-0.12438987
2.8600,0.19415522,-0.07064019,-0.38260855,-0.12199132
2.8700,0.19032057,-0.07184806,-0.38431615,-0.11958194
2.8800,0.18646901,-0.07303179,-0.38598960,-0.11716194
2.8900,0.18260089,-0.07419127,-0.38762877,-0.11473152
2.9000,0.17871655,-0.07532639,-0.38923351,-0.11229092
2.9100,0.17481634,-0.07643705,-0.39080368,-0.10984034
2.9200,0.17090059,-0.07752316,-0.39233913,-0.10738001
2.9300,0.16696967,-0.07858462,-0.39383973,-0.10491014
2.9400,0.16302392,-0.07962133,-0.39530535,-0.10243095
2.9500,0.15906368,-0.08063321,-0.39673585,-0.09994266
2.9600,0.15508932,-0.08162016,-0.39813112,-0.09744549
2.9700,0.15110118,-0.08258209,-0.39949102,-0.09493967
2.9800,0.14709961,-0.08351892,-0.40081543,-0.09242541
2.9900,0.14308499,-0.08443057,-0.40210425,-0.08990295
3.0000,0.13905765,-0.08531695,-0.40335734,-0.08737250
3.0100,0.13501796,-0.08617800,-0.40457461,-0.08483428
3.0200,0.13096628,-0.08701362,-0.40575594,-0.08228854
3.0300,0.12690296,-0.08782374,-0.40690123,-0.07973548
3.0400,0.12282837,-0.08860830,-0.40801037,-0.07717534
3.0500,0.11874287,-0.08936723,-0.40908328,-0.07460835
3.0600,0.11464683,-0.09010045,-0.41011984,-0.07203473
3.0700,0.11054060,-0.09080790,-0.41111998,-0.06945471
3.0800,0.10642455,-0.09148952,-0.41208360,-0.06686852
3.0900,0.10229905,-0.09214525,-0.41301062,-0.06427639
3.1000,0.09816446,-0.09277503,-0.41390095,-0.06167855
3.1100,0.09402115,-0.09337880,-0.41475451,-0.05907523
3.1200,0.08986949,-0.09395652,-0.41557123,-0.05646667
3.1300,0.08570985,-0.09450812,-0.41635104,-0.05385309
3.1400,0.08154259,-0.09503356,-0.41709387,-0.05123472
3.1500,0.07736810,-0.09553280,-0.41779965,-0.04861181
3.1600,0.07318672,-0.09600578,-0.41846832,-0.04598458
3.1700,0.06899885,-0.09645248,-0.41909981,-0.04335326
3.1800,0.06480485,-0.09687284,-0.41969408,-0.04071809
3.1900,0.06060510,-0.09726683,-0.42025107,-0.03807930
3.2000,0.05639996,-0.09763441,-0.42077073,-0.03543714
3.2100,0.05218981,-0.09797556,-0.42125302,-0.03279182
3.2200,0.04797502,-0.09829024,-0.42169789,-0.03014359
3.2300,0.04375597,-0.09857842,-0.42210530,-0.02749269
3.2400,0.03953304,-0.09884008,-0.42247521,-0.02483934
3.2500,0.03530659,-0.09907520,-0.42280760,-0.02218379
3.2600,0.03107701,-0.09928375,-0.42310244,-0.01952626
3.2700,0.02684467,-0.09946572,-0.42335969,-0.01686700
3.2800,0.02260994,-0.09962109,-0.42357933,-0.01420625
3.2900,0.01837321,-0.09974984,-0.42376135,-0.01154423
3.3000,0.01413484,-0.09985197,-0.42390573,-0.00888118
3.3100,0.00989522,-0.09992746,-0.42401246,-0.00621735
3.3200,0.00565472,-0.09997631,-0.42408152,-0.00355296
3.3300,0.00141371,-0.09999852,-0.42411292,-0.00088826
3.3400,-0.00282741,-0.09999408,-0.42410664,0.00177652
3.3500,-0.00706829,-0.09996299,-0.42406269,0.00444114
3.3600,-0.01130854,-0.09990526,-0.42398107,0.00710537
3.3700,-0.01554779,-0.09982088,-0.42386179,0.00976896
3.3800,-0.01978565,-0.09970988,-0.42370486,0.01243169
3.3900,-0.02402176,-0.09957225,-0.42351030,0.01509332
3.4000,-0.02825573,-0.09940802,-0.42327811,0.01775360
3.4100,-0.03248720,-0.09921719,-0.42300833,0.02041231
3.4200,-0.03671578,-0.09899978,-0.42270098,0.02306920
3.4300,-0.04094109,-0.09875581,-0.42235608,0.02572405
3.4400,-0.04516277,-0.09848531,-0.42197366,0.02837661
3.4500,-0.04938044,-0.09818829,-0.42155376,0.03102665
3.4600,-0.05359372,-0.09786478,-0.42109641,0.03367393
3.4700,-0.05780224,-0.09751482,-0.42060167,0.03631822
3.4800,-0.06200563,-0.09713843,-0.42006956,0.03895929
3.4900,-0.06620351,-0.09673564,-0.41950013,0.04159689
3.5000,-0.07039551,-0.09630650,-0.41889345,0.04423080
3.5100,-0.07458126,-0.09585104,-0.41824956,0.04686078
3.5200,-0.07876038,-0.09536930,-0.41756851,0.04948660
3.5300,-0.08293250,-0.09486132,-0.41685038,0.05210803
3.5400,-0.08709726,-0.09432716,-0.41609521,0.05472482
3.5500,-0.09125428,-0.09376684,-0.41530309,0.05733676
3.5600,-0.09540320,-0.09318044,-0.41447408,0.05994360
3.5700,-0.09954364,-0.09256799,-0.41360825,0.06254511
3.5800,-0.10367524,-0.09192955,-0.41270568,0.06514108
3.5900,-0.10779763,-0.09126519,-0.41176646,0.06773125
3.6000,-0.11191045,-0.09057495,-0.41079066,0.07031541
3.6100,-0.11601332,-0.08985890,-0.40977836,0.07289332
3.6200,-0.12010590,-0.08911710,-0.40872968,0.07546476
3.6300,-0.12418780,-0.08834963,-0.40764468,0.07802949
3.6400,-0.12825867,-0.08755654,-0.40652348,0.08058730
3.6500,-0.13231815,-0.08673790,-0.40536616,0.08313794
3.6600,-0.13636587,-0.08589380,-0.40417284,0.08568120
3.6700,-0.14040148,-0.08502431,-0.40294362,0.08821685
3.6800,-0.14442462,-0.08412949,-0.40167861,0.09074467
3.6900,-0.14843494,-0.08320944,-0.40037791,0.09326442
3.7000,-0.15243206,-0.08226423,-0.39904166,0.09577589
3.7100,-0.15641565,-0.08129395,-0.39766995,0.09827885
3.7200,-0.16038535,-0.08029868,-0.39626293,0.10077308
3.7300,-0.16434079,-0.07927852,-0.39482070,0.10325837
3.7400,-0.16828164,-0.07823355,-0.39334341,0.10573447
3.7500,-0.17220754,-0.07716386,-0.39183118,0.10820119
3.7600,-0.17611815,-0.07606955,-0.39028414,0.11065830
3.7700,-0.18001311,-0.07495073,-0.38870243,0.11310557
3.7800,-0.18389208,-0.07380748,-0.38708620,0.11554280
3.7900,-0.18775472,-0.07263990,-0.38543558,0.11796977
3.8000,-0.19160068,-0.07144812,-0.38375073,0.12038626
3.8100,-0.19542962,-0.07023222,-0.38203179,0.12279205
3.8200,-0.19924120,-0.06899231,-0.38027892,0.12518694
3.8300,-0.20303509,-0.06772851,-0.37849227,0.12757071
3.8400,-0.20681094,-0.06644093,-0.37667200,0.12994314
3.8500,-0.21056842,-0.06512969,-0.37481827,0.13230404
3.8600,-0.21430719,-0.06379489,-0.37293124,0.13465318
3.8700,-0.21802693,-0.06243667,-0.37101109,0.13699036
3.8800,-0.22172730,-0.06105513,-0.36905799,0.13931537
3.8900,-0.22540798,-0.05965040,-0.36707210,0.14162801
3.9000,-0.22906864,-0.05822261,-0.36505361,0.14392807
3.9100,-0.23270895,-0.05677188,-0.36300269,0.14621534
3.9200,-0.23632858,-0.05529834,-0.36091953,0.14848963
3.9300,-0.23992723,-0.05380213,-0.35880431,0.15075072
3.9400,-0.24350456,-0.05228337,-0.35665722,0.15299843
3.9500,-0.24706027,-0.05074221,-0.35447845,0.15523254
3.9600,-0.25059403,-0.04917877,-0.35226819,0.15745287
3.9700,-0.25410553,-0.04759320,-0.35002664,0.15965921
3.9800,-0.25759446,-0.04598563,-0.34775400,0.16185137
3.9900,-0.26106050,-0.04435622,-0.34545046,0.16402915
4.0000,-0.26450336,-0.04270510,-0.34311625,0.16619236
4.0100,-0.26792273,-0.04103242,-0.34075156,0.16834081
4.0200,-0.27131829,-0.03933833,-0.33835660,0.17047431
4.0300,-0.27468976,-0.03762298,-0.33593158,0.17259267
4.0400,-0.27803683,-0.03588653,-0.33347672,0.17469569
4.0500,-0.28135920,-0.03412912,-0.33099225,0.17678320
4.0600,-0.28465657,-0.03235092,-0.32847837,0.17885500
4.0700,-0.28792867,-0.03055208,-0.32593532,0.18091092
4.0800,-0.29117518,-0.02873275,-0.32336331,0.18295076
4.0900,-0.29439584,-0.02689311,-0.32076258,0.18497436
4.1000,-0.29759034,-0.02503332,-0.31813336,0.18698152
4.1100,-0.30075841,-0.02315354,-0.31547588,0.18897208
4.1200,-0.30389976,-0.02125394,-0.31279038,0.19094585
4.1300,-0.30701412,-0.01933468,-0.31007710,0.19290266
4.1400,-0.31010121,-0.01739594,-0.30733627,0.19484234
4.1500,-0.31316076,-0.01543789,-0.30456814,0.19676471
4.1600,-0.31619249,-0.01346070,-0.30177296,0.19866960
4.1700,-0.31919613,-0.01146456,-0.29895097,0.20055684
4.1800,-0.32217142,-0.00944963,-0.29610243,0.20242627
4.1900,-0.32511809,-0.00741609,-0.29322759,0.20427772
4.2000,-0.32803588,-0.00536413,-0.29032670,0.20611102
4.2100,-0.33092454,-0.00329393,-0.28740002,0.20792602
4.2200,-0.33378380,-0.00120567,-0.28444782,0.20972255
4.2300,-0.33661341,0.00090046,-0.28147035,0.21150044
4.2400,-0.33941312,0.00302427,-0.27846787,0.21325955
4.2500,-0.34218268,0.00516559,-0.27544066,0.21499972
4.2600,-0.34492185,0.00732420,-0.27238899,0.21672079
4.2700,-0.34763038,0.00949994,-0.26931312,0.21842261
4.2800,-0.35030804,0.01169259,-0.26621333,0.22010503
4.2900,-0.35295457,0.01390197,-0.26308989,0.22176790
4.3000,-0.35556976,0.01612788,-0.25994308,0.22341107
4.3100,-0.35815336,0.01837013,-0.25677318,0.22503439
4.3200,-0.36070514,0.02062851,-0.25358048,0.22663773
4.3300,-0.36322489,0.02290282,-0.25036525,0.22822093
4.3400,-0.36571237,0.02519286,-0.24712778,0.22978386
4.3500,-0.36816737,0.02749842,-0.24386836,0.23132638
4.3600,-0.37058967,0.02981932,-0.24058728,0.23284836
4.3700,-0.37297905,0.03215532,-0.23728482,0.23434965
4.3800,-0.37533530,0.03450624,-0.23396129,0.23583012
4.3900,-0.37765820,0.03687186,-0.23061698,0.23728965
4.4000,-0.37994757,0.03925196,-0.22725219,0.23872810
4.4100,-0.38220318,0.04164635,-0.22386720,0.24014534
4.4200,-0.38442484,0.04405480,-0.22046234,0.24154125
4.4300,-0.38661236,0.04647710,-0.21703789,0.24291571
4.4400,-0.38876554,0.04891304,-0.21359416,0.24426859
4.4500,-0.39088418,0.05136240,-0.21013146,0.24559977
4.4600,-0.39296810,0.05382496,-0.20665009,0.24690914
4.4700,-0.39501712,0.05630051,-0.20315037,0.24819658
4.4800,-0.39703105,0.05878882,-0.19963260,0.24946197
4.4900,-0.39900972,0.06128967,-0.19609710,0.25070520
4.5000,-0.40095294,0.06380285,-0.19254418,0.25192616
4.5100,-0.40286054,0.06632812,-0.18897416,0.25312474
4.5200,-0.40473236,0.06886527,-0.18538736,0.25430084
4.5300,-0.40656823,0.07141406,-0.18178408,0.25545436
4.5400,-0.40836799,0.07397428,-0.17816466,0.25658518
4.5500,-0.41013147,0.07654569,-0.17452942,0.25769321
4.5600,-0.41185853,0.07912807,-0.17087867,0.25877834
4.5700,-0.41354900,0.08172118,-0.16721274,0.25984050
4.5800,-0.41520273,0.08432480,-0.16353196,0.26087957
4.5900,-0.41681959,0.08693870,-0.15983665,0.26189547
4.6000,-0.41839942,0.08956263,-0.15612715,0.26288811
4.6100,-0.41994208,0.09219638,-0.15240378,0.26385739
4.6200,-0.42144745,0.09483970,-0.14866687,0.26480324
4.6300,-0.42291538,0.09749237,-0.14491675,0.26572557
4.6400,-0.42434574,0.10015414,-0.14115376,0.26662429
4.6500,-0.42573841,0.10282477,-0.13737824,0.26749933
4.6600,-0.42709327,0.10550404,-0.13359051,0.26835061
4.6700,-0.42841018,0.10819171,-0.12979092,0.26917806
4.6800,-0.42968905,0.11088753,-0.12597979,0.26998159
4.6900,-0.43092974,0.11359126,-0.12215748,0.27076114
4.7000,-0.43213216,0.11630267,-0.11832432,0.27151664
4.7100,-0.43329619,0.11902151,-0.11448064,0.27224803
4.7200,-0.43442174,0.12174755,-0.11062680,0.27295523
4.7300,-0.43550870,0.12448054,-0.10676313,0.27363818
4.7400,-0.43655697,0.12722023,-0.10288997,0.27429683
4.7500,-0.43756646,0.12996639,-0.09900768,0.27493112
4.7600,-0.43853709,0.13271877,-0.09511660,0.27554098
4.7700,-0.43946877,0.13547713,-0.09121706,0.27612637
4.7800,-0.44036141,0.13824122,-0.08730942,0.27668723
4.7900,-0.44121493,0.14101079,-0.08339403,0.27722352
4.8000,-0.44202926,0.14378561,-0.07947123,0.27773518
4.8100,-0.44280433,0.14656541,-0.07554137,0.27822217
4.8200,-0.44354007,0.14934997,-0.07160480,0.27868444
4.8300,-0.44423641,0.15213902,-0.06766187,0.27912197
4.8400,-0.44489329,0.15493232,-0.06371293,0.27953470
4.8500,-0.44551065,0.15772963,-0.05975833,0.27992259
4.8600,-0.44608843,0.16053069,-0.05579842,0.28028563
4.8700,-0.44662660,0.16333526,-0.05183355,0.28062377
4.8800,-0.44712509,0.16614308,-0.04786409,0.28093698
4.8900,-0.44758387,0.16895392,-0.04389037,0.28122524
4.9000,-0.44800288,0.17176751,-0.03991275,0.28148851
4.9100,-0.44838211,0.17458360,-0.03593158,0.28172679
4.9200,-0.44872151,0.17740196,-0.03194723,0.28194004
4.9300,-0.44902104,0.18022232,-0.02796004,0.28212824
4.9400,-0.44928070,0.18304444,-0.02397036,0.28229139
4.9500,-0.44950044,0.18586806,-0.01997855,0.28242946
4.9600,-0.44968026,0.18869295,-0.01598497,0.28254244
4.9700,-0.44982014,0.19151883,-0.01198997,0.28263033
4.9800,-0.44992006,0.19434547,-0.00799391,0.28269311
4.9900,-0.44998001,0.19717261,-0.00399713,0.28273078
5.0000,-0.45000000,0.20000000,-0.00000000,0.28274334
5.0100,-0.44998001,0.20282739,0.00399713,0.28273078
5.0200,-0.44992006,0.20565453,0.00799391,0.28269311
5.0300,-0.44982014,0.20848117,0.01198997,0.28263033
5.0400,-0.44968026,0.21130705,0.01598497,0.28254244
5.0500,-0.44950044,0.21413194,0.01997855,0.28242946
5.0600,-0.44928070,0.21695556,0.02397036,0.28229139
5.0700,-0.44902104,0.21977768,0.02796004,0.28212824
5.0800,-0.44872151,0.22259804,0.03194723,0.28194004
5.0900,-0.44838211,0.22541640,0.03593158,0.28172679
5.1000,-0.44800288,0.22823249,0.03991275,0.28148851
5.1100,-0.44758387,0.23104608,0.04389037,0.28122524
5.1200,-0.44712509,0.23385692,0.04786409,0.28093698
5.1300,-0.44662660,0.23666474,0.05183355,0.28062377
5.1400,-0.44608843,0.23946931,0.05579842,0.28028563
5.1500,-0.44551065,0.24227037,0.05975833,0.27992259
5.1600,-0.44489329,0.24506768,0.06371293,0.27953470
5.1700,-0.44423641,0.24786098,0.06766187,0.27912197
5.1800,-0.44354007,0.25065003,0.07160480,0.27868444
5.1900,-0.44280433,0.25343459,0.07554137,0.27822217
5.2000,-0.44202926,0.25621439,0.07947123,0.27773518
5.2100,-0.44121493,0.25898921,0.08339403,0.27722352
5.2200,-0.44036141,0.26175878,0.08730942,0.27668723
5.2300,-0.43946877,0.26452287,0.09121706,0.27612637
5.2400,-0.43853709,0.26728123,0.09511660,0.27554098
5.2500,-0.43756646,0.27003361,0.09900768,0.27493112
5.2600,-0.43655697,0.27277977,0.10288997,0.27429683
5.2700,-0.43550870,0.27551946,0.10676313,0.27363818
5.2800,-0.43442174,0.27825245,0.11062680,0.27295523
5.2900,-0.43329619,0.28097849,0.11448064,0.27224803
5.3000,-0.43213216,0.28369733,0.11832432,0.27151664
5.3100,-0.43092974,0.28640874,0.12215748,0.27076114
5.3200,-0.42968905,0.28911247,0.12597979,0.26998159
5.3300,-0.42841018,0.29180829,0.12979092,0.26917806
5.3400,-0.42709327,0.29449596,0.13359051,0.26835061
5.3500,-0.42573841,0.29717523,0.13737824,0.26749933
5.3600,-0.42434574,0.29984586,0.14115376,0.26662429
5.3700,-0.42291538,0.30250763,0.14491675,0.26572557
5.3800,-0.42144745,0.30516030,0.14866687,0.26480324
5.3900,-0.41994208,0.30780362,0.15240378,0.26385739
5.4000,-0.41839942,0.31043737,0.15612715,0.26288811
5.4100,-0.41681959,0.31306130,0.15983665,0.26189547
5.4200,-0.41520273,0.31567520,0.16353196,0.26087957
5.4300,-0.41354900,0.31827882,0.16721274,0.25984050
5.4400,-0.41185853,0.32087193,0.17087867,0.25877834
5.4500,-0.41013147,0.32345431,0.17452942,0.25769321
5.4600,-0.40836799,0.32602572,0.17816466,0.25658518
5.4700,-0.40656823,0.32858594,0.18178408,0.25545436
5.4800,-0.40473236,0.33113473,0.18538736,0.25430084
5.4900,-0.40286054,0.33367188,0.18897416,0.25312474
5.5000,-0.40095294,0.33619715,0.19254418,0.25192616
5.5100,-0.39900972,0.33871033,0.19609710,0.25070520
5.5200,-0.39703105,0.34121118,0.19963260,0.24946197
5.5300,-0.39501712,0.34369949,0.20315037,0.24819658
5.5400,-0.39296810,0.34617504,0.20665009,0.24690914
5.5500,-0.39088418,0.34863760,0.21013146,0.24559977
5.5600,-0.38876554,0.35108696,0.21359416,0.24426859
5.5700,-0.38661236,0.35352290,0.21703789,0.24291571
5.5800,-0.38442484,0.35594520,0.22046234,0.24154125
5.5900,-0.38220318,0.35835365,0.22386720,0.24014534
5.6000,-0.37994757,0.36074804,0.22725219,0.23872810
5.6100,-0.37765820,0.36312814,0.23061698,0.23728965
5.6200,-0.37533530,0.36549376,0.23396129,0.23583012
5.6300,-0.37297905,0.36784468,0.23728482,0.23434965
5.6400,-0.37058967,0.37018068,0.24058728,0.23284836
5.6500,-0.36816737,0.37250158,0.24386836,0.23132638
5.6600,-0.36571237,0.37480714,0.24712778,0.22978386
5.6700,-0.36322489,0.37709718,0.25036525,0.22822093
5.6800,-0.36070514,0.37937149,0.25358048,0.22663773
5.6900,-0.35815336,0.38162987,0.25677318,0.22503439
5.7000,-0.35556976,0.38387212,0.25994308,0.22341107
5.7100,-0.35295457,0.38609803,0.26308989,0.22176790
5.7200,-0.35030804,0.38830741,0.26621333,0.22010503
5.7300,-0.34763038,0.39050006,0.26931312,0.21842261
5.7400,-0.34492185,0.39267580,0.27238899,0.21672079
5.7500,-0.34218268,0.39483441,0.27544066,0.21499972
5.7600,-0.33941312,0.39697573,0.27846787,0.21325955
5.7700,-0.33661341,0.39909954,0.28147035,0.21150044
5.7800,-0.33378380,0.40120567,0.28444782,0.20972255
5.7900,-0.33092454,0.40329393,0.28740002,0.20792602
5.8000,-0.32803588,0.40536413,0.29032670,0.20611102
5.8100,-0.32511809,0.40741609,0.29322759,0.20427772
5.8200,-0.32217142,0.40944963,0.29610243,0.20242627
5.8300,-0.31919613,0.41146456,0.29895097,0.20055684
5.8400,-0.31619249,0.41346070,0.30177296,0.19866960
5.8500,-0.31316076,0.41543789,0.30456814,0.19676471
5.8600,-0.31010121,0.41739594,0.30733627,0.19484234
5.8700,-0.30701412,0.41933468,0.31007710,0.19290266
5.8800,-0.30389976,0.42125394,0.31279038,0.19094585
5.8900,-0.30075841,0.42315354,0.31547588,0.18897208
5.9000,-0.29759034,0.42503332,0.31813336,0.18698152
5.9100,-0.29439584,0.42689311,0.32076258,0.18497436
5.9200,-0.29117518,0.42873275,0.32336331,0.18295076
5.9300,-0.28792867,0.43055208,0.32593532,0.18091092
5.9400,-0.28465657,0.43235092,0.32847837,0.17885500
5.9500,-0.28135920,0.43412912,0.33099225,0.17678320
5.9600,-0.27803683,0.43588653,0.33347672,0.17469569
5.9700,-0.27468976,0.43762298,0.33593158,0.17259267
5.9800,-0.27131829,0.43933833,0.33835660,0.17047431
5.9900,-0.26792273,0.44103242,0.34075156,0.16834081
6.0000,-0.26450336,0.44270510,0.34311625,0.16619236
6.0100,-0.26106050,0.44435622,0.34545046,0.16402915
6.0200,-0.25759446,0.44598563,0.34775400,0.16185137
6.0300,-0.25410553,0.44759320,0.35002664,0.15965921
6.0400,-0.25059403,0.44917877,0.35226819,0.15745287
6.0500,-0.24706027,0.45074221,0.35447845,0.15523254
6.0600,-0.24350456,0.45228337,0.35665722,0.15299843
6.0700,-0.23992723,0.45380213,0.35880431,0.15075072
6.0800,-0.23632858,0.45529834,0.36091953,0.14848963
6.0900,-0.23270895,0.45677188,0.36300269,0.14621534
6.1000,-0.22906864,0.45822261,0.36505361,0.14392807
6.1100,-0.22540798,0.45965040,0.36707210,0.14162801
6.1200,-0.22172730,0.46105513,0.36905799,0.13931537
6.1300,-0.21802693,0.46243667,0.37101109,0.13699036
6.1400,-0.21430719,0.46379489,0.37293124,0.13465318
6.1500,-0.21056842,0.46512969,0.37481827,0.13230404
6.1600,-0.20681094,0.46644093,0.37667200,0.12994314
6.1700,-0.20303509,0.46772851,0.37849227,0.12757071
6.1800,-0.19924120,0.46899231,0.38027892,0.12518694
6.1900,-0.19542962,0.47023222,0.38203179,0.12279205
6.2000,-0.19160068,0.47144812,0.38375073,0.12038626
6.2100,-0.18775472,0.47263990,0.38543558,0.11796977
6.2200,-0.18389208,0.47380748,0.38708620,0.11554280
6.2300,-0.18001311,0.47495073,0.38870243,0.11310557
6.2400,-0.17611815,0.47606955,0.39028414,0.11065830
6.2500,-0.17220754,0.47716386,0.39183118,0.10820119
6.2600,-0.16828164,0.47823355,0.39334341,0.10573447
6.2700,-0.16434079,0.47927852,0.39482070,0.10325837
6.2800,-0.16038535,0.48029868,0.39626293,0.10077308
6.2900,-0.15641565,0.48129395,0.39766995,0.09827885
6.3000,-0.15243206,0.48226423,0.39904166,0.09577589
6.3100,-0.14843494,0.48320944,0.40037791,0.09326442
6.3200,-0.14442462,0.48412949,0.40167861,0.09074467
6.3300,-0.14040148,0.48502431,0.40294362,0.08821685
6.3400,-0.13636587,0.48589380,0.40417284,0.08568120
6.3500,-0.13231815,0.48673790,0.40536616,0.08313794
6.3600,-0.12825867,0.48755654,0.40652348,0.08058730
6.3700,-0.12418780,0.48834963,0.40764468,0.07802949
6.3800,-0.12010590,0.48911710,0.40872968,0.07546476
6.3900,-0.11601332,0.48985890,0.40977836,0.07289332
6.4000,-0.11191045,0.49057495,0.41079066,0.07031541
6.4100,-0.10779763,0.49126519,0.41176646,0.06773125
6.4200,-0.10367524,0.49192955,0.41270568,0.06514108
6.4300,-0.09954364,0.49256799,0.41360825,0.06254511
6.4400,-0.09540320,0.49318044,0.41447408,0.05994360
6.4500,-0.09125428,0.49376684,0.41530309,0.05733676
6.4600,-0.08709726,0.49432716,0.41609521,0.05472482
6.4700,-0.08293250,0.49486132,0.41685038,0.05210803
6.4800,-0.07876038,0.49536930,0.41756851,0.04948660
6.4900,-0.07458126,0.49585104,0.41824956,0.04686078
6.5000,-0.07039551,0.49630650,0.41889345,0.04423080
6.5100,-0.06620351,0.49673564,0.41950013,0.04159689
6.5200,-0.06200563,0.49713843,0.42006956,0.03895929
6.5300,-0.05780224,0.49751482,0.42060167,0.03631822
6.5400,-0.05359372,0.49786478,0.42109641,0.03367393
6.5500,-0.04938044,0.49818829,0.42155376,0.03102665
6.5600,-0.04516277,0.49848531,0.42197366,0.02837661
6.5700,-0.04094109,0.49875581,0.42235608,0.02572405
6.5800,-0.03671578,0.49899978,0.42270098,0.02306920
6.5900,-0.03248720,0.49921719,0.42300833,0.02041231
6.6000,-0.02825573,0.49940802,0.42327811,0.01775360
6.6100,-0.02402176,0.49957225,0.42351030,0.01509332
6.6200,-0.01978565,0.49970988,0.42370486,0.01243169
6.6300,-0.01554779,0.49982088,0.42386179,0.00976896
6.6400,-0.01130854,0.49990526,0.42398107,0.00710537
6.6500,-0.00706829,0.49996299,0.42406269,0.00444114
6.6600,-0.00282741,0.49999408,0.42410664,0.00177652
6.6700,0.00141371,0.49999852,0.42411292,-0.00088826
6.6800,0.00565472,0.49997631,0.42408152,-0.00355296
6.6900,0.00989522,0.49992746,0.42401246,-0.00621735
6.7000,0.01413484,0.49985197,0.42390573,-0.00888118
6.7100,0.01837321,0.49974984,0.42376135,-0.01154423
6.7200,0.02260994,0.49962109,0.42357933,-0.01420625
6.7300,0.02684467,0.49946572,0.42335969,-0.01686700
6.7400,0.03107701,0.49928375,0.42310244,-0.01952626
6.7500,0.03530659,0.49907520,0.42280760,-0.02218379
6.7600,0.03953304,0.49884008,0.42247521,-0.02483934
6.7700,0.04375597,0.49857842,0.42210530,-0.02749269
6.7800,0.04797502,0.49829024,0.42169789,-0.03014359
6.7900,0.05218981,0.49797556,0.42125302,-0.03279182
6.8000,0.05639996,0.49763441,0.42077073,-0.03543714
6.8100,0.06060510,0.49726683,0.42025107,-0.03807930
6.8200,0.06480485,0.49687284,0.41969408,-0.04071809
6.8300,0.06899885,0.49645248,0.41909981,-0.04335326
6.8400,0.07318672,0.49600578,0.41846832,-0.04598458
6.8500,0.07736810,0.49553280,0.41779965,-0.04861181
6.8600,0.08154259,0.49503356,0.41709387,-0.05123472
6.8700,0.08570985,0.49450812,0.41635104,-0.05385309
6.8800,0.08986949,0.49395652,0.41557123,-0.05646667
6.8900,0.09402115,0.49337880,0.41475451,-0.05907523
6.9000,0.09816446,0.49277503,0.41390095,-0.06167855
6.9100,0.10229905,0.49214525,0.41301062,-0.06427639
6.9200,0.10642455,0.49148952,0.41208360,-0.06686852
6.9300,0.11054060,0.49080790,0.41111998,-0.06945471
6.9400,0.11464683,0.49010045,0.41011984,-0.07203473
6.9500,0.11874287,0.48936723,0.40908328,-0.07460835
6.9600,0.12282837,0.48860830,0.40801037,-0.07717534
6.9700,0.12690296,0.48782374,0.40690123,-0.07973548
6.9800,0.13096628,0.48701362,0.40575594,-0.08228854
6.9900,0.13501796,0.48617800,0.40457461,-0.08483428
7.0000,0.13905765,0.48531695,0.40335734,-0.08737250
7.0100,0.14308499,0.48443057,0.40210425,-0.08990295
7.0200,0.14709961,0.48351892,0.40081543,-0.09242541
7.0300,0.15110118,0.48258209,0.39949102,-0.09493967
7.0400,0.15508932,0.48162016,0.39813112,-0.09744549
7.0500,0.15906368,0.48063321,0.39673585,-0.09994266
7.0600,0.16302392,0.47962133,0.39530535,-0.10243095
7.0700,0.16696967,0.47858462,0.39383973,-0.10491014
7.0800,0.17090059,0.47752316,0.39233913,-0.10738001
7.0900,0.17481634,0.47643705,0.39080368,-0.10984034
7.1000,0.17871655,0.47532639,0.38923351,-0.11229092
7.1100,0.18260089,0.47419127,0.38762877,-0.11473152
7.1200,0.18646901,0.47303179,0.38598960,-0.11716194
7.1300,0.19032057,0.47184806,0.38431615,-0.11958194
7.1400,0.19415522,0.47064019,0.38260855,-0.12199132
7.1500,0.19797263,0.46940827,0.38086697,-0.12438987
7.1600,0.20177245,0.46815243,0.37909156,-0.12677737
7.1700,0.20555435,0.46687276,0.37728248,-0.12915360
7.1800,0.20931799,0.46556939,0.37543988,-0.13151837
7.1900,0.21306303,0.46424243,0.37356394,-0.13387145
7.2000,0.21678915,0.46289200,0.37165481,-0.13621264
7.2100,0.22049602,0.46151822,0.36971268,-0.13854173
7.2200,0.22418330,0.46012121,0.36773770,-0.14085852
7.2300,0.22785066,0.45870109,0.36573005,-0.14316279
7.2400,0.23149779,0.45725800,0.36368992,-0.14545435
7.2500,0.23512435,0.45579205,0.36161749,-0.14773299
7.2600,0.23873003,0.45430338,0.35951293,-0.14999850
7.2700,0.24231451,0.45279212,0.35737645,-0.15225069
7.2800,0.24587746,0.45125841,0.35520821,-0.15448936
7.2900,0.24941857,0.44970238,0.35300843,-0.15671431
7.3000,0.25293752,0.44812417,0.35077728,-0.15892533
7.3100,0.25643401,0.44652392,0.34851498,-0.16112224
7.3200,0.25990772,0.44490178,0.34622173,-0.16330483
7.3300,0.26335834,0.44325787,0.34389772,-0.16547292
7.3400,0.26678557,0.44159237,0.34154316,-0.16762632
7.3500,0.27018910,0.43990540,0.33915827,-0.16976482
7.3600,0.27356863,0.43819712,0.33674324,-0.17188824
7.3700,0.27692387,0.43646768,0.33429831,-0.17399640
7.3800,0.28025450,0.43471724,0.33182369,-0.17608910
7.3900,0.28356024,0.43294595,0.32931958,-0.17816615
7.4000,0.28684080,0.43115397,0.32678623,-0.18022739
7.4100,0.29009587,0.42934146,0.32422385,-0.18227261
7.4200,0.29332518,0.42750857,0.32163267,-0.18430164
7.4300,0.29652843,0.42565548,0.31901292,-0.18631431
7.4400,0.29970534,0.42378234,0.31636484,-0.18831042
7.4500,0.30285563,0.42188933,0.31368865,-0.19028981
7.4600,0.30597902,0.41997660,0.31098460,-0.19225229
7.4700,0.30907523,0.41804434,0.30825292,-0.19419769
7.4800,0.31214399,0.41609271,0.30549387,-0.19612585
7.4900,0.31518502,0.41412188,0.30270768,-0.19803659
7.5000,0.31819805,0.41213203,0.29989460,-0.19992973
7.5100,0.32118282,0.41012335,0.29705488,-0.20180512
7.5200,0.32413906,0.40809599,0.29418878,-0.20366258
7.5300,0.32706651,0.40605015,0.29129654,-0.20550195
7.5400,0.32996491,0.40398601,0.28837843,-0.20732306
7.5500,0.33283399,0.40190375,0.28543471,-0.20912577
7.5600,0.33567352,0.39980356,0.28246563,-0.21090989
7.5700,0.33848322,0.39768562,0.27947146,-0.21267528
7.5800,0.34126286,0.39555012,0.27645247,-0.21442178
7.5900,0.34401219,0.39339725,0.27340892,-0.21614923
7.6000,0.34673096,0.39122720,0.27034108,-0.21785749
7.6100,0.34941893,0.38904016,0.26724923,-0.21954639
7.6200,0.35207586,0.38683633,0.26413364,-0.22121579
7.6300,0.35470153,0.38461591,0.26099460,-0.22286554
7.6400,0.35729568,0.38237909,0.25783236,-0.22449550
7.6500,0.35985810,0.38012607,0.25464723,-0.22610551
7.6600,0.36238855,0.37785705,0.25143948,-0.22769544
7.6700,0.36488681,0.37557223,0.24820939,-0.22926515
7.6800,0.36735266,0.37327181,0.24495725,-0.23081449
7.6900,0.36978588,0.37095600,0.24168336,-0.23234332
7.7000,0.37218626,0.36862501,0.23838800,-0.23385152
7.7100,0.37455357,0.36627904,0.23507146,-0.23533895
7.7200,0.37688762,0.36391830,0.23173404,-0.23680547
7.7300,0.37918819,0.36154300,0.22837604,-0.23825096
7.7400,0.38145507,0.35915336,0.22499776,-0.23967529
7.7500,0.38368807,0.35674957,0.22159948,-0.24107833
7.7600,0.38588700,0.35433186,0.21818153,-0.24245995
7.7700,0.38805164,0.35190044,0.21474419,-0.24382004
7.7800,0.39018182,0.34945553,0.21128778,-0.24515847
7.7900,0.39227733,0.34699735,0.20781260,-0.24647512
7.8000,0.39433801,0.34452610,0.20431896,-0.24776988
7.8100,0.39636365,0.34204202,0.20080718,-0.24904263
7.8200,0.39835409,0.33954532,0.19727755,-0.25029326
7.8300,0.40030914,0.33703623,0.19373041,-0.25152165
7.8400,0.40222864,0.33451496,0.19016605,-0.25272771
7.8500,0.40411241,0.33198175,0.18658480,-0.25391132
7.8600,0.40596028,0.32943681,0.18298698,-0.25507237
7.8700,0.40777209,0.32688038,0.17937291,-0.25621076
7.8800,0.40954769,0.32431267,0.17574290,-0.25732640
7.8900,0.41128690,0.32173393,0.17209729,-0.25841918
7.9000,0.41298958,0.31914437,0.16843638,-0.25948901
7.9100,0.41465558,0.31654422,0.16476052,-0.26053578
7.9200,0.41628474,0.31393373,0.16107001,-0.26155942
7.9300,0.41787693,0.31131311,0.15736521,-0.26255982
7.9400,0.41943200,0.30868261,0.15364642,-0.26353690
7.9500,0.42094981,0.30604245,0.14991399,-0.26449057
7.9600,0.42243024,0.30339288,0.14616824,-0.26542075
7.9700,0.42387314,0.30073412,0.14240950,-0.26632735
7.9800,0.42527838,0.29806641,0.13863812,-0.26721029
7.9900,0.42664586,0.29538999,0.13485442,-0.26806950
8.0000,0.42797543,0.29270510,0.13105875,-0.26890489
8.0100,0.42926699,0.29001197,0.12725143,-0.26971641
8.0200,0.43052042,0.28731085,0.12343281,-0.27050396
8.0300,0.43173561,0.28460197,0.11960322,-0.27126749
8.0400,0.43291245,0.28188558,0.11576301,-0.27200692
8.0500,0.43405084,0.27916191,0.11191252,-0.27272218
8.0600,0.43515067,0.27643122,0.10805209,-0.27341323
8.0700,0.43621185,0.27369373,0.10418206,-0.27407999
8.0800,0.43723428,0.27094970,0.10030277,-0.27472240
8.0900,0.43821787,0.26819936,0.09641458,-0.27534041
8.1000,0.43916254,0.26544297,0.09251782,-0.27593396
8.1100,0.44006820,0.26268077,0.08861285,-0.27650301
8.1200,0.44093477,0.25991299,0.08470000,-0.27704749
8.1300,0.44176218,0.25713990,0.08077963,-0.27756736
8.1400,0.44255034,0.25436173,0.07685208,-0.27806258
8.1500,0.44329920,0.25157873,0.07291771,-0.27853310
8.1600,0.44400867,0.24879115,0.06897686,-0.27897888
8.1700,0.44467871,0.24599924,0.06502989,-0.27939988
8.1800,0.44530925,0.24320323,0.06107713,-0.27979606
8.1900,0.44590024,0.24040340,0.05711896,-0.28016738
8.2000,0.44645162,0.23759997,0.05315571,-0.28051382
8.2100,0.44696334,0.23479320,0.04918773,-0.28083535
8.2200,0.44743536,0.23198335,0.04521539,-0.28113193
8.2300,0.44786763,0.22917065,0.04123903,-0.28140353
8.2400,0.44826012,0.22635536,0.03725901,-0.28165014
8.2500,0.44861280,0.22353773,0.03327568,-0.28187174
8.2600,0.44892563,0.22071801,0.02928939,-0.28206829
8.2700,0.44919858,0.21789645,0.02530051,-0.28223979
8.2800,0.44943163,0.21507330,0.02130937,-0.28238622
8.2900,0.44962476,0.21224881,0.01731634,-0.28250757
8.3000,0.44977795,0.20942323,0.01332177,-0.28260382
8.3100,0.44989119,0.20659681,0.00932602,-0.28267497
8.3200,0.44996447,0.20376981,0.00532945,-0.28272101
8.3300,0.44999778,0.20094248,0.00133239,-0.28274194
8.3400,0.44999112,0.19811506,-0.00266478,-0.28273776
8.3500,0.44994448,0.19528780,-0.00666171,-0.28270846
8.3600,0.44985789,0.19246097,-0.01065805,-0.28265405
8.3700,0.44973133,0.18963481,-0.01465345,-0.28257453
8.3800,0.44956482,0.18680956,-0.01864754,-0.28246991
8.3900,0.44935838,0.18398549,-0.02263998,-0.28234020
8.4000,0.44911203,0.18116284,-0.02663040,-0.28218541
8.4100,0.44882578,0.17834187,-0.03061846,-0.28200556
8.4200,0.44849967,0.17552282,-0.03460380,-0.28180065
8.4300,0.44813372,0.17270594,-0.03858607,-0.28157072
8.4400,0.44772796,0.16989149,-0.04256491,-0.28131577
8.4500,0.44728243,0.16707971,-0.04653997,-0.28103584
8.4600,0.44679717,0.16427085,-0.05051089,-0.28073094
8.4700,0.44627223,0.16146517,-0.05447733,-0.28040111
8.4800,0.44570764,0.15866291,-0.05843893,-0.28004637
8.4900,0.44510347,0.15586433,-0.06239534,-0.27966676
8.5000,0.44445975,0.15306966,-0.06634620,-0.27926230
8.5100,0.44377656,0.15027916,-0.07029118,-0.27883304
8.5200,0.44305395,0.14749308,-0.07422991,-0.27837901
8.5300,0.44229199,0.14471167,-0.07816204,-0.27790025
8.5400,0.44149073,0.14193516,-0.08208723,-0.27739681
8.5500,0.44065026,0.13916381,-0.08600514,-0.27686873
8.5600,0.43977066,0.13639787,-0.08991540,-0.27631605
8.5700,0.43885198,0.13363757,-0.09381767,-0.27573883
8.5800,0.43789433,0.13088317,-0.09771161,-0.27513712
8.5900,0.43689778,0.12813491,-0.10159688,-0.27451097
8.6000,0.43586242,0.12539303,-0.10547311,-0.27386044
8.6100,0.43478835,0.12265778,-0.10933998,-0.27318558
8.6200,0.43367566,0.11992940,-0.11319714,-0.27248645
8.6300,0.43252444,0.11720814,-0.11704424,-0.27176312
8.6400,0.43133481,0.11449422,-0.12088095,-0.27101565
8.6500,0.43010686,0.11178790,-0.12470691,-0.27024411
8.6600,0.42884070,0.10908942,-0.12852181,-0.26944856
8.6700,0.42753646,0.10639901,-0.13232528,-0.26862908
8.6800,0.42619424,0.10371692,-0.13611700,-0.26778574
8.6900,0.42481416,0.10104338,-0.13989663,-0.26691861
8.7000,0.42339635,0.09837862,-0.14366384,-0.26602777
8.7100,0.42194092,0.09572290,-0.14741828,-0.26511330
8.7200,0.42044802,0.09307644,-0.15115963,-0.26417528
8.7300,0.41891778,0.09043947,-0.15488755,-0.26321380
8.7400,0.41735032,0.08781224,-0.15860171,-0.26222894
8.7500,0.41574579,0.08519497,-0.16230179,-0.26122078
8.7600,0.41410433,0.08258790,-0.16598745,-0.26018943
8.7700,0.41242609,0.07999126,-0.16965836,-0.25913495
8.7800,0.41071121,0.07740528,-0.17331421,-0.25805747
8.7900,0.40895986,0.07483019,-0.17695466,-0.25695706
8.8000,0.40717217,0.07226621,-0.18057939,-0.25583382
8.8100,0.40534832,0.06971359,-0.18418808,-0.25468786
8.8200,0.40348847,0.06717253,-0.18778041,-0.25351928
8.8300,0.40159277,0.06464327,-0.19135606,-0.25232818
8.8400,0.39966140,0.06212604,-0.19491472,-0.25111466
8.8500,0.39769453,0.05962106,-0.19845606,-0.24987884
8.8600,0.39569234,0.05712854,-0.20197977,-0.24862083
8.8700,0.39365500,0.05464871,-0.20548554,-0.24734073
8.8800,0.39158269,0.05218180,-0.20897306,-0.24603866
8.8900,0.38947560,0.04972801,-0.21244202,-0.24471474
8.9000,0.38733391,0.04728758,-0.21589210,-0.24336907
8.9100,0.38515782,0.04486070,-0.21932301,-0.24200180
8.9200,0.38294752,0.04244761,-0.22273444,-0.24061302
8.9300,0.38070320,0.04004851,-0.22612609,-0.23920287
8.9400,0.37842506,0.03766362,-0.22949764,-0.23777148
8.9500,0.37611331,0.03529315,-0.23284882,-0.23631896
8.9600,0.37376815,0.03293732,-0.23617931,-0.23484546
8.9700,0.37138980,0.03059631,-0.23948882,-0.23335109
8.9800,0.36897845,0.02827036,-0.24277706,-0.23183600
8.9900,0.36653433,0.02595966,-0.24604373,-0.23030031
9.0000,0.36405765,0.02366442,-0.24928855,-0.22874417
9.0100,0.36154863,0.02138485,-0.25251122,-0.22716770
9.0200,0.35900750,0.01912114,-0.25571147,-0.22557106
9.0300,0.35643448,0.01687349,-0.25888900,-0.22395439
9.0400,0.35382979,0.01464212,-0.26204353,-0.22231782
9.0500,0.35119368,0.01242720,-0.26517479,-0.22066150
9.0600,0.34852638,0.01022895,-0.26828250,-0.21898558
9.0700,0.34582811,0.00804756,-0.27136637,-0.21729021
9.0800,0.34309913,0.00588321,-0.27442614,-0.21557554
9.0900,0.34033967,0.00373611,-0.27746154,-0.21384172
9.1000,0.33754998,0.00160644,-0.28047229,-0.21208891
9.1100,0.33473031,-0.00050561,-0.28345812,-0.21031726
9.1200,0.33188090,-0.00259984,-0.28641878,-0.20852692
9.1300,0.32900202,-0.00467608,-0.28935400,-0.20671806
9.1400,0.32609391,-0.00673414,-0.29226351,-0.20489085
9.1500,0.32315683,-0.00877384,-0.29514706,-0.20304543
9.1600,0.32019105,-0.01079499,-0.29800440,-0.20118197
9.1700,0.31719683,-0.01279742,-0.30083526,-0.19930065
9.1800,0.31417444,-0.01478094,-0.30363941,-0.19740162
9.1900,0.31112414,-0.01674539,-0.30641658,-0.19548506
9.2000,0.30804620,-0.01869059,-0.30916654,-0.19355113
9.2100,0.30494090,-0.02061636,-0.31188903,-0.19160002
9.2200,0.30180851,-0.02252253,-0.31458382,-0.18963188
9.2300,0.29864931,-0.02440894,-0.31725066,-0.18764690
9.2400,0.29546359,-0.02627541,-0.31988933,-0.18564525
9.2500,0.29225162,-0.02812179,-0.32249958,-0.18362711
9.2600,0.28901369,-0.02994790,-0.32508119,-0.18159266
9.2700,0.28575009,-0.03175359,-0.32763392,-0.17954208
9.2800,0.28246111,-0.03353869,-0.33015755,-0.17747555
9.2900,0.27914704,-0.03530305,-0.33265185,-0.17539326
9.3000,0.27580817,-0.03704650,-0.33511660,-0.17329539
9.3100,0.27244481,-0.03876890,-0.33755159,-0.17118212
9.3200,0.26905724,-0.04047010,-0.33995659,-0.16905365
9.3300,0.26564578,-0.04214993,-0.34233139,-0.16691016
9.3400,0.26221072,-0.04380825,-0.34467579,-0.16475185
9.3500,0.25875236,-0.04544492,-0.34698957,-0.16257890
9.3600,0.25527103,-0.04705978,-0.34927253,-0.16039152
9.3700,0.25176702,-0.04865270,-0.35152447,-0.15818988
9.3800,0.24824064,-0.05022353,-0.35374518,-0.15597420
9.3900,0.24469222,-0.05177214,-0.35593447,-0.15374465
9.4000,0.24112206,-0.05329838,-0.35809215,-0.15150146
9.4100,0.23753048,-0.05480212,-0.36021801,-0.14924480
9.4200,0.23391780,-0.05628323,-0.36231188,-0.14697489
9.4300,0.23028435,-0.05774157,-0.36437357,-0.14469192
9.4400,0.22663044,-0.05917703,-0.36640289,-0.14239611
9.4500,0.22295640,-0.06058945,-0.36839966,-0.14008764
9.4600,0.21926256,-0.06197874,-0.37036371,-0.13776673
9.4700,0.21554924,-0.06334475,-0.37229487,-0.13543358
9.4800,0.21181677,-0.06468737,-0.37419295,-0.13308840
9.4900,0.20806549,-0.06600648,-0.37605780,-0.13073140
9.5000,0.20429572,-0.06730196,-0.37788924,-0.12836279
9.5100,0.20050782,-0.06857369,-0.37968712,-0.12598278
9.5200,0.19670209,-0.06982158,-0.38145127,-0.12359157
9.5300,0.19287890,-0.07104549,-0.38318153,-0.12118939
9.5400,0.18903858,-0.07224533,-0.38487776,-0.11877644
9.5500,0.18518146,-0.07342098,-0.38653981,-0.11635294
9.5600,0.18130790,-0.07457235,-0.38816752,-0.11391911
9.5700,0.17741823,-0.07569933,-0.38976075,-0.11147516
9.5800,0.17351280,-0.07680182,-0.39131936,-0.10902131
9.5900,0.16959195,-0.07787973,-0.39284321,-0.10655777
9.6000,0.16565605,-0.07893295,-0.39433216,-0.10408477
9.6100,0.16170543,-0.07996139,-0.39578609,-0.10160252
9.6200,0.15774044,-0.08096497,-0.39720486,-0.09911124
9.6300,0.15376145,-0.08194359,-0.39858835,-0.09661117
9.6400,0.14976880,-0.08289716,-0.39993644,-0.09410251
9.6500,0.14576284,-0.08382561,-0.40124900,-0.09158549
9.6600,0.14174393,-0.08472884,-0.40252592,-0.08906034
9.6700,0.13771244,-0.08560679,-0.40376708,-0.08652728
9.6800,0.13366871,-0.08645936,-0.40497238,-0.08398653
9.6900,0.12961311,-0.08728649,-0.40614171,-0.08143832
9.7000,0.12554600,-0.08808811,-0.40727496,-0.07888288
9.7100,0.12146773,-0.08886413,-0.40837204,-0.07632043
9.7200,0.11737868,-0.08961449,-0.40943284,-0.07375120
9.7300,0.11327920,-0.09033913,-0.41045728,-0.07117542
9.7400,0.10916965,-0.09103798,-0.41144525,-0.06859332
9.7500,0.10505041,-0.09171098,-0.41239668,-0.06600512
9.7600,0.10092184,-0.09235806,-0.41331147,-0.06341106
9.7700,0.09678431,-0.09297918,-0.41418956,-0.06081137
9.7800,0.09263817,-0.09357427,-0.41503085,-0.05820628
9.7900,0.08848381,-0.09414329,-0.41583528,-0.05559602
9.8000,0.08432159,-0.09468618,-0.41660277,-0.05298082
9.8100,0.08015188,-0.09520289,-0.41733325,-0.05036091
9.8200,0.07597505,-0.09569338,-0.41802667,-0.04773653
9.8300,0.07179147,-0.09615760,-0.41868295,-0.04510791
9.8400,0.06760152,-0.09659552,-0.41930204,-0.04247528
9.8500,0.06340555,-0.09700710,-0.41988389,-0.03983888
9.8600,0.05920396,-0.09739229,-0.42042844,-0.03719895
9.8700,0.05499711,-0.09775107,-0.42093565,-0.03455570
9.8800,0.05078537,-0.09808339,-0.42140547,-0.03190939
9.8900,0.04656913,-0.09838924,-0.42183786,-0.02926024
9.9000,0.04234874,-0.09866859,-0.42223277,-0.02660850
9.9100,0.03812459,-0.09892141,-0.42259018,-0.02395439
9.9200,0.03389706,-0.09914767,-0.42291006,-0.02129815
9.9300,0.02966652,-0.09934736,-0.42319236,-0.01864002
9.9400,0.02543334,-0.09952047,-0.42343708,-0.01598024
9.9500,0.02119790,-0.09966696,-0.42364419,-0.01331904
9.9600,0.01696058,-0.09978684,-0.42381366,-0.01065665
9.9700,0.01272176,-0.09988009,-0.42394549,-0.00799331
9.9800,0.00848180,-0.09994671,-0.42403967,-0.00532927
9.9900,0.00424109,-0.09998668,-0.42409617,-0.00266475
10.0000,0.00000000,-0.10000000,-0.42411501,-0.00000000
10.0100,-0.00424109,-0.09998668,-0.42409617,0.00266475
10.0200,-0.00848180,-0.09994671,-0.42403967,0.00532927
10.0300,-0.01272176,-0.09988009,-0.42394549,0.00799331
10.0400,-0.01696058,-0.09978684,-0.42381366,0.01065665
10.0500,-0.02119790,-0.09966696,-0.42364419,0.01331904
10.0600,-0.02543334,-0.09952047,-0.42343708,0.01598024
10.0700,-0.02966652,-0.09934736,-0.42319236,0.01864002
10.0800,-0.03389706,-0.09914767,-0.42291006,0.02129815
10.0900,-0.03812459,-0.09892141,-0.42259018,0.02395439
10.1000,-0.04234874,-0.09866859,-0.42223277,0.02660850
10.1100,-0.04656913,-0.09838924,-0.42183786,0.02926024
10.1200,-0.05078537,-0.09808339,-0.42140547,0.03190939
10.1300,-0.05499711,-0.09775107,-0.42093565,0.03455570
10.1400,-0.05920396,-0.09739229,-0.42042844,0.03719895
10.1500,-0.06340555,-0.09700710,-0.41988389,0.03983888
10.1600,-0.06760152,-0.09659552,-0.41930204,0.04247528
10.1700,-0.07179147,-0.09615760,-0.41868295,0.04510791
10.1800,-0.07597505,-0.09569338,-0.41802667,0.04773653
10.1900,-0.08015188,-0.09520289,-0.41733325,0.05036091
10.2000,-0.08432159,-0.09468618,-0.41660277,0.05298082
10.2100,-0.08848381,-0.09414329,-0.41583528,0.05559602
10.2200,-0.09263817,-0.09357427,-0.41503085,0.05820628
10.2300,-0.09678431,-0.09297918,-0.41418956,0.06081137
10.2400,-0.10092184,-0.09235806,-0.41331147,0.06341106
10.2500,-0.10505041,-0.09171098,-0.41239668,0.06600512
10.2600,-0.10916965,-0.09103798,-0.41144525,0.06859332
10.2700,-0.11327920,-0.09033913,-0.41045728,0.07117542
10.2800,-0.11737868,-0.08961449,-0.40943284,0.07375120
10.2900,-0.12146773,-0.08886413,-0.40837204,0.07632043
10.3000,-0.12554600,-0.08808811,-0.40727496,0.07888288
10.3100,-0.12961311,-0.08728649,-0.40614171,0.08143832
10.3200,-0.13366871,-0.08645936,-0.40497238,0.08398653
10.3300,-0.13771244,-0.08560679,-0.40376708,0.08652728
10.3400,-0.14174393,-0.08472884,-0.40252592,0.08906034
10.3500,-0.14576284,-0.08382561,-0.40124900,0.09158549
10.3600,-0.14976880,-0.08289716,-0.39993644,0.09410251
10.3700,-0.15376145,-0.08194359,-0.39858835,0.09661117
10.3800,-0.15774044,-0.08096497,-0.39720486,0.09911124
10.3900,-0.16170543,-0.07996139,-0.39578609,0.10160252
10.4000,-0.16565605,-0.07893295,-0.39433216,0.10408477
10.4100,-0.16959195,-0.07787973,-0.39284321,0.10655777
10.4200,-0.17351280,-0.07680182,-0.39131936,0.10902131
10.4300,-0.17741823,-0.07569933,-0.38976075,0.11147516
10.4400,-0.18130790,-0.07457235,-0.38816752,0.11391911
10.4500,-0.18518146,-0.07342098,-0.38653981,0.11635294
10.4600,-0.18903858,-0.07224533,-0.38487776,0.11877644
10.4700,-0.19287890,-0.07104549,-0.38318153,0.12118939
10.4800,-0.19670209,-0.06982158,-0.38145127,0.12359157
10.4900,-0.20050782,-0.06857369,-0.37968712,0.12598278
10.5000,-0.20429572,-0.06730196,-0.37788924,0.12836279
10.5100,-0.20806549,-0.06600648,-0.37605780,0.13073140
10.5200,-0.21181677,-0.06468737,-0.37419295,0.13308840
10.5300,-0.21554924,-0.06334475,-0.37229487,0.13543358
10.5400,-0.21926256,-0.06197874,-0.37036371,0.13776673
10.5500,-0.22295640,-0.06058945,-0.36839966,0.14008764
10.5600,-0.22663044,-0.05917703,-0.36640289,0.14239611
10.5700,-0.23028435,-0.05774157,-0.36437357,0.14469192
10.5800,-0.23391780,-0.05628323,-0.36231188,0.14697489
10.5900,-0.23753048,-0.05480212,-0.36021801,0.14924480
10.6000,-0.24112206,-0.05329838,-0.35809215,0.15150146
10.6100,-0.24469222,-0.05177214,-0.35593447,0.15374465
10.6200,-0.24824064,-0.05022353,-0.35374518,0.15597420
10.6300,-0.25176702,-0.04865270,-0.35152447,0.15818988
10.6400,-0.25527103,-0.04705978,-0.34927253,0.16039152
10.6500,-0.25875236,-0.04544492,-0.34698957,0.16257890
10.6600,-0.26221072,-0.04380825,-0.34467579,0.16475185
10.6700,-0.26564578,-0.04214993,-0.34233139,0.16691016
10.6800,-0.26905724,-0.04047010,-0.33995659,0.16905365
10.6900,-0.27244481,-0.03876890,-0.33755159,0.17118212
10.7000,-0.27580817,-0.03704650,-0.33511660,0.17329539
10.7100,-0.27914704,-0.03530305,-0.33265185,0.17539326
10.7200,-0.28246111,-0.03353869,-0.33015755,0.17747555
10.7300,-0.28575009,-0.03175359,-0.32763392,0.17954208
10.7400,-0.28901369,-0.02994790,-0.32508119,0.18159266
10.7500,-0.29225162,-0.02812179,-0.32249958,0.18362711
10.7600,-0.29546359,-0.02627541,-0.31988933,0.18564525
10.7700,-0.29864931,-0.02440894,-0.31725066,0.18764690
10.7800,-0.30180851,-0.02252253,-0.31458382,0.18963188
10.7900,-0.30494090,-0.02061636,-0.31188903,0.19160002
10.8000,-0.30804620,-0.01869059,-0.30916654,0.19355113
10.8100,-0.31112414,-0.01674539,-0.30641658,0.19548506
10.8200,-0.31417444,-0.01478094,-0.30363941,0.19740162
10.8300,-0.31719683,-0.01279742,-0.30083526,0.19930065
10.8400,-0.32019105,-0.01079499,-0.29800440,0.20118197
10.8500,-0.32315683,-0.00877384,-0.29514706,0.20304543
10.8600,-0.32609391,-0.00673414,-0.29226351,0.20489085
10.8700,-0.32900202,-0.00467608,-0.28935400,0.20671806
10.8800,-0.33188090,-0.00259984,-0.28641878,0.20852692
10.8900,-0.33473031,-0.00050561,-0.28345812,0.21031726
10.9000,-0.33754998,0.00160644,-0.28047229,0.21208891
10.9100,-0.34033967,0.00373611,-0.27746154,0.21384172
10.9200,-0.34309913,0.00588321,-0.27442614,0.21557554
10.9300,-0.34582811,0.00804756,-0.27136637,0.21729021
10.9400,-0.34852638,0.01022895,-0.26828250,0.21898558
10.9500,-0.35119368,0.01242720,-0.26517479,0.22066150
10.9600,-0.35382979,0.01464212,-0.26204353,0.22231782
10.9700,-0.35643448,0.01687349,-0.25888900,0.22395439
10.9800,-0.35900750,0.01912114,-0.25571147,0.22557106
10.9900,-0.36154863,0.02138485,-0.25251122,0.22716770
11.0000,-0.36405765,0.02366442,-0.24928855,0.22874417
11.0100,-0.36653433,0.02595966,-0.24604373,0.23030031
11.0200,-0.36897845,0.02827036,-0.24277706,0.23183600
11.0300,-0.37138980,0.03059631,-0.23948882,0.23335109
11.0400,-0.37376815,0.03293732,-0.23617931,0.23484546
11.0500,-0.37611331,0.03529315,-0.23284882,0.23631896
11.0600,-0.37842506,0.03766362,-0.22949764,0.23777148
11.0700,-0.38070320,0.04004851,-0.22612609,0.23920287
11.0800,-0.38294752,0.04244761,-0.22273444,0.24061302
11.0900,-0.38515782,0.04486070,-0.21932301,0.24200180
11.1000,-0.38733391,0.04728758,-0.21589210,0.24336907
11.1100,-0.38947560,0.04972801,-0.21244202,0.24471474
11.1200,-0.39158269,0.05218180,-0.20897306,0.24603866
11.1300,-0.39365500,0.05464871,-0.20548554,0.24734073
11.1400,-0.39569234,0.05712854,-0.20197977,0.24862083
11.1500,-0.39769453,0.05962106,-0.19845606,0.24987884
11.1600,-0.39966140,0.06212604,-0.19491472,0.25111466
11.1700,-0.40159277,0.06464327,-0.19135606,0.25232818
11.1800,-0.40348847,0.06717253,-0.18778041,0.25351928
11.1900,-0.40534832,0.06971359,-0.18418808,0.25468786
11.2000,-0.40717217,0.07226621,-0.18057939,0.25583382
11.2100,-0.40895986,0.07483019,-0.17695466,0.25695706
11.2200,-0.41071121,0.07740528,-0.17331421,0.25805747
11.2300,-0.41242609,0.07999126,-0.16965836,0.25913495
11.2400,-0.41410433,0.08258790,-0.16598745,0.26018943
11.2500,-0.41574579,0.08519497,-0.16230179,0.26122078
11.2600,-0.41735032,0.08781224,-0.15860171,0.26222894
11.2700,-0.41891778,0.09043947,-0.15488755,0.26321380
11.2800,-0.42044802,0.09307644,-0.15115963,0.26417528
11.2900,-0.42194092,0.09572290,-0.14741828,0.26511330
11.3000,-0.42339635,0.09837862,-0.14366384,0.26602777
11.3100,-0.42481416,0.10104338,-0.13989663,0.26691861
11.3200,-0.42619424,0.10371692,-0.13611700,0.26778574
11.3300,-0.42753646,0.10639901,-0.13232528,0.26862908
11.3400,-0.42884070,0.10908942,-0.12852181,0.26944856
11.3500,-0.43010686,0.11178790,-0.12470691,0.27024411
11.3600,-0.43133481,0.11449422,-0.12088095,0.27101565
11.3700,-0.43252444,0.11720814,-0.11704424,0.27176312
11.3800,-0.43367566,0.11992940,-0.11319714,0.27248645
11.3900,-0.43478835,0.12265778,-0.10933998,0.27318558
11.4000,-0.43586242,0.12539303,-0.10547311,0.27386044
11.4100,-0.43689778,0.12813491,-0.10159688,0.27451097
11.4200,-0.43789433,0.13088317,-0.09771161,0.27513712
11.4300,-0.43885198,0.13363757,-0.09381767,0.27573883
11.4400,-0.43977066,0.13639787,-0.08991540,0.27631605
11.4500,-0.44065026,0.13916381,-0.08600514,0.27686873
11.4600,-0.44149073,0.14193516,-0.08208723,0.27739681
11.4700,-0.44229199,0.14471167,-0.07816204,0.27790025
11.4800,-0.44305395,0.14749308,-0.07422991,0.27837901
11.4900,-0.44377656,0.15027916,-0.07029118,0.27883304
11.5000,-0.44445975,0.15306966,-0.06634620,0.27926230
11.5100,-0.44510347,0.15586433,-0.06239534,0.27966676
11.5200,-0.44570764,0.15866291,-0.05843893,0.28004637
11.5300,-0.44627223,0.16146517,-0.05447733,0.28040111
11.5400,-0.44679717,0.16427085,-0.05051089,0.28073094
11.5500,-0.44728243,0.16707971,-0.04653997,0.28103584
11.5600,-0.44772796,0.16989149,-0.04256491,0.28131577
11.5700,-0.44813372,0.17270594,-0.03858607,0.28157072
11.5800,-0.44849967,0.17552282,-0.03460380,0.28180065
11.5900,-0.44882578,0.17834187,-0.03061846,0.28200556
11.6000,-0.44911203,0.18116284,-0.02663040,0.28218541
11.6100,-0.44935838,0.18398549,-0.02263998,0.28234020
11.6200,-0.44956482,0.18680956,-0.01864754,0.28246991
11.6300,-0.44973133,0.18963481,-0.01465345,0.28257453
11.6400,-0.44985789,0.19246097,-0.01065805,0.28265405
11.6500,-0.44994448,0.19528780,-0.00666171,0.28270846
11.6600,-0.44999112,0.19811506,-0.00266478,0.28273776
11.6700,-0.44999778,0.20094248,0.00133239,0.28274194
11.6800,-0.44996447,0.20376981,0.00532945,0.28272101
11.6900,-0.44989119,0.20659681,0.00932602,0.28267497
11.7000,-0.44977795,0.20942323,0.01332177,0.28260382
11.7100,-0.44962476,0.21224881,0.01731634,0.28250757
11.7200,-0.44943163,0.21507330,0.02130937,0.28238622
11.7300,-0.44919858,0.21789645,0.02530051,0.28223979
11.7400,-0.44892563,0.22071801,0.02928939,0.28206829
11.7500,-0.44861280,0.22353773,0.03327568,0.28187174
11.7600,-0.44826012,0.22635536,0.03725901,0.28165014
11.7700,-0.44786763,0.22917065,0.04123903,0.28140353
11.7800,-0.44743536,0.23198335,0.04521539,0.28113193
11.7900,-0.44696334,0.23479320,0.04918773,0.28083535
11.8000,-0.44645162,0.23759997,0.05315571,0.28051382
11.8100,-0.44590024,0.24040340,0.05711896,0.28016738
11.8200,-0.44530925,0.24320323,0.06107713,0.27979606
11.8300,-0.44467871,0.24599924,0.06502989,0.27939988
11.8400,-0.44400867,0.24879115,0.06897686,0.27897888
11.8500,-0.44329920,0.25157873,0.07291771,0.27853310
11.8600,-0.44255034,0.25436173,0.07685208,0.27806258
11.8700,-0.44176218,0.25713990,0.08077963,0.27756736
11.8800,-0.44093477,0.25991299,0.08470000,0.27704749
11.8900,-0.44006820,0.26268077,0.08861285,0.27650301
11.9000,-0.43916254,0.26544297,0.09251782,0.27593396
11.9100,-0.43821787,0.26819936,0.09641458,0.27534041
11.9200,-0.43723428,0.27094970,0.10030277,0.27472240
11.9300,-0.43621185,0.27369373,0.10418206,0.27407999
11.9400,-0.43515067,0.27643122,0.10805209,0.27341323
11.9500,-0.43405084,0.27916191,0.11191252,0.27272218
11.9600,-0.43291245,0.28188558,0.11576301,0.27200692
11.9700,-0.43173561,0.28460197,0.11960322,0.27126749
11.9800,-0.43052042,0.28731085,0.12343281,0.27050396
11.9900,-0.42926699,0.29001197,0.12725143,0.26971641
12.0000,-0.42797543,0.29270510,0.13105875,0.26890489
12.0100,-0.42664586,0.29538999,0.13485442,0.26806950
12.0200,-0.42527838,0.29806641,0.13863812,0.26721029
12.0300,-0.42387314,0.30073412,0.14240950,0.26632735
12.0400,-0.42243024,0.30339288,0.14616824,0.26542075
12.0500,-0.42094981,0.30604245,0.14991399,0.26449057
12.0600,-0.41943200,0.30868261,0.15364642,0.26353690
12.0700,-0.41787693,0.31131311,0.15736521,0.26255982
12.0800,-0.41628474,0.31393373,0.16107001,0.26155942
12.0900,-0.41465558,0.31654422,0.16476052,0.26053578
12.1000,-0.41298958,0.31914437,0.16843638,0.25948901
12.1100,-0.41128690,0.32173393,0.17209729,0.25841918
12.1200,-0.40954769,0.32431267,0.17574290,0.25732640
12.1300,-0.40777209,0.32688038,0.17937291,0.25621076
12.1400,-0.40596028,0.32943681,0.18298698,0.25507237
12.1500,-0.40411241,0.33198175,0.18658480,0.25391132
12.1600,-0.40222864,0.33451496,0.19016605,0.25272771
12.1700,-0.40030914,0.33703623,0.19373041,0.25152165
12.1800,-0.39835409,0.33954532,0.19727755,0.25029326
12.1900,-0.39636365,0.34204202,0.20080718,0.24904263
12.2000,-0.39433801,0.34452610,0.20431896,0.24776988
12.2100,-0.39227733,0.34699735,0.20781260,0.24647512
12.2200,-0.39018182,0.34945553,0.21128778,0.24515847
12.2300,-0.38805164,0.35190044,0.21474419,0.24382004
12.2400,-0.38588700,0.35433186,0.21818153,0.24245995
12.2500,-0.38368807,0.35674957,0.22159948,0.24107833
12.2600,-0.38145507,0.35915336,0.22499776,0.23967529
12.2700,-0.37918819,0.36154300,0.22837604,0.23825096
12.2800,-0.37688762,0.36391830,0.23173404,0.23680547
12.2900,-0.37455357,0.36627904,0.23507146,0.23533895
12.3000,-0.37218626,0.36862501,0.23838800,0.23385152
12.3100,-0.36978588,0.37095600,0.24168336,0.23234332
12.3200,-0.36735266,0.37327181,0.24495725,0.23081449
12.3300,-0.36488681,0.37557223,0.24820939,0.22926515
12.3400,-0.36238855,0.37785705,0.25143948,0.22769544
12.3500,-0.35985810,0.38012607,0.25464723,0.22610551
12.3600,-0.35729568,0.38237909,0.25783236,0.22449550
12.3700,-0.35470153,0.38461591,0.26099460,0.22286554
12.3800,-0.35207586,0.38683633,0.26413364,0.22121579
12.3900,-0.34941893,0.38904016,0.26724923,0.21954639
12.4000,-0.34673096,0.39122720,0.27034108,0.21785749
12.4100,-0.34401219,0.39339725,0.27340892,0.21614923
12.4200,-0.34126286,0.39555012,0.27645247,0.21442178
12.4300,-0.33848322,0.39768562,0.27947146,0.21267528
12.4400,-0.33567352,0.39980356,0.28246563,0.21090989
12.4500,-0.33283399,0.40190375,0.28543471,0.20912577
12.4600,-0.32996491,0.40398601,0.28837843,0.20732306
12.4700,-0.32706651,0.40605015,0.29129654,0.20550195
12.4800,-0.32413906,0.40809599,0.29418878,0.20366258
12.4900,-0.32118282,0.41012335,0.29705488,0.20180512
12.5000,-0.31819805,0.41213203,0.29989460,0.19992973
12.5100,-0.31518502,0.41412188,0.30270768,0.19803659
12.5200,-0.31214399,0.41609271,0.30549387,0.19612585
12.5300,-0.30907523,0.41804434,0.30825292,0.19419769
12.5400,-0.30597902,0.41997660,0.31098460,0.19225229
12.5500,-0.30285563,0.42188933,0.31368865,0.19028981
12.5600,-0.29970534,0.42378234,0.31636484,0.18831042
12.5700,-0.29652843,0.42565548,0.31901292,0.18631431
12.5800,-0.29332518,0.42750857,0.32163267,0.18430164
12.5900,-0.29009587,0.42934146,0.32422385,0.18227261
12.6000,-0.28684080,0.43115397,0.32678623,0.18022739
12.6100,-0.28356024,0.43294595,0.32931958,0.17816615
12.6200,-0.28025450,0.43471724,0.33182369,0.17608910
12.6300,-0.27692387,0.43646768,0.33429831,0.17399640
12.6400,-0.27356863,0.43819712,0.33674324,0.17188824
12.6500,-0.27018910,0.43990540,0.33915827,0.16976482
12.6600,-0.26678557,0.44159237,0.34154316,0.16762632
12.6700,-0.26335834,0.44325787,0.34389772,0.16547292
12.6800,-0.25990772,0.44490178,0.34622173,0.16330483
12.6900,-0.25643401,0.44652392,0.34851498,0.16112224
12.7000,-0.25293752,0.44812417,0.35077728,0.15892533
12.7100,-0.24941857,0.44970238,0.35300843,0.15671431
12.7200,-0.24587746,0.45125841,0.35520821,0.15448936
12.7300,-0.24231451,0.45279212,0.35737645,0.15225069
12.7400,-0.23873003,0.45430338,0.35951293,0.14999850
12.7500,-0.23512435,0.45579205,0.36161749,0.14773299
12.7600,-0.23149779,0.45725800,0.36368992,0.14545435
12.7700,-0.22785066,0.45870109,0.36573005,0.14316279
12.7800,-0.22418330,0.46012121,0.36773770,0.14085852
12.7900,-0.22049602,0.46151822,0.36971268,0.13854173
12.8000,-0.21678915,0.46289200,0.37165481,0.13621264
12.8100,-0.21306303,0.46424243,0.37356394,0.13387145
12.8200,-0.20931799,0.46556939,0.37543988,0.13151837
12.8300,-0.20555435,0.46687276,0.37728248,0.12915360
12.8400,-0.20177245,0.46815243,0.37909156,0.12677737
12.8500,-0.19797263,0.46940827,0.38086697,0.12438987
12.8600,-0.19415522,0.47064019,0.38260855,0.12199132
12.8700,-0.19032057,0.47184806,0.38431615,0.11958194
12.8800,-0.18646901,0.47303179,0.38598960,0.11716194
12.8900,-0.18260089,0.47419127,0.38762877,0.11473152
12.9000,-0.17871655,0.47532639,0.38923351,0.11229092
12.9100,-0.17481634,0.47643705,0.39080368,0.10984034
12.9200,-0.17090059,0.47752316,0.39233913,0.10738001
12.9300,-0.16696967,0.47858462,0.39383973,0.10491014
12.9400,-0.16302392,0.47962133,0.39530535,0.10243095
12.9500,-0.15906368,0.48063321,0.39673585,0.09994266
12.9600,-0.15508932,0.48162016,0.39813112,0.09744549
12.9700,-0.15110118,0.48258209,0.39949102,0.09493967
12.9800,-0.14709961,0.48351892,0.40081543,0.09242541
12.9900,-0.14308499,0.48443057,0.40210425,0.08990295
13.0000,-0.13905765,0.48531695,0.40335734,0.08737250
13.0100,-0.13501796,0.48617800,0.40457461,0.08483428
13.0200,-0.13096628,0.48701362,0.40575594,0.08228854
13.0300,-0.12690296,0.48782374,0.40690123,0.07973548
13.0400,-0.12282837,0.48860830,0.40801037,0.07717534
13.0500,-0.11874287,0.48936723,0.40908328,0.07460835
13.0600,-0.11464683,0.49010045,0.41011984,0.07203473
13.0700,-0.11054060,0.49080790,0.41111998,0.06945471
13.0800,-0.10642455,0.49148952,0.41208360,0.06686852
13.0900,-0.10229905,0.49214525,0.41301062,0.06427639
13.1000,-0.09816446,0.49277503,0.41390095,0.06167855
13.1100,-0.09402115,0.49337880,0.41475451,0.05907523
13.1200,-0.08986949,0.49395652,0.41557123,0.05646667
13.1300,-0.08570985,0.49450812,0.41635104,0.05385309
13.1400,-0.08154259,0.49503356,0.41709387,0.05123472
13.1500,-0.07736810,0.49553280,0.41779965,0.04861181
13.1600,-0.07318672,0.49600578,0.41846832,0.04598458
13.1700,-0.06899885,0.49645248,0.41909981,0.04335326
13.1800,-0.06480485,0.49687284,0.41969408,0.04071809
13.1900,-0.06060510,0.49726683,0.42025107,0.03807930
13.2000,-0.05639996,0.49763441,0.42077073,0.03543714
13.2100,-0.05218981,0.49797556,0.42125302,0.03279182
13.2200,-0.04797502,0.49829024,0.42169789,0.03014359
13.2300,-0.04375597,0.49857842,0.42210530,0.02749269
13.2400,-0.03953304,0.49884008,0.42247521,0.02483934
13.2500,-0.03530659,0.49907520,0.42280760,0.02218379
13.2600,-0.03107701,0.49928375,0.42310244,0.01952626
13.2700,-0.02684467,0.49946572,0.42335969,0.01686700
13.2800,-0.02260994,0.49962109,0.42357933,0.01420625
13.2900,-0.01837321,0.49974984,0.42376135,0.01154423
13.3000,-0.01413484,0.49985197,0.42390573,0.00888118
13.3100,-0.00989522,0.49992746,0.42401246,0.00621735
13.3200,-0.00565472,0.49997631,0.42408152,0.00355296
13.3300,-0.00141371,0.49999852,0.42411292,0.00088826
13.3400,0.00282741,0.49999408,0.42410664,-0.00177652
13.3500,0.00706829,0.49996299,0.42406269,-0.00444114
13.3600,0.01130854,0.49990526,0.42398107,-0.00710537
13.3700,0.01554779,0.49982088,0.42386179,-0.00976896
13.3800,0.01978565,0.49970988,0.42370486,-0.01243169
13.3900,0.02402176,0.49957225,0.42351030,-0.01509332
13.4000,0.02825573,0.49940802,0.42327811,-0.01775360
13.4100,0.03248720,0.49921719,0.42300833,-0.02041231
13.4200,0.03671578,0.49899978,0.42270098,-0.02306920
13.4300,0.04094109,0.49875581,0.42235608,-0.02572405
13.4400,0.04516277,0.49848531,0.42197366,-0.02837661
13.4500,0.04938044,0.49818829,0.42155376,-0.03102665
13.4600,0.05359372,0.49786478,0.42109641,-0.03367393
13.4700,0.05780224,0.49751482,0.42060167,-0.03631822
13.4800,0.06200563,0.49713843,0.42006956,-0.03895929
13.4900,0.06620351,0.49673564,0.41950013,-0.04159689
13.5000,0.07039551,0.49630650,0.41889345,-0.04423080
13.5100,0.07458126,0.49585104,0.41824956,-0.04686078
13.5200,0.07876038,0.49536930,0.41756851,-0.04948660
13.5300,0.08293250,0.49486132,0.41685038,-0.05210803
13.5400,0.08709726,0.49432716,0.41609521,-0.05472482
13.5500,0.09125428,0.49376684,0.41530309,-0.05733676
13.5600,0.09540320,0.49318044,0.41447408,-0.05994360
13.5700,0.09954364,0.49256799,0.41360825,-0.06254511
13.5800,0.10367524,0.49192955,0.41270568,-0.06514108
13.5900,0.10779763,0.49126519,0.41176646,-0.06773125
13.6000,0.11191045,0.49057495,0.41079066,-0.07031541
13.6100,0.11601332,0.48985890,0.40977836,-0.07289332
13.6200,0.12010590,0.48911710,0.40872968,-0.07546476
13.6300,0.12418780,0.48834963,0.40764468,-0.07802949
13.6400,0.12825867,0.48755654,0.40652348,-0.08058730
13.6500,0.13231815,0.48673790,0.40536616,-0.08313794
13.6600,0.13636587,0.48589380,0.40417284,-0.08568120
13.6700,0.14040148,0.48502431,0.40294362,-0.08821685
13.6800,0.14442462,0.48412949,0.40167861,-0.09074467
13.6900,0.14843494,0.48320944,0.40037791,-0.09326442
13.7000,0.15243206,0.48226423,0.39904166,-0.09577589
13.7100,0.15641565,0.48129395,0.39766995,-0.09827885
13.7200,0.16038535,0.48029868,0.39626293,-0.10077308
13.7300,0.16434079,0.47927852,0.39482070,-0.10325837
13.7400,0.16828164,0.47823355,0.39334341,-0.10573447
13.7500,0.17220754,0.47716386,0.39183118,-0.10820119
13.7600,0.17611815,0.47606955,0.39028414,-0.11065830
13.7700,0.18001311,0.47495073,0.38870243,-0.11310557
13.7800,0.18389208,0.47380748,0.38708620,-0.11554280
13.7900,0.18775472,0.47263990,0.38543558,-0.11796977
13.8000,0.19160068,0.47144812,0.38375073,-0.12038626
13.8100,0.19542962,0.47023222,0.38203179,-0.12279205
13.8200,0.19924120,0.46899231,0.38027892,-0.12518694
13.8300,0.20303509,0.46772851,0.37849227,-0.12757071
13.8400,0.20681094,0.46644093,0.37667200,-0.12994314
13.8500,0.21056842,0.46512969,0.37481827,-0.13230404
13.8600,0.21430719,0.46379489,0.37293124,-0.13465318
13.8700,0.21802693,0.46243667,0.37101109,-0.13699036
13.8800,0.22172730,0.46105513,0.36905799,-0.13931537
13.8900,0.22540798,0.45965040,0.36707210,-0.14162801
13.9000,0.22906864,0.45822261,0.36505361,-0.14392807
13.9100,0.23270895,0.45677188,0.36300269,-0.14621534
13.9200,0.23632858,0.45529834,0.36091953,-0.14848963
13.9300,0.23992723,0.45380213,0.35880431,-0.15075072
13.9400,0.24350456,0.45228337,0.35665722,-0.15299843
13.9500,0.24706027,0.45074221,0.35447845,-0.15523254
13.9600,0.25059403,0.44917877,0.35226819,-0.15745287
13.9700,0.25410553,0.44759320,0.35002664,-0.15965921
13.9800,0.25759446,0.44598563,0.34775400,-0.16185137
13.9900,0.26106050,0.44435622,0.34545046,-0.16402915
14.0000,0.26450336,0.44270510,0.34311625,-0.16619236
14.0100,0.26792273,0.44103242,0.34075156,-0.16834081
14.0200,0.27131829,0.43933833,0.33835660,-0.17047431
14.0300,0.27468976,0.43762298,0.33593158,-0.17259267
14.0400,0.27803683,0.43588653,0.33347672,-0.17469569
14.0500,0.28135920,0.43412912,0.33099225,-0.17678320
14.0600,0.28465657,0.43235092,0.32847837,-0.17885500
14.0700,0.28792867,0.43055208,0.32593532,-0.18091092
14.0800,0.29117518,0.42873275,0.32336331,-0.18295076
14.0900,0.29439584,0.42689311,0.32076258,-0.18497436
14.1000,0.29759034,0.42503332,0.31813336,-0.18698152
14.1100,0.30075841,0.42315354,0.31547588,-0.18897208
14.1200,0.30389976,0.42125394,0.31279038,-0.19094585
14.1300,0.30701412,0.41933468,0.31007710,-0.19290266
14.1400,0.31010121,0.41739594,0.30733627,-0.19484234
14.1500,0.31316076,0.41543789,0.30456814,-0.19676471
14.1600,0.31619249,0.41346070,0.30177296,-0.19866960
14.1700,0.31919613,0.41146456,0.29895097,-0.20055684
14.1800,0.32217142,0.40944963,0.29610243,-0.20242627
14.1900,0.32511809,0.40741609,0.29322759,-0.20427772
14.2000,0.32803588,0.40536413,0.29032670,-0.20611102
14.2100,0.33092454,0.40329393,0.28740002,-0.20792602
14.2200,0.33378380,0.40120567,0.28444782,-0.20972255
14.2300,0.33661341,0.39909954,0.28147035,-0.21150044
14.2400,0.33941312,0.39697573,0.27846787,-0.21325955
14.2500,0.34218268,0.39483441,0.27544066,-0.21499972
14.2600,0.34492185,0.39267580,0.27238899,-0.21672079
14.2700,0.34763038,0.39050006,0.26931312,-0.21842261
14.2800,0.35030804,0.38830741,0.26621333,-0.22010503
14.2900,0.35295457,0.38609803,0.26308989,-0.22176790
14.3000,0.35556976,0.38387212,0.25994308,-0.22341107
14.3100,0.35815336,0.38162987,0.25677318,-0.22503439
14.3200,0.36070514,0.37937149,0.25358048,-0.22663773
14.3300,0.36322489,0.37709718,0.25036525,-0.22822093
14.3400,0.36571237,0.37480714,0.24712778,-0.22978386
14.3500,0.36816737,0.37250158,0.24386836,-0.23132638
14.3600,0.37058967,0.37018068,0.24058728,-0.23284836
14.3700,0.37297905,0.36784468,0.23728482,-0.23434965
14.3800,0.37533530,0.36549376,0.23396129,-0.23583012
14.3900,0.37765820,0.36312814,0.23061698,-0.23728965
14.4000,0.37994757,0.36074804,0.22725219,-0.23872810
14.4100,0.38220318,0.35835365,0.22386720,-0.24014534
14.4200,0.38442484,0.35594520,0.22046234,-0.24154125
14.4300,0.38661236,0.35352290,0.21703789,-0.24291571
14.4400,0.38876554,0.35108696,0.21359416,-0.24426859
14.4500,0.39088418,0.34863760,0.21013146,-0.24559977
14.4600,0.39296810,0.34617504,0.20665009,-0.24690914
14.4700,0.39501712,0.34369949,0.20315037,-0.24819658
14.4800,0.39703105,0.34121118,0.19963260,-0.24946197
14.4900,0.39900972,0.33871033,0.19609710,-0.25070520
14.5000,0.40095294,0.33619715,0.19254418,-0.25192616
14.5100,0.40286054,0.33367188,0.18897416,-0.25312474
14.5200,0.40473236,0.33113473,0.18538736,-0.25430084
14.5300,0.40656823,0.32858594,0.18178408,-0.25545436
14.5400,0.40836799,0.32602572,0.17816466,-0.25658518
14.5500,0.41013147,0.32345431,0.17452942,-0.25769321
14.5600,0.41185853,0.32087193,0.17087867,-0.25877834
14.5700,0.41354900,0.31827882,0.16721274,-0.25984050
14.5800,0.41520273,0.31567520,0.16353196,-0.26087957
14.5900,0.41681959,0.31306130,0.15983665,-0.26189547
14.6000,0.41839942,0.31043737,0.15612715,-0.26288811
14.6100,0.41994208,0.30780362,0.15240378,-0.26385739
14.6200,0.42144745,0.30516030,0.14866687,-0.26480324
14.6300,0.42291538,0.30250763,0.14491675,-0.26572557
14.6400,0.42434574,0.29984586,0.14115376,-0.26662429
14.6500,0.42573841,0.29717523,0.13737824,-0.26749933
14.6600,0.42709327,0.29449596,0.13359051,-0.26835061
14.6700,0.42841018,0.29180829,0.12979092,-0.26917806
14.6800,0.42968905,0.28911247,0.12597979,-0.26998159
14.6900,0.43092974,0.28640874,0.12215748,-0.27076114
14.7000,0.43213216,0.28369733,0.11832432,-0.27151664
14.7100,0.43329619,0.28097849,0.11448064,-0.27224803
14.7200,0.43442174,0.27825245,0.11062680,-0.27295523
14.7300,0.43550870,0.27551946,0.10676313,-0.27363818
14.7400,0.43655697,0.27277977,0.10288997,-0.27429683
14.7500,0.43756646,0.27003361,0.09900768,-0.27493112
14.7600,0.43853709,0.26728123,0.09511660,-0.27554098
14.7700,0.43946877,0.26452287,0.09121706,-0.27612637
14.7800,0.44036141,0.26175878,0.08730942,-0.27668723
14.7900,0.44121493,0.25898921,0.08339403,-0.27722352
14.8000,0.44202926,0.25621439,0.07947123,-0.27773518
14.8100,0.44280433,0.25343459,0.07554137,-0.27822217
14.8200,0.44354007,0.25065003,0.07160480,-0.27868444
14.8300,0.44423641,0.24786098,0.06766187,-0.27912197
14.8400,0.44489329,0.24506768,0.06371293,-0.27953470
14.8500,0.44551065,0.24227037,0.05975833,-0.27992259
14.8600,0.44608843,0.23946931,0.05579842,-0.28028563
14.8700,0.44662660,0.23666474,0.05183355,-0.28062377
14.8800,0.44712509,0.23385692,0.04786409,-0.28093698
14.8900,0.44758387,0.23104608,0.04389037,-0.28122524
14.9000,0.44800288,0.22823249,0.03991275,-0.28148851
14.9100,0.44838211,0.22541640,0.03593158,-0.28172679
14.9200,0.44872151,0.22259804,0.03194723,-0.28194004
14.9300,0.44902104,0.21977768,0.02796004,-0.28212824
14.9400,0.44928070,0.21695556,0.02397036,-0.28229139
14.9500,0.44950044,0.21413194,0.01997855,-0.28242946
14.9600,0.44968026,0.21130705,0.01598497,-0.28254244
14.9700,0.44982014,0.20848117,0.01198997,-0.28263033
14.9800,0.44992006,0.20565453,0.00799391,-0.28269311
14.9900,0.44998001,0.20282739,0.00399713,-0.28273078
15.0000,0.45000000,0.20000000,0.00000000,-0.28274334
15.0100,0.44998001,0.19717261,-0.00399713,-0.28273078
15.0200,0.44992006,0.19434547,-0.00799391,-0.28269311
15.0300,0.44982014,0.19151883,-0.01198997,-0.28263033
15.0400,0.44968026,0.18869295,-0.01598497,-0.28254244
15.0500,0.44950044,0.18586806,-0.01997855,-0.28242946
15.0600,0.44928070,0.18304444,-0.02397036,-0.28229139
15.0700,0.44902104,0.18022232,-0.02796004,-0.28212824
15.0800,0.44872151,0.17740196,-0.03194723,-0.28194004
15.0900,0.44838211,0.17458360,-0.03593158,-0.28172679
15.1000,0.44800288,0.17176751,-0.03991275,-0.28148851
15.1100,0.44758387,0.16895392,-0.04389037,-0.28122524
15.1200,0.44712509,0.16614308,-0.04786409,-0.28093698
15.1300,0.44662660,0.16333526,-0.05183355,-0.28062377
15.1400,0.44608843,0.16053069,-0.05579842,-0.28028563
15.1500,0.44551065,0.15772963,-0.05975833,-0.27992259
15.1600,0.44489329,0.15493232,-0.06371293,-0.27953470
15.1700,0.44423641,0.15213902,-0.06766187,-0.27912197
15.1800,0.44354007,0.14934997,-0.07160480,-0.27868444
15.1900,0.44280433,0.14656541,-0.07554137,-0.27822217
15.2000,0.44202926,0.14378561,-0.07947123,-0.27773518
15.2100,0.44121493,0.14101079,-0.08339403,-0.27722352
15.2200,0.44036141,0.13824122,-0.08730942,-0.27668723
15.2300,0.43946877,0.13547713,-0.09121706,-0.27612637
15.2400,0.43853709,0.13271877,-0.09511660,-0.27554098
15.2500,0.43756646,0.12996639,-0.09900768,-0.27493112
15.2600,0.43655697,0.12722023,-0.10288997,-0.27429683
15.2700,0.43550870,0.12448054,-0.10676313,-0.27363818
15.2800,0.43442174,0.12174755,-0.11062680,-0.27295523
15.2900,0.43329619,0.11902151,-0.11448064,-0.27224803
15.3000,0.43213216,0.11630267,-0.11832432,-0.27151664
15.3100,0.43092974,0.11359126,-0.12215748,-0.27076114
15.3200,0.42968905,0.11088753,-0.12597979,-0.26998159
15.3300,0.42841018,0.10819171,-0.12979092,-0.26917806
15.3400,0.42709327,0.10550404,-0.13359051,-0.26835061
15.3500,0.42573841,0.10282477,-0.13737824,-0.26749933
15.3600,0.42434574,0.10015414,-0.14115376,-0.26662429
15.3700,0.42291538,0.09749237,-0.14491675,-0.26572557
15.3800,0.42144745,0.09483970,-0.14866687,-0.26480324
15.3900,0.41994208,0.09219638,-0.15240378,-0.26385739
15.4000,0.41839942,0.08956263,-0.15612715,-0.26288811
15.4100,0.41681959,0.08693870,-0.15983665,-0.26189547
15.4200,0.41520273,0.08432480,-0.16353196,-0.26087957
15.4300,0.41354900,0.08172118,-0.16721274,-0.25984050
15.4400,0.41185853,0.07912807,-0.17087867,-0.25877834
15.4500,0.41013147,0.07654569,-0.17452942,-0.25769321
15.4600,0.40836799,0.07397428,-0.17816466,-0.25658518
15.4700,0.40656823,0.07141406,-0.18178408,-0.25545436
15.4800,0.40473236,0.06886527,-0.18538736,-0.25430084
15.4900,0.40286054,0.06632812,-0.18897416,-0.25312474
15.5000,0.40095294,0.06380285,-0.19254418,-0.25192616
15.5100,0.39900972,0.06128967,-0.19609710,-0.25070520
15.5200,0.39703105,0.05878882,-0.19963260,-0.24946197
15.5300,0.39501712,0.05630051,-0.20315037,-0.24819658
15.5400,0.39296810,0.05382496,-0.20665009,-0.24690914
15.5500,0.39088418,0.05136240,-0.21013146,-0.24559977
15.5600,0.38876554,0.04891304,-0.21359416,-0.24426859
15.5700,0.38661236,0.04647710,-0.21703789,-0.24291571
15.5800,0.38442484,0.04405480,-0.22046234,-0.24154125
15.5900,0.38220318,0.04164635,-0.22386720,-0.24014534
15.6000,0.37994757,0.03925196,-0.22725219,-0.23872810
15.6100,0.37765820,0.03687186,-0.23061698,-0.23728965
15.6200,0.37533530,0.03450624,-0.23396129,-0.23583012
15.6300,0.37297905,0.03215532,-0.23728482,-0.23434965
15.6400,0.37058967,0.02981932,-0.24058728,-0.23284836
15.6500,0.36816737,0.02749842,-0.24386836,-0.23132638
15.6600,0.36571237,0.02519286,-0.24712778,-0.22978386
15.6700,0.36322489,0.02290282,-0.25036525,-0.22822093
15.6800,0.36070514,0.02062851,-0.25358048,-0.22663773
15.6900,0.35815336,0.01837013,-0.25677318,-0.22503439
15.7000,0.35556976,0.01612788,-0.25994308,-0.22341107
15.7100,0.35295457,0.01390197,-0.26308989,-0.22176790
15.7200,0.35030804,0.01169259,-0.26621333,-0.22010503
15.7300,0.34763038,0.00949994,-0.26931312,-0.21842261
15.7400,0.34492185,0.00732420,-0.27238899,-0.21672079
15.7500,0.34218268,0.00516559,-0.27544066,-0.21499972
15.7600,0.33941312,0.00302427,-0.27846787,-0.21325955
15.7700,0.33661341,0.00090046,-0.28147035,-0.21150044
15.7800,0.33378380,-0.00120567,-0.28444782,-0.20972255
15.7900,0.33092454,-0.00329393,-0.28740002,-0.20792602
15.8000,0.32803588,-0.00536413,-0.29032670,-0.20611102
15.8100,0.32511809,-0.00741609,-0.29322759,-0.20427772
15.8200,0.32217142,-0.00944963,-0.29610243,-0.20242627
15.8300,0.31919613,-0.01146456,-0.29895097,-0.20055684
15.8400,0.31619249,-0.01346070,-0.30177296,-0.19866960
15.8500,0.31316076,-0.01543789,-0.30456814,-0.19676471
15.8600,0.31010121,-0.01739594,-0.30733627,-0.19484234
15.8700,0.30701412,-0.01933468,-0.31007710,-0.19290266
15.8800,0.30389976,-0.02125394,-0.31279038,-0.19094585
15.8900,0.30075841,-0.02315354,-0.31547588,-0.18897208
15.9000,0.29759034,-0.02503332,-0.31813336,-0.18698152
15.9100,0.29439584,-0.02689311,-0.32076258,-0.18497436
15.9200,0.29117518,-0.02873275,-0.32336331,-0.18295076
15.9300,0.28792867,-0.03055208,-0.32593532,-0.18091092
15.9400,0.28465657,-0.03235092,-0.32847837,-0.17885500
15.9500,0.28135920,-0.03412912,-0.33099225,-0.17678320
15.9600,0.27803683,-0.03588653,-0.33347672,-0.17469569
15.9700,0.27468976,-0.03762298,-0.33593158,-0.17259267
15.9800,0.27131829,-0.03933833,-0.33835660,-0.17047431
15.9900,0.26792273,-0.04103242,-0.34075156,-0.16834081
16.0000,0.26450336,-0.04270510,-0.34311625,-0.16619236
16.0100,0.26106050,-0.04435622,-0.34545046,-0.16402915
16.0200,0.25759446,-0.04598563,-0.34775400,-0.16185137
16.0300,0.25410553,-0.04759320,-0.35002664,-0.15965921
16.0400,0.25059403,-0.04917877,-0.35226819,-0.15745287
16.0500,0.24706027,-0.05074221,-0.35447845,-0.15523254
16.0600,0.24350456,-0.05228337,-0.35665722,-0.15299843
16.0700,0.23992723,-0.05380213,-0.35880431,-0.15075072
16.0800,0.23632858,-0.05529834,-0.36091953,-0.14848963
16.0900,0.23270895,-0.05677188,-0.36300269,-0.14621534
16.1000,0.22906864,-0.05822261,-0.36505361,-0.14392807
16.1100,0.22540798,-0.05965040,-0.36707210,-0.14162801
16.1200,0.22172730,-0.06105513,-0.36905799,-0.13931537
16.1300,0.21802693,-0.06243667,-0.37101109,-0.13699036
16.1400,0.21430719,-0.06379489,-0.37293124,-0.13465318
16.1500,0.21056842,-0.06512969,-0.37481827,-0.13230404
16.1600,0.20681094,-0.06644093,-0.37667200,-0.12994314
16.1700,0.20303509,-0.06772851,-0.37849227,-0.12757071
16.1800,0.19924120,-0.06899231,-0.38027892,-0.12518694
16.1900,0.19542962,-0.07023222,-0.38203179,-0.12279205
16.2000,0.19160068,-0.07144812,-0.38375073,-0.12038626
16.2100,0.18775472,-0.07263990,-0.38543558,-0.11796977
16.2200,0.18389208,-0.07380748,-0.38708620,-0.11554280
16.2300,0.18001311,-0.07495073,-0.38870243,-0.11310557
16.2400,0.17611815,-0.07606955,-0.39028414,-0.11065830
16.2500,0.17220754,-0.07716386,-0.39183118,-0.10820119
16.2600,0.16828164,-0.07823355,-0.39334341,-0.10573447
16.2700,0.16434079,-0.07927852,-0.39482070,-0.10325837
16.2800,0.16038535,-0.08029868,-0.39626293,-0.10077308
16.2900,0.15641565,-0.08129395,-0.39766995,-0.09827885
16.3000,0.15243206,-0.08226423,-0.39904166,-0.09577589
16.3100,0.14843494,-0.08320944,-0.40037791,-0.09326442
16.3200,0.14442462,-0.08412949,-0.40167861,-0.09074467
16.3300,0.14040148,-0.08502431,-0.40294362,-0.08821685
16.3400,0.13636587,-0.08589380,-0.40417284,-0.08568120
16.3500,0.13231815,-0.08673790,-0.40536616,-0.08313794
16.3600,0.12825867,-0.08755654,-0.40652348,-0.08058730
16.3700,0.12418780,-0.08834963,-0.40764468,-0.07802949
16.3800,0.12010590,-0.08911710,-0.40872968,-0.07546476
16.3900,0.11601332,-0.08985890,-0.40977836,-0.07289332
16.4000,0.11191045,-0.09057495,-0.41079066,-0.07031541
16.4100,0.10779763,-0.09126519,-0.41176646,-0.06773125
16.4200,0.10367524,-0.09192955,-0.41270568,-0.06514108
16.4300,0.09954364,-0.09256799,-0.41360825,-0.06254511
16.4400,0.09540320,-0.09318044,-0.41447408,-0.05994360
16.4500,0.09125428,-0.09376684,-0.41530309,-0.05733676
16.4600,0.08709726,-0.09432716,-0.41609521,-0.05472482
16.4700,0.08293250,-0.09486132,-0.41685038,-0.05210803
16.4800,0.07876038,-0.09536930,-0.41756851,-0.04948660
16.4900,0.07458126,-0.09585104,-0.41824956,-0.04686078
16.5000,0.07039551,-0.09630650,-0.41889345,-0.04423080
16.5100,0.06620351,-0.09673564,-0.41950013,-0.04159689
16.5200,0.06200563,-0.09713843,-0.42006956,-0.03895929
16.5300,0.05780224,-0.09751482,-0.42060167,-0.03631822
16.5400,0.05359372,-0.09786478,-0.42109641,-0.03367393
16.5500,0.04938044,-0.09818829,-0.42155376,-0.03102665
16.5600,0.04516277,-0.09848531,-0.42197366,-0.02837661
16.5700,0.04094109,-0.09875581,-0.42235608,-0.02572405
16.5800,0.03671578,-0.09899978,-0.42270098,-0.02306920
16.5900,0.03248720,-0.09921719,-0.42300833,-0.02041231
16.6000,0.02825573,-0.09940802,-0.42327811,-0.01775360
16.6100,0.02402176,-0.09957225,-0.42351030,-0.01509332
16.6200,0.01978565,-0.09970988,-0.42370486,-0.01243169
16.6300,0.01554779,-0.09982088,-0.42386179,-0.00976896
16.6400,0.01130854,-0.09990526,-0.42398107,-0.00710537
16.6500,0.00706829,-0.09996299,-0.42406269,-0.00444114
16.6600,0.00282741,-0.09999408,-0.42410664,-0.00177652
16.6700,-0.00141371,-0.09999852,-0.42411292,0.00088826
16.6800,-0.00565472,-0.09997631,-0.42408152,0.00355296
16.6900,-0.00989522,-0.09992746,-0.42401246,0.00621735
16.7000,-0.01413484,-0.09985197,-0.42390573,0.00888118
16.7100,-0.01837321,-0.09974984,-0.42376135,0.01154423
16.7200,-0.02260994,-0.09962109,-0.42357933,0.01420625
16.7300,-0.02684467,-0.09946572,-0.42335969,0.01686700
16.7400,-0.03107701,-0.09928375,-0.42310244,0.01952626
16.7500,-0.03530659,-0.09907520,-0.42280760,0.02218379
16.7600,-0.03953304,-0.09884008,-0.42247521,0.02483934
16.7700,-0.04375597,-0.09857842,-0.42210530,0.02749269
16.7800,-0.04797502,-0.09829024,-0.42169789,0.03014359
16.7900,-0.05218981,-0.09797556,-0.42125302,0.03279182
16.8000,-0.05639996,-0.09763441,-0.42077073,0.03543714
16.8100,-0.06060510,-0.09726683,-0.42025107,0.03807930
16.8200,-0.06480485,-0.09687284,-0.41969408,0.04071809
16.8300,-0.06899885,-0.09645248,-0.41909981,0.04335326
16.8400,-0.07318672,-0.09600578,-0.41846832,0.04598458
16.8500,-0.07736810,-0.09553280,-0.41779965,0.04861181
16.8600,-0.08154259,-0.09503356,-0.41709387,0.05123472
16.8700,-0.08570985,-0.09450812,-0.41635104,0.05385309
16.8800,-0.08986949,-0.09395652,-0.41557123,0.05646667
16.8900,-0.09402115,-0.09337880,-0.41475451,0.05907523
16.9000,-0.09816446,-0.09277503,-0.41390095,0.06167855
16.9100,-0.10229905,-0.09214525,-0.41301062,0.06427639
16.9200,-0.10642455,-0.09148952,-0.41208360,0.06686852
16.9300,-0.11054060,-0.09080790,-0.41111998,0.06945471
16.9400,-0.11464683,-0.09010045,-0.41011984,0.07203473
16.9500,-0.11874287,-0.08936723,-0.40908328,0.07460835
16.9600,-0.12282837,-0.08860830,-0.40801037,0.07717534
16.9700,-0.12690296,-0.08782374,-0.40690123,0.07973548
16.9800,-0.13096628,-0.08701362,-0.40575594,0.08228854
16.9900,-0.13501796,-0.08617800,-0.40457461,0.08483428
17.0000,-0.13905765,-0.08531695,-0.40335734,0.08737250
17.0100,-0.14308499,-0.08443057,-0.40210425,0.08990295
17.0200,-0.14709961,-0.08351892,-0.40081543,0.09242541
17.0300,-0.15110118,-0.08258209,-0.39949102,0.09493967
17.0400,-0.15508932,-0.08162016,-0.39813112,0.09744549
17.0500,-0.15906368,-0.08063321,-0.39673585,0.09994266
17.0600,-0.16302392,-0.07962133,-0.39530535,0.10243095
17.0700,-0.16696967,-0.07858462,-0.39383973,0.10491014
17.0800,-0.17090059,-0.07752316,-0.39233913,0.10738001
17.0900,-0.17481634,-0.07643705,-0.39080368,0.10984034
17.1000,-0.17871655,-0.07532639,-0.38923351,0.11229092
17.1100,-0.18260089,-0.07419127,-0.38762877,0.11473152
17.1200,-0.18646901,-0.07303179,-0.38598960,0.11716194
17.1300,-0.19032057,-0.07184806,-0.38431615,0.11958194
17.1400,-0.19415522,-0.07064019,-0.38260855,0.12199132
17.1500,-0.19797263,-0.06940827,-0.38086697,0.12438987
17.1600,-0.20177245,-0.06815243,-0.37909156,0.12677737
17.1700,-0.20555435,-0.06687276,-0.37728248,0.12915360
17.1800,-0.20931799,-0.06556939,-0.37543988,0.13151837
17.1900,-0.21306303,-0.06424243,-0.37356394,0.13387145
17.2000,-0.21678915,-0.06289200,-0.37165481,0.13621264
17.2100,-0.22049602,-0.06151822,-0.36971268,0.13854173
17.2200,-0.22418330,-0.06012121,-0.36773770,0.14085852
17.2300,-0.22785066,-0.05870109,-0.36573005,0.14316279
17.2400,-0.23149779,-0.05725800,-0.36368992,0.14545435
17.2500,-0.23512435,-0.05579205,-0.36161749,0.14773299
17.2600,-0.23873003,-0.05430338,-0.35951293,0.14999850
17.2700,-0.24231451,-0.05279212,-0.35737645,0.15225069
17.2800,-0.24587746,-0.05125841,-0.35520821,0.15448936
17.2900,-0.24941857,-0.04970238,-0.35300843,0.15671431
17.3000,-0.25293752,-0.04812417,-0.35077728,0.15892533
17.3100,-0.25643401,-0.04652392,-0.34851498,0.16112224
17.3200,-0.25990772,-0.04490178,-0.34622173,0.16330483
17.3300,-0.26335834,-0.04325787,-0.34389772,0.16547292
17.3400,-0.26678557,-0.04159237,-0.34154316,0.16762632
17.3500,-0.27018910,-0.03990540,-0.33915827,0.16976482
17.3600,-0.27356863,-0.03819712,-0.33674324,0.17188824
17.3700,-0.27692387,-0.03646768,-0.33429831,0.17399640
17.3800,-0.28025450,-0.03471724,-0.33182369,0.17608910
17.3900,-0.28356024,-0.03294595,-0.32931958,0.17816615
17.4000,-0.28684080,-0.03115397,-0.32678623,0.18022739
17.4100,-0.29009587,-0.02934146,-0.32422385,0.18227261
17.4200,-0.29332518,-0.02750857,-0.32163267,0.18430164
17.4300,-0.29652843,-0.02565548,-0.31901292,0.18631431
17.4400,-0.29970534,-0.02378234,-0.31636484,0.18831042
17.4500,-0.30285563,-0.02188933,-0.31368865,0.19028981
17.4600,-0.30597902,-0.01997660,-0.31098460,0.19225229
17.4700,-0.30907523,-0.01804434,-0.30825292,0.19419769
17.4800,-0.31214399,-0.01609271,-0.30549387,0.19612585
17.4900,-0.31518502,-0.01412188,-0.30270768,0.19803659
17.5000,-0.31819805,-0.01213203,-0.29989460,0.19992973
17.5100,-0.32118282,-0.01012335,-0.29705488,0.20180512
17.5200,-0.32413906,-0.00809599,-0.29418878,0.20366258
17.5300,-0.32706651,-0.00605015,-0.29129654,0.20550195
17.5400,-0.32996491,-0.00398601,-0.28837843,0.20732306
17.5500,-0.33283399,-0.00190375,-0.28543471,0.20912577
17.5600,-0.33567352,0.00019644,-0.28246563,0.21090989
17.5700,-0.33848322,0.00231438,-0.27947146,0.21267528
17.5800,-0.34126286,0.00444988,-0.27645247,0.21442178
17.5900,-0.34401219,0.00660275,-0.27340892,0.21614923
17.6000,-0.34673096,0.00877280,-0.27034108,0.21785749
17.6100,-0.34941893,0.01095984,-0.26724923,0.21954639
17.6200,-0.35207586,0.01316367,-0.26413364,0.22121579
17.6300,-0.35470153,0.01538409,-0.26099460,0.22286554
17.6400,-0.35729568,0.01762091,-0.25783236,0.22449550
17.6500,-0.35985810,0.01987393,-0.25464723,0.22610551
17.6600,-0.36238855,0.02214295,-0.25143948,0.22769544
17.6700,-0.36488681,0.02442777,-0.24820939,0.22926515
17.6800,-0.36735266,0.02672819,-0.24495725,0.23081449
17.6900,-0.36978588,0.02904400,-0.24168336,0.23234332
17.7000,-0.37218626,0.03137499,-0.23838800,0.23385152
17.7100,-0.37455357,0.03372096,-0.23507146,0.23533895
17.7200,-0.37688762,0.03608170,-0.23173404,0.23680547
17.7300,-0.37918819,0.03845700,-0.22837604,0.23825096
17.7400,-0.38145507,0.04084664,-0.22499776,0.23967529
17.7500,-0.38368807,0.04325043,-0.22159948,0.24107833
17.7600,-0.38588700,0.04566814,-0.21818153,0.24245995
17.7700,-0.38805164,0.04809956,-0.21474419,0.24382004
17.7800,-0.39018182,0.05054447,-0.21128778,0.24515847
17.7900,-0.39227733,0.05300265,-0.20781260,0.24647512
17.8000,-0.39433801,0.05547390,-0.20431896,0.24776988
17.8100,-0.39636365,0.05795798,-0.20080718,0.24904263
17.8200,-0.39835409,0.06045468,-0.19727755,0.25029326
17.8300,-0.40030914,0.06296377,-0.19373041,0.25152165
17.8400,-0.40222864,0.06548504,-0.19016605,0.25272771
17.8500,-0.40411241,0.06801825,-0.18658480,0.25391132
17.8600,-0.40596028,0.07056319,-0.18298698,0.25507237
17.8700,-0.40777209,0.07311962,-0.17937291,0.25621076
17.8800,-0.40954769,0.07568733,-0.17574290,0.25732640
17.8900,-0.41128690,0.07826607,-0.17209729,0.25841918
17.9000,-0.41298958,0.08085563,-0.16843638,0.25948901
17.9100,-0.41465558,0.08345578,-0.16476052,0.26053578
17.9200,-0.41628474,0.08606627,-0.16107001,0.26155942
17.9300,-0.41787693,0.08868689,-0.15736521,0.26255982
17.9400,-0.41943200,0.09131739,-0.15364642,0.26353690
17.9500,-0.42094981,0.09395755,-0.14991399,0.26449057
17.9600,-0.42243024,0.09660712,-0.14616824,0.26542075
17.9700,-0.42387314,0.09926588,-0.14240950,0.26632735
17.9800,-0.42527838,0.10193359,-0.13863812,0.26721029
17.9900,-0.42664586,0.10461001,-0.13485442,0.26806950
18.0000,-0.42797543,0.10729490,-0.13105875,0.26890489
18.0100,-0.42926699,0.10998803,-0.12725143,0.26971641
18.0200,-0.43052042,0.11268915,-0.12343281,0.27050396
18.0300,-0.43173561,0.11539803,-0.11960322,0.27126749
18.0400,-0.43291245,0.11811442,-0.11576301,0.27200692
18.0500,-0.43405084,0.12083809,-0.11191252,0.27272218
18.0600,-0.43515067,0.12356878,-0.10805209,0.27341323
18.0700,-0.43621185,0.12630627,-0.10418206,0.27407999
18.0800,-0.43723428,0.12905030,-0.10030277,0.27472240
18.0900,-0.43821787,0.13180064,-0.09641458,0.27534041
18.1000,-0.43916254,0.13455703,-0.09251782,0.27593396
18.1100,-0.44006820,0.13731923,-0.08861285,0.27650301
18.1200,-0.44093477,0.14008701,-0.08470000,0.27704749
18.1300,-0.44176218,0.14286010,-0.08077963,0.27756736
18.1400,-0.44255034,0.14563827,-0.07685208,0.27806258
18.1500,-0.44329920,0.14842127,-0.07291771,0.27853310
18.1600,-0.44400867,0.15120885,-0.06897686,0.27897888
18.1700,-0.44467871,0.15400076,-0.06502989,0.27939988
18.1800,-0.44530925,0.15679677,-0.06107713,0.27979606
18.1900,-0.44590024,0.15959660,-0.05711896,0.28016738
18.2000,-0.44645162,0.16240003,-0.05315571,0.28051382
18.2100,-0.44696334,0.16520680,-0.04918773,0.28083535
18.2200,-0.44743536,0.16801665,-0.04521539,0.28113193
18.2300,-0.44786763,0.17082935,-0.04123903,0.28140353
18.2400,-0.44826012,0.17364464,-0.03725901,0.28165014
18.2500,-0.44861280,0.17646227,-0.03327568,0.28187174
18.2600,-0.44892563,0.17928199,-0.02928939,0.28206829
18.2700,-0.44919858,0.18210355,-0.02530051,0.28223979
18.2800,-0.44943163,0.18492670,-0.02130937,0.28238622
18.2900,-0.44962476,0.18775119,-0.01731634,0.28250757
18.3000,-0.44977795,0.19057677,-0.01332177,0.28260382
18.3100,-0.44989119,0.19340319,-0.00932602,0.28267497
18.3200,-0.44996447,0.19623019,-0.00532945,0.28272101
18.3300,-0.44999778,0.19905752,-0.00133239,0.28274194
18.3400,-0.44999112,0.20188494,0.00266478,0.28273776
18.3500,-0.44994448,0.20471220,0.00666171,0.28270846
18.3600,-0.44985789,0.20753903,0.01065805,0.28265405
18.3700,-0.44973133,0.21036519,0.01465345,0.28257453
18.3800,-0.44956482,0.21319044,0.01864754,0.28246991
18.3900,-0.44935838,0.21601451,0.02263998,0.28234020
18.4000,-0.44911203,0.21883716,0.02663040,0.28218541
18.4100,-0.44882578,0.22165813,0.03061846,0.28200556
18.4200,-0.44849967,0.22447718,0.03460380,0.28180065
18.4300,-0.44813372,0.22729406,0.03858607,0.28157072
18.4400,-0.44772796,0.23010851,0.04256491,0.28131577
18.4500,-0.44728243,0.23292029,0.04653997,0.28103584
18.4600,-0.44679717,0.23572915,0.05051089,0.28073094
18.4700,-0.44627223,0.23853483,0.05447733,0.28040111
18.4800,-0.44570764,0.24133709,0.05843893,0.28004637
18.4900,-0.44510347,0.24413567,0.06239534,0.27966676
18.5000,-0.44445975,0.24693034,0.06634620,0.27926230
18.5100,-0.44377656,0.24972084,0.07029118,0.27883304
18.5200,-0.44305395,0.25250692,0.07422991,0.27837901
18.5300,-0.44229199,0.25528833,0.07816204,0.27790025
18.5400,-0.44149073,0.25806484,0.08208723,0.27739681
18.5500,-0.44065026,0.26083619,0.08600514,0.27686873
18.5600,-0.43977066,0.26360213,0.08991540,0.27631605
18.5700,-0.43885198,0.26636243,0.09381767,0.27573883
18.5800,-0.43789433,0.26911683,0.09771161,0.27513712
18.5900,-0.43689778,0.27186509,0.10159688,0.27451097
18.6000,-0.43586242,0.27460697,0.10547311,0.27386044
18.6100,-0.43478835,0.27734222,0.10933998,0.27318558
18.6200,-0.43367566,0.28007060,0.11319714,0.27248645
18.6300,-0.43252444,0.28279186,0.11704424,0.27176312
18.6400,-0.43133481,0.28550578,0.12088095,0.27101565
18.6500,-0.43010686,0.28821210,0.12470691,0.27024411
18.6600,-0.42884070,0.29091058,0.12852181,0.26944856
18.6700,-0.42753646,0.29360099,0.13232528,0.26862908
18.6800,-0.42619424,0.29628308,0.13611700,0.26778574
18.6900,-0.42481416,0.29895662,0.13989663,0.26691861
18.7000,-0.42339635,0.30162138,0.14366384,0.26602777
18.7100,-0.42194092,0.30427710,0.14741828,0.26511330
18.7200,-0.42044802,0.30692356,0.15115963,0.26417528
18.7300,-0.41891778,0.30956053,0.15488755,0.26321380
18.7400,-0.41735032,0.31218776,0.15860171,0.26222894
18.7500,-0.41574579,0.31480503,0.16230179,0.26122078
18.7600,-0.41410433,0.31741210,0.16598745,0.26018943
18.7700,-0.41242609,0.32000874,0.16965836,0.25913495
18.7800,-0.41071121,0.32259472,0.17331421,0.25805747
18.7900,-0.40895986,0.32516981,0.17695466,0.25695706
18.8000,-0.40717217,0.32773379,0.18057939,0.25583382
18.8100,-0.40534832,0.33028641,0.18418808,0.25468786
18.8200,-0.40348847,0.33282747,0.18778041,0.25351928
18.8300,-0.40159277,0.33535673,0.19135606,0.25232818
18.8400,-0.39966140,0.33787396,0.19491472,0.25111466
18.8500,-0.39769453,0.34037894,0.19845606,0.24987884
18.8600,-0.39569234,0.34287146,0.20197977,0.24862083
18.8700,-0.39365500,0.34535129,0.20548554,0.24734073
18.8800,-0.39158269,0.34781820,0.20897306,0.24603866
18.8900,-0.38947560,0.35027199,0.21244202,0.24471474
18.9000,-0.38733391,0.35271242,0.21589210,0.24336907
18.9100,-0.38515782,0.35513930,0.21932301,0.24200180
18.9200,-0.38294752,0.35755239,0.22273444,0.24061302
18.9300,-0.38070320,0.35995149,0.22612609,0.23920287
18.9400,-0.37842506,0.36233638,0.22949764,0.23777148
18.9500,-0.37611331,0.36470685,0.23284882,0.23631896
18.9600,-0.37376815,0.36706268,0.23617931,0.23484546
18.9700,-0.37138980,0.36940369,0.23948882,0.23335109
18.9800,-0.36897845,0.37172964,0.24277706,0.23183600
18.9900,-0.36653433,0.37404034,0.24604373,0.23030031
19.0000,-0.36405765,0.37633558,0.24928855,0.22874417
19.0100,-0.36154863,0.37861515,0.25251122,0.22716770
19.0200,-0.35900750,0.38087886,0.25571147,0.22557106
19.0300,-0.35643448,0.38312651,0.25888900,0.22395439
19.0400,-0.35382979,0.38535788,0.26204353,0.22231782
19.0500,-0.35119368,0.38757280,0.26517479,0.22066150
19.0600,-0.34852638,0.38977105,0.26828250,0.21898558
19.0700,-0.34582811,0.39195244,0.27136637,0.21729021
19.0800,-0.34309913,0.39411679,0.27442614,0.21557554
19.0900,-0.34033967,0.39626389,0.27746154,0.21384172
19.1000,-0.33754998,0.39839356,0.28047229,0.21208891
19.1100,-0.33473031,0.40050561,0.28345812,0.21031726
19.1200,-0.33188090,0.40259984,0.28641878,0.20852692
19.1300,-0.32900202,0.40467608,0.28935400,0.20671806
19.1400,-0.32609391,0.40673414,0.29226351,0.20489085
19.1500,-0.32315683,0.40877384,0.29514706,0.20304543
19.1600,-0.32019105,0.41079499,0.29800440,0.20118197
19.1700,-0.31719683,0.41279742,0.30083526,0.19930065
19.1800,-0.31417444,0.41478094,0.30363941,0.19740162
19.1900,-0.31112414,0.41674539,0.30641658,0.19548506
19.2000,-0.30804620,0.41869059,0.30916654,0.19355113
19.2100,-0.30494090,0.42061636,0.31188903,0.19160002
19.2200,-0.30180851,0.42252253,0.31458382,0.18963188
19.2300,-0.29864931,0.42440894,0.31725066,0.18764690
19.2400,-0.29546359,0.42627541,0.31988933,0.18564525
19.2500,-0.29225162,0.42812179,0.32249958,0.18362711
19.2600,-0.28901369,0.42994790,0.32508119,0.18159266
19.2700,-0.28575009,0.43175359,0.32763392,0.17954208
19.2800,-0.28246111,0.43353869,0.33015755,0.17747555
19.2900,-0.27914704,0.43530305,0.33265185,0.17539326
19.3000,-0.27580817,0.43704650,0.33511660,0.17329539
19.3100,-0.27244481,0.43876890,0.33755159,0.17118212
19.3200,-0.26905724,0.44047010,0.33995659,0.16905365
19.3300,-0.26564578,0.44214993,0.34233139,0.16691016
19.3400,-0.26221072,0.44380825,0.34467579,0.16475185
19.3500,-0.25875236,0.44544492,0.34698957,0.16257890
19.3600,-0.25527103,0.44705978,0.34927253,0.16039152
19.3700,-0.25176702,0.44865270,0.35152447,0.15818988
19.3800,-0.24824064,0.45022353,0.35374518,0.15597420
19.3900,-0.24469222,0.45177214,0.35593447,0.15374465
19.4000,-0.24112206,0.45329838,0.35809215,0.15150146
19.4100,-0.23753048,0.45480212,0.36021801,0.14924480
19.4200,-0.23391780,0.45628323,0.36231188,0.14697489
19.4300,-0.23028435,0.45774157,0.36437357,0.14469192
19.4400,-0.22663044,0.45917703,0.36640289,0.14239611
19.4500,-0.22295640,0.46058945,0.36839966,0.14008764
19.4600,-0.21926256,0.46197874,0.37036371,0.13776673
19.4700,-0.21554924,0.46334475,0.37229487,0.13543358
19.4800,-0.21181677,0.46468737,0.37419295,0.13308840
19.4900,-0.20806549,0.46600648,0.37605780,0.13073140
19.5000,-0.20429572,0.46730196,0.37788924,0.12836279
19.5100,-0.20050782,0.46857369,0.37968712,0.12598278
19.5200,-0.19670209,0.46982158,0.38145127,0.12359157
19.5300,-0.19287890,0.47104549,0.38318153,0.12118939
19.5400,-0.18903858,0.47224533,0.38487776,0.11877644
19.5500,-0.18518146,0.47342098,0.38653981,0.11635294
19.5600,-0.18130790,0.47457235,0.38816752,0.11391911
19.5700,-0.17741823,0.47569933,0.38976075,0.11147516
19.5800,-0.17351280,0.47680182,0.39131936,0.10902131
19.5900,-0.16959195,0.47787973,0.39284321,0.10655777
19.6000,-0.16565605,0.47893295,0.39433216,0.10408477
19.6100,-0.16170543,0.47996139,0.39578609,0.10160252
19.6200,-0.15774044,0.48096497,0.39720486,0.09911124
19.6300,-0.15376145,0.48194359,0.39858835,0.09661117
19.6400,-0.14976880,0.48289716,0.39993644,0.09410251
19.6500,-0.14576284,0.48382561,0.40124900,0.09158549
19.6600,-0.14174393,0.48472884,0.40252592,0.08906034
19.6700,-0.13771244,0.48560679,0.40376708,0.08652728
19.6800,-0.13366871,0.48645936,0.40497238,0.08398653
19.6900,-0.12961311,0.48728649,0.40614171,0.08143832
19.7000,-0.12554600,0.48808811,0.40727496,0.07888288
19.7100,-0.12146773,0.48886413,0.40837204,0.07632043
19.7200,-0.11737868,0.48961449,0.40943284,0.07375120
19.7300,-0.11327920,0.49033913,0.41045728,0.07117542
19.7400,-0.10916965,0.49103798,0.41144525,0.06859332
19.7500,-0.10505041,0.49171098,0.41239668,0.06600512
19.7600,-0.10092184,0.49235806,0.41331147,0.06341106
19.7700,-0.09678431,0.49297918,0.41418956,0.06081137
19.7800,-0.09263817,0.49357427,0.41503085,0.05820628
19.7900,-0.08848381,0.49414329,0.41583528,0.05559602
19.8000,-0.08432159,0.49468618,0.41660277,0.05298082
19.8100,-0.08015188,0.49520289,0.41733325,0.05036091
19.8200,-0.07597505,0.49569338,0.41802667,0.04773653
19.8300,-0.07179147,0.49615760,0.41868295,0.04510791
19.8400,-0.06760152,0.49659552,0.41930204,0.04247528
19.8500,-0.06340555,0.49700710,0.41988389,0.03983888
19.8600,-0.05920396,0.49739229,0.42042844,0.03719895
19.8700,-0.05499711,0.49775107,0.42093565,0.03455570
19.8800,-0.05078537,0.49808339,0.42140547,0.03190939
19.8900,-0.04656913,0.49838924,0.42183786,0.02926024
19.9000,-0.04234874,0.49866859,0.42223277,0.02660850
19.9100,-0.03812459,0.49892141,0.42259018,0.02395439
19.9200,-0.03389706,0.49914767,0.42291006,0.02129815
19.9300,-0.02966652,0.49934736,0.42319236,0.01864002
19.9400,-0.02543334,0.49952047,0.42343708,0.01598024
19.9500,-0.02119790,0.49966696,0.42364419,0.01331904
19.9600,-0.01696058,0.49978684,0.42381366,0.01065665
19.9700,-0.01272176,0.49988009,0.42394549,0.00799331
19.9800,-0.00848180,0.49994671,0.42403967,0.00532927
19.9900,-0.00424109,0.49998668,0.42409617,0.00266475
