time,desired_q1,desired_q2,actual_q1,actual_q2,error_q1,error_q2,error_norm
24.333736,-0.39296810,0.05382496,0.80146326,1.65369113,-1.19443136,-1.59986617,1.99655654
24.353820,-0.39703105,0.05878882,0.79169531,1.64145418,-1.18872636,-1.58266536,1.97936859
24.373865,-0.40095294,0.06380285,0.78121153,1.41643155,-1.18216447,-1.35262870,1.79641789
24.394130,-0.40473236,0.06886527,0.73934819,1.30737029,-1.14408055,-1.23850502,1.68606494
24.413878,-0.40836799,0.07397428,0.64567042,1.38133917,-1.05403841,-1.30736489,1.67934508
24.433845,-0.41185853,0.07912807,0.58506094,1.17867055,-0.99691947,-1.09954248,1.48419746
24.453775,-0.41520273,0.08432480,0.50084381,1.09024839,-0.91604654,-1.00592359,1.36052325
24.474239,-0.41839942,0.08956263,0.40901254,1.02932045,-0.82741196,-0.93975782,1.25210036
24.494470,-0.42144745,0.09483970,0.36186251,0.77453702,-0.78330996,-0.67969732,1.03709350
24.514219,-0.42434574,0.10015414,0.23503635,0.88526202,-0.65938209,-0.78510788,1.02527026
24.534220,-0.42709327,0.10550404,0.15419845,0.79414830,-0.58129172,-0.68864426,0.90118310
24.553907,-0.42968905,0.11088753,0.15194000,0.42726075,-0.58162905,-0.31637322,0.66210601
24.574772,-0.43213216,0.11630267,0.07693317,0.37603944,-0.50906533,-0.25973677,0.57149865
24.594348,-0.43442174,0.12174755,0.10115280,-0.04089040,-0.53557454,0.16263795,0.55972421
24.614264,-0.43655697,0.12722023,-0.10591544,0.44198337,-0.33064153,-0.31476314,0.45650811
24.634010,-0.43853709,0.13271877,-0.17435997,0.39916212,-0.26417712,-0.26644335,0.37520875
24.654078,-0.44036141,0.13824122,-0.15400706,0.02409938,-0.28635435,0.11414184,0.30826478
24.674288,-0.44202926,0.14378561,-0.35704512,0.52188050,-0.08498414,-0.37809489,0.38752813
24.694286,-0.44354007,0.14934997,-0.41938358,0.49424592,-0.02415649,-0.34489595,0.34574087
24.714175,-0.44489329,0.15493232,-0.37798236,0.09412900,-0.06691093,0.06080332,0.09041082
24.733976,-0.44608843,0.16053069,-0.54210878,0.51516590,0.09602035,-0.35463521,0.36740446
24.754327,-0.44712509,0.16614308,-0.57688056,0.45096036,0.12975547,-0.28481728,0.31298141
24.774303,-0.44800288,0.17176751,-0.51041194,0.02071977,0.06240906,0.15104774,0.16343289
24.794313,-0.44872151,0.17740196,-0.66181302,0.45104785,0.21309151,-0.27364589,0.34682858
24.813832,-0.44928070,0.18304444,-0.67811355,0.37789678,0.22883285,-0.19485234,0.30055267
24.833807,-0.44968026,0.18869295,-0.59293739,-0.06683223,0.14325713,0.25552518,0.29294321
24.854228,-0.44992006,0.19434547,-0.62435466,-0.05351619,0.17443460,0.24786166,0.30308881
24.873736,-0.45000000,0.20000000,-0.53394517,-0.50136235,0.08394517,0.70136235,0.70636814
24.893732,-0.44992006,0.20565453,-0.55307181,-0.52978071,0.10315175,0.73543524,0.74263401
24.913898,-0.44968026,0.21130705,-0.48620099,-0.90459658,0.03652073,1.11590363,1.11650109
24.933679,-0.44928070,0.21695556,-0.55899800,-0.73221345,0.10971730,0.94916901,0.95548925
24.954449,-0.44872151,0.22259804,-0.62557825,-0.52318101,0.17685674,0.74577905,0.76646246
24.974468,-0.44800288,0.22823249,-0.56915961,-0.77700218,0.12115673,1.00523467,1.01250960
24.994388,-0.44712509,0.23385692,-0.63036460,-0.54651928,0.18323951,0.78037620,0.80160073
25.014275,-0.44608843,0.23946931,-0.65104039,-0.45338654,0.20495196,0.69285585,0.72253342
25.034005,-0.44489329,0.24506768,-0.56496023,-0.76401014,0.12006694,1.00907782,1.01619591
25.054217,-0.44354007,0.25065003,-0.56467344,-0.73285021,0.12113337,0.98350024,0.99093190
25.074270,-0.44202926,0.25621439,-0.51313537,-0.88999118,0.07110611,1.14620557,1.14840902
25.094450,-0.44036141,0.26175878,-0.57817643,-0.56541682,0.13781502,0.82717560,0.83857764
25.114267,-0.43853709,0.26728123,-0.54742689,-0.62238519,0.10888980,0.88966642,0.89630538
25.133951,-0.43655697,0.27277977,-0.45845802,-0.91668853,0.02190105,1.18946830,1.18966991
25.154683,-0.43442174,0.27825245,-0.46952264,-0.81527669,0.03510090,1.09352914,1.09409234
25.174202,-0.43213216,0.28369733,-0.47192461,-0.72837030,0.03979245,1.01206763,1.01284961
25.194211,-0.42968905,0.28911247,-0.50135754,-0.51232140,0.07166849,0.80143387,0.80463198
25.214113,-0.42709327,0.29449596,-0.40226852,-0.81418243,-0.02482475,1.10867839,1.10895628
25.233926,-0.42434574,0.29984586,-0.38518935,-0.80555071,-0.03915639,1.10539657,1.10608987
25.254212,-0.42144745,0.30516030,-0.42701195,-0.56847885,0.00556450,0.87363915,0.87365688
25.274476,-0.41839942,0.31043737,-0.34746463,-0.80888582,-0.07093479,1.11932319,1.12156861
25.294263,-0.41520273,0.31567520,-0.38080379,-0.60439377,-0.03439894,0.92006897,0.92071179
25.314305,-0.41185853,0.32087193,-0.43864520,-0.30591307,0.02678667,0.62678500,0.62735712
25.333996,-0.40836799,0.32602572,-0.31665513,-0.71082181,-0.09171286,1.03684753,1.04089579
25.354333,-0.40473236,0.33113473,-0.31116604,-0.67389213,-0.09356632,1.00502686,1.00937289
25.374055,-0.40095294,0.33619715,-0.37821971,-0.36323340,-0.02273323,0.69943055,0.69979990
25.394313,-0.39703105,0.34121118,-0.26276721,-0.77980107,-0.13426384,1.12101225,1.12902403
25.414209,-0.39296810,0.34617504,-0.24487331,-0.84143477,-0.14809479,1.18760981,1.19680789
25.434174,-0.38876554,0.35108696,-0.34491601,-0.43225507,-0.04384953,0.78334203,0.78456836
25.454271,-0.38442484,0.35594520,-0.32014455,-0.50895735,-0.06428029,0.86490255,0.86728794
25.474323,-0.37994757,0.36074804,-0.22930522,-0.86023336,-0.15064235,1.22098140,1.23023928
25.511306,-0.37765820,0.36312814,-0.28785322,-0.63414965,-0.08980498,0.99727779,1.00131310
25.514140,-0.37533530,0.36549376,-0.33987868,-0.42778985,-0.03545662,0.79328361,0.79407560
25.534257,-0.37058967,0.37018068,-0.29778347,-0.58601219,-0.07280620,0.95619287,0.95896066
25.554328,-0.36571237,0.37480714,-0.29425888,-0.57545509,-0.07145349,0.95026223,0.95294486
25.574283,-0.36070514,0.37937149,-0.36731833,-0.27602744,0.00661319,0.65539893,0.65543229
25.594273,-0.35556976,0.38387212,-0.25602950,-0.69656749,-0.09954026,1.08043961,1.08501521
25.614306,-0.35030804,0.38830741,-0.26240815,-0.67533668,-0.08789989,1.06364409,1.06726995
25.634376,-0.34492185,0.39267580,-0.33634293,-0.38829388,-0.00857892,0.78096968,0.78101680
25.654388,-0.33941312,0.39697573,-0.23701143,-0.78127879,-0.10240169,1.17825452,1.18269600
25.674380,-0.33378380,0.40120567,-0.23889463,-0.79717277,-0.09488917,1.19837844,1.20212930
25.694338,-0.32803588,0.40536413,-0.33162274,-0.44279017,0.00358686,0.84815430,0.84816189
25.714224,-0.32217142,0.40944963,-0.27620776,-0.66270987,-0.04596366,1.07215950,1.07314428
25.734110,-0.31619249,0.41346070,-0.28710691,-0.60168396,-0.02908558,1.01514466,1.01556125
25.754215,-0.31010121,0.41739594,-0.35989599,-0.29318607,0.04979478,0.71058201,0.71232458
25.774358,-0.30389976,0.42125394,-0.24707618,-0.70517432,-0.05682358,1.12642826,1.12786061
25.794304,-0.29759034,0.42503332,-0.24888236,-0.68501960,-0.04870798,1.11005292,1.11112103
25.814393,-0.29117518,0.42873275,-0.32138125,-0.38594534,0.03020607,0.81467809,0.81523788
25.834411,-0.28465657,0.43235092,-0.21452674,-0.78952766,-0.07012983,1.22187858,1.22388948
25.854369,-0.27803683,0.43588653,-0.20263498,-0.84248888,-0.07540185,1.27837541,1.28059717
25.874369,-0.27131829,0.43933833,-0.30282709,-0.43799365,0.03150880,0.87733198,0.87789761
25.894334,-0.26450336,0.44270510,-0.27630836,-0.52167249,0.01180500,0.96437759,0.96444984
25.914288,-0.25759446,0.44598563,-0.19867754,-0.80642947,-0.05891692,1.25241510,1.25380013
25.934305,-0.25059403,0.44917877,-0.26995608,-0.50600058,0.01936205,0.95517935,0.95537557
25.954288,-0.24350456,0.45228337,-0.25653914,-0.53887422,0.01303458,0.99115759,0.99124330
25.974232,-0.23632858,0.45529834,-0.16213414,-0.89733133,-0.07419444,1.35262967,1.35466300
25.994294,-0.22906864,0.45822261,-0.21152858,-0.69465869,-0.01754006,1.15288130,1.15301472
26.014243,-0.22172730,0.46105513,-0.28061828,-0.39177564,0.05889098,0.85283077,0.85486166
26.034369,-0.21430719,0.46379489,-0.17631706,-0.76426553,-0.03799013,1.22806042,1.22864789
26.054341,-0.20681094,0.46644093,-0.17545371,-0.74270597,-0.03135723,1.20914690,1.20955343
26.074299,-0.19924120,0.46899231,-0.24873504,-0.42287969,0.04949384,0.89187200,0.89324426
26.094373,-0.19160068,0.47144812,-0.15283783,-0.76245993,-0.03876285,1.23390805,1.23451676
26.114314,-0.18389208,0.47380748,-0.13971806,-0.77934726,-0.04417402,1.25315474,1.25393307
26.134390,-0.17611815,0.47606955,-0.22457959,-0.40473205,0.04846144,0.88080160,0.88213376
26.154348,-0.16828164,0.47823355,-0.15793311,-0.61848887,-0.01034853,1.09672242,1.09677124
26.174360,-0.16038535,0.48029868,-0.16190878,-0.53309440,0.00152343,1.01339308,1.01339422
26.194373,-0.15243206,0.48226423,-0.23347878,-0.18163156,0.08104672,0.66389579,0.66882449
26.214498,-0.14442462,0.48412949,-0.08892445,-0.66845274,-0.05550017,1.15258223,1.15391770
26.234437,-0.13636587,0.48589380,-0.06121336,-0.72389160,-0.07515251,1.20978540,1.21211740
26.254383,-0.12825867,0.48755654,-0.15766448,-0.29213065,0.02940581,0.77968719,0.78024151
26.274337,-0.12010590,0.48911710,-0.10056170,-0.45382338,-0.01954420,0.94294048,0.94314301
26.294234,-0.11191045,0.49057495,-0.06340528,-0.52510125,-0.04850517,1.01567620,1.01683376
26.314242,-0.10367524,0.49192955,-0.15273524,-0.11296396,0.04906000,0.60489351,0.60687976
26.334198,-0.09540320,0.49318044,-0.04674752,-0.45192356,-0.04865568,0.94510400,0.94635561
26.354297,-0.08709726,0.49432716,-0.04998290,-0.36558625,-0.03711436,0.85991341,0.86071398
26.374070,-0.07876038,0.49536930,-0.13304363,0.03068781,0.05428325,0.46468149,0.46784139
26.394394,-0.07039551,0.49630650,0.02475550,-0.49772877,-0.09515101,0.99403527,0.99857890
26.414681,-0.06200563,0.49713843,0.04345327,-0.51108012,-0.10545890,1.00821855,1.01371901
26.434319,-0.05359372,0.49786478,-0.02915146,-0.18436455,-0.02444226,0.68222933,0.68266704
26.454222,-0.04516277,0.49848531,0.10661875,-0.67340325,-0.15178152,1.17188856,1.18167695
26.473995,-0.03671578,0.49899978,0.12562607,-0.73596222,-0.16234185,1.23496200,1.24558661
26.494068,-0.02825573,0.49940802,0.01868726,-0.30115823,-0.04694299,0.80056625,0.80194138
26.513967,-0.01978565,0.49970988,0.05914253,-0.43361128,-0.07892818,0.93332116,0.93665257
26.534253,-0.01130854,0.49990526,0.11952008,-0.64162900,-0.13082862,1.14153426,1.14900679
26.554186,-0.00282741,0.49999408,0.00910887,-0.18175056,-0.01193628,0.68174464,0.68184913
26.574318,0.00565472,0.49997631,0.03889632,-0.25682036,-0.03324160,0.75679667,0.75752637
26.594536,0.01413484,0.49985197,0.16139614,-0.70122938,-0.14726130,1.20108135,1.21007533
26.614832,0.02260994,0.49962109,0.09751757,-0.43418928,-0.07490763,0.93381037,0.93680999
26.634920,0.03107701,0.49928375,0.13874542,-0.57966556,-0.10766841,1.07894931,1.08430812
26.654304,0.03953304,0.49884008,0.15092702,-0.59482580,-0.11139398,1.09366588,1.09932419
26.674179,0.04797502,0.49829024,0.06717106,-0.24675511,-0.01919604,0.74504535,0.74529260
26.694092,0.05639996,0.49763441,0.17972958,-0.66040228,-0.12332962,1.15803669,1.16458540
26.714181,0.06480485,0.49687284,0.18876917,-0.68926946,-0.12396432,1.18614230,1.19260250
26.734198,0.07318672,0.49600578,0.09145007,-0.30265730,-0.01826335,0.79866308,0.79887187
26.754290,0.08154259,0.49503356,0.16361868,-0.57068861,-0.08207609,1.06572217,1.06887803
26.774314,0.08986949,0.49395652,0.15483515,-0.51026473,-0.06496566,1.00422125,1.00632045
26.794354,0.09816446,0.49277503,0.07682034,-0.17825746,0.02134412,0.67103249,0.67137186
26.814328,0.10642455,0.49148952,0.20647138,-0.64967964,-0.10004683,1.14116916,1.14554634
26.834315,0.11464683,0.49010045,0.21346637,-0.66609383,-0.09881954,1.15619428,1.16040964
26.854264,0.12282837,0.48860830,0.12500476,-0.31137721,-0.00217639,0.79998551,0.79998847
26.874344,0.13096628,0.48701362,0.21547959,-0.65045454,-0.08451331,1.13746816,1.14060348
26.894370,0.13905765,0.48531695,0.21779233,-0.64764799,-0.07873468,1.13296494,1.13569745
26.914343,0.14709961,0.48351892,0.13943716,-0.33094277,0.00766245,0.81446169,0.81449774
26.934357,0.15508932,0.48162016,0.24874700,-0.74582203,-0.09365768,1.22744219,1.23101019
26.954362,0.16302392,0.47962133,0.26004449,-0.79981161,-0.09702057,1.27943294,1.28310624
26.974392,0.17090059,0.47752316,0.15809915,-0.39683572,0.01280144,0.87435888,0.87445259
26.994525,0.17871655,0.47532639,0.19234125,-0.51827733,-0.01362470,0.99360372,0.99369713
27.014363,0.18646901,0.47303179,0.24318593,-0.69652891,-0.05671692,1.16956070,1.17093512
27.034323,0.19415522,0.47064019,0.13908171,-0.26451929,0.05507351,0.73515948,0.73721947
27.054232,0.20177245,0.46815243,0.16990073,-0.34908299,0.03187172,0.81723542,0.81785667
27.074175,0.20931799,0.46556939,0.29008992,-0.79386781,-0.08077193,1.25943720,1.26202463
27.094209,0.21678915,0.46289200,0.24073160,-0.59154209,-0.02394245,1.05443409,1.05470588
27.114244,0.22418330,0.46012121,0.16672051,-0.27708630,0.05746279,0.73720751,0.73944363
27.134159,0.23149779,0.45725800,0.28525513,-0.71013672,-0.05375734,1.16739472,1.16863180
27.154099,0.23873003,0.45430338,0.29090552,-0.72124603,-0.05217549,1.17554941,1.17670672
27.174883,0.24587746,0.45125841,0.20841019,-0.38323031,0.03746727,0.83448872,0.83532940
27.194868,0.25293752,0.44812417,0.29500105,-0.70313397,-0.04206353,1.15125814,1.15202632
27.214213,0.25990772,0.44490178,0.30125729,-0.70777476,-0.04134957,1.15267654,1.15341797
27.234366,0.26678557,0.44159237,0.22325518,-0.38081308,0.04353039,0.82240545,0.82355669
27.254181,0.27356863,0.43819712,0.31923839,-0.73243653,-0.04566976,1.17063365,1.17152416
27.274171,0.28025450,0.43471724,0.33079138,-0.75972227,-0.05053688,1.19443951,1.19550814
27.294267,0.28684080,0.43115397,0.24439714,-0.39829121,0.04244366,0.82944518,0.83053042
27.314701,0.29332518,0.42750857,0.31327853,-0.64030846,-0.01995335,1.06781703,1.06800344
27.334312,0.29970534,0.42378234,0.31213237,-0.59137005,-0.01242703,1.01515239,1.01522845
27.354378,0.30597902,0.41997660,0.24389717,-0.28135155,0.06208185,0.70132815,0.70407054
27.374437,0.31214399,0.41609271,0.36938327,-0.72883556,-0.05723928,1.14492827,1.14635818
27.394366,0.31819805,0.41213203,0.38539868,-0.77084921,-0.06720063,1.18298124,1.18488841
27.414358,0.32413906,0.40809599,0.29530753,-0.39386506,0.02883153,0.80196105,0.80247915
27.434232,0.32996491,0.40398601,0.35410255,-0.59486740,-0.02413764,0.99885341,0.99914502
27.454247,0.33567352,0.39980356,0.34646722,-0.51225656,-0.01079370,0.91206012,0.91212399
27.474283,0.34126286,0.39555012,0.27238777,-0.16857912,0.06887509,0.56412924,0.56831820
27.494331,0.34673096,0.39122720,0.41771693,-0.67748166,-0.07098597,1.06870886,1.07106379
27.514319,0.35207586,0.38683633,0.44601300,-0.76098566,-0.09393714,1.14782199,1.15165946
27.534292,0.35729568,0.38237909,0.34695738,-0.34150239,0.01033830,0.72388148,0.72395530
27.554628,0.36238855,0.37785705,0.38713925,-0.46096347,-0.02475070,0.83882052,0.83918559
27.574677,0.36735266,0.37327181,0.47354373,-0.76897626,-0.10619107,1.14224807,1.14717357
27.594344,0.37218626,0.36862501,0.40262625,-0.46507080,-0.03043999,0.83369581,0.83425134
27.614381,0.37688762,0.36391830,0.42816932,-0.55297295,-0.05128170,0.91689125,0.91832422
27.634334,0.38145507,0.35915336,0.50584334,-0.85366393,-0.12438827,1.21281729,1.21917933
27.654328,0.38588700,0.35433186,0.43989406,-0.59171019,-0.05400706,0.94604205,0.94758236
27.674421,0.39018182,0.34945553,0.42905178,-0.54953273,-0.03886996,0.89898826,0.89982818
27.694190,0.39433801,0.34452610,0.50961556,-0.86141487,-0.11527755,1.20594097,1.21143821
27.714302,0.39835409,0.33954532,0.44957100,-0.61797140,-0.05121691,0.95751672,0.95888552
27.734305,0.40222864,0.33451496,0.42103863,-0.49798088,-0.01880999,0.83249584,0.83270832
27.754366,0.40596028,0.32943681,0.49396901,-0.76353397,-0.08800873,1.09297078,1.09650840
27.774496,0.40954769,0.32431267,0.41994545,-0.44394694,-0.01039776,0.76825961,0.76832997
27.794345,0.41298958,0.31914437,0.44478856,-0.52202742,-0.03179898,0.84117179,0.84177263
27.814336,0.41628474,0.31393373,0.54138183,-0.89858878,-0.12509709,1.21252251,1.21895862
27.834262,0.41943200,0.30868261,0.49137508,-0.70722377,-0.07194308,1.01590638,1.01845057
27.854165,0.42243024,0.30339288,0.42132350,-0.42272323,0.00110674,0.72611611,0.72611696
27.874302,0.42527838,0.29806641,0.51995052,-0.79858598,-0.09467214,1.09665239,1.10073125
27.894194,0.42797543,0.29270510,0.51712423,-0.79205567,-0.08914880,1.08476077,1.08841786
27.914524,0.43052042,0.28731085,0.44176088,-0.49565396,-0.01124046,0.78296481,0.78304549
27.934456,0.43291245,0.28188558,0.52238880,-0.81283288,-0.08947635,1.09471846,1.09836903
27.954713,0.43515067,0.27643122,0.52547928,-0.82979371,-0.09032861,1.10622493,1.10990669
27.974324,0.43723428,0.27094970,0.44263938,-0.50206663,-0.00540510,0.77301633,0.77303522
27.994332,0.43916254,0.26544297,0.50191564,-0.73041203,-0.06275310,0.99585500,0.99783021
28.014095,0.44093477,0.25991299,0.49399773,-0.67819912,-0.05306296,0.93811211,0.93961163
28.034239,0.44255034,0.25436173,0.42111900,-0.37047251,0.02143134,0.62483424,0.62520168
28.054216,0.44400867,0.24879115,0.53171937,-0.78517969,-0.08771070,1.03397084,1.03768438
28.073775,0.44530925,0.24320323,0.54335919,-0.83684442,-0.09804994,1.08004765,1.08448915
28.094261,0.44645162,0.23759997,0.52926052,-0.77388520,-0.08280890,1.01148517,1.01486924
28.114199,0.44743536,0.23198335,0.52833480,-0.75037319,-0.08089944,0.98235654,0.98568204
28.134332,0.44826012,0.22635536,0.46433123,-0.46422223,-0.01607111,0.69057759,0.69076457
28.154719,0.44892563,0.22071801,0.55849544,-0.80890450,-0.10956981,1.02962251,1.03543617
28.174350,0.44943163,0.21507330,0.56246936,-0.81673005,-0.11303773,1.03180335,1.03797672
28.194317,0.44977795,0.20942323,0.48299978,-0.49885425,-0.03322183,0.70827748,0.70905618
28.214267,0.44996447,0.20376981,0.55254996,-0.76967924,-0.10258549,0.97344905,0.97883954
28.233979,0.44999112,0.19811506,0.54856859,-0.74663728,-0.09857747,0.94475234,0.94988131
28.254337,0.44985789,0.19246097,0.47784428,-0.46702240,-0.02798639,0.65948337,0.66007693
28.274673,0.44956482,0.18680956,0.57209505,-0.84717122,-0.12253023,1.03398078,1.04121559
28.294346,0.44911203,0.18116284,0.57444022,-0.89184050,-0.12532819,1.07300334,1.08029779
28.314339,0.44849967,0.17552282,0.48156349,-0.55026360,-0.03306382,0.72578642,0.72653915
28.334457,0.44772796,0.16989149,0.51205079,-0.69015361,-0.06432283,0.86004510,0.86244710
28.354290,0.44679717,0.16427085,0.51978592,-0.72723548,-0.07298875,0.89150633,0.89448918
28.374242,0.44570764,0.15866291,0.43350018,-0.40206163,0.01220746,0.56072454,0.56085741
28.394207,0.44445975,0.15306966,0.51068485,-0.71560742,-0.06622510,0.86867708,0.87119781
28.414385,0.44305395,0.14749308,0.50536639,-0.70685434,-0.06231244,0.85434742,0.85661681
28.434218,0.44149073,0.14193516,0.43242151,-0.43620731,0.00906922,0.57814247,0.57821360
28.453921,0.43977066,0.13639787,0.52842270,-0.83547735,-0.08865204,0.97187522,0.97591016
28.474310,0.43789433,0.13088317,0.53026962,-0.88821900,-0.09237529,1.01910217,1.02328023
28.494210,0.43586242,0.12539303,0.43737146,-0.54867745,-0.00150904,0.67407048,0.67407217
28.514685,0.43367566,0.11992940,0.46647668,-0.68416308,-0.03280102,0.80409248,0.80476122
28.534664,0.43133481,0.11449422,0.48262224,-0.75849129,-0.05128743,0.87298551,0.87449077
28.554340,0.42884070,0.10908942,0.38759618,-0.39816038,0.04124452,0.50724980,0.50892384
28.574343,0.42619424,0.10371692,0.44023482,-0.61116059,-0.01404058,0.71487751,0.71501538
28.594135,0.42339635,0.09837862,0.42376871,-0.53401329,-0.00037236,0.63239191,0.63239202
28.614256,0.42044802,0.09307644,0.34118030,-0.19435945,0.07926772,0.28743589,0.29816567
28.634261,0.41735032,0.08781224,0.47349888,-0.68964105,-0.05614856,0.77745329,0.77947821
28.654321,0.41410433,0.08258790,0.48945054,-0.76318607,-0.07534621,0.84577397,0.84912347
28.674520,0.41071121,0.07740528,0.39571295,-0.40856200,0.01499826,0.48596728,0.48619867
28.694484,0.40717217,0.07226621,0.45043779,-0.63231432,-0.04326562,0.70458053,0.70590767
28.714350,0.40348847,0.06717253,0.43415028,-0.56105215,-0.03066181,0.62822468,0.62897249
28.734398,0.39966140,0.06212604,0.35072956,-0.22445177,0.04893184,0.28657781,0.29072524
28.753916,0.39569234,0.05712854,0.47663744,-0.70356399,-0.08094510,0.76069253,0.76498709
28.774363,0.39158269,0.05218180,0.48928018,-0.77251976,-0.09769749,0.82470156,0.83046821
28.794568,0.38733391,0.04728758,0.39661259,-0.43095265,-0.00927868,0.47824023,0.47833023
28.814359,0.38294752,0.04244761,0.45179666,-0.66605018,-0.06884914,0.70849779,0.71183518
28.834350,0.37842506,0.03766362,0.43601494,-0.60936934,-0.05758988,0.64703296,0.64959083
28.853845,0.37376815,0.03293732,0.35434067,-0.29411994,0.01942748,0.32705726,0.32763375
28.874256,0.36897845,0.02827036,0.47032161,-0.75410935,-0.10134316,0.78237971,0.78891600
28.894207,0.36405765,0.02366442,0.48030000,-0.83265638,-0.11624235,0.85632080,0.86417451
28.914333,0.35900750,0.01912114,0.38246553,-0.48329658,-0.02345803,0.50241772,0.50296505
28.934591,0.35382979,0.01464212,0.41529434,-0.64220518,-0.06146455,0.65684730,0.65971681
28.953913,0.34852638,0.01022895,0.43528586,-0.74675367,-0.08675948,0.75698262,0.76193825
28.974468,0.34309913,0.00588321,0.33496258,-0.37915566,0.00813655,0.38503887,0.38512483
28.994361,0.33754998,0.00160644,0.38004548,-0.57344738,-0.04249550,0.57505382,0.57662186
29.014398,0.33188090,-0.00259984,0.39961822,-0.66370945,-0.06773732,0.66110961,0.66457074
29.034381,0.32609391,-0.00673414,0.30795180,-0.32649092,0.01814211,0.31975678,0.32027103
29.053822,0.32019105,-0.01079499,0.38542964,-0.64551722,-0.06523859,0.63472223,0.63806613
29.074127,0.31417444,-0.01478094,0.37812359,-0.63484976,-0.06394915,0.62006882,0.62335771
29.094309,0.30804620,-0.01869059,0.30017162,-0.35418673,0.00787458,0.33549614,0.33558854
29.114628,0.30180851,-0.02252253,0.40976454,-0.81492214,-0.10795603,0.79239961,0.79971973
29.134303,0.29546359,-0.02627541,0.41791155,-0.91613730,-0.12244796,0.88986189,0.89824701
29.154307,0.28901369,-0.02994790,0.31535786,-0.56670200,-0.02634417,0.53675410,0.53740021
29.174289,0.28246111,-0.03353869,0.32119156,-0.63414224,-0.03873045,0.60060355,0.60185103
29.194522,0.27580817,-0.03704650,0.39437422,-0.98888099,-0.11856605,0.95183449,0.95919070
29.214314,0.26905724,-0.04047010,0.33704363,-0.83624256,-0.06798639,0.79577246,0.79867137
29.234226,0.26221072,-0.04380825,0.26875265,-0.61459650,-0.00654193,0.57078825,0.57082574
29.254189,0.25527103,-0.04705978,0.33029265,-0.90352553,-0.07502162,0.85646575,0.85974521
29.274254,0.24824064,-0.05022353,0.29877155,-0.83254624,-0.05053091,0.78232271,0.78395293
29.294597,0.24112206,-0.05329838,0.22385097,-0.57058052,0.01727109,0.51728214,0.51757039
29.314333,0.23391780,-0.05628323,0.30430131,-0.92961350,-0.07038351,0.87333027,0.87616186
29.334372,0.22663044,-0.05917703,0.30329035,-0.99466354,-0.07665991,0.93548651,0.93862226
29.354367,0.21926256,-0.06197874,0.21409861,-0.68761550,0.00516395,0.62563676,0.62565808
29.374478,0.21181677,-0.06468737,0.22757117,-0.77975283,-0.01575440,0.71506546,0.71523899
29.394160,0.20429572,-0.06730196,0.25716392,-0.93685436,-0.05286820,0.86955240,0.87115810
29.414273,0.19670209,-0.06982158,0.16957756,-0.61851870,0.02712453,0.54869712,0.54936715
29.434632,0.18903858,-0.07224533,0.17589712,-0.66620435,0.01314146,0.59395902,0.59410438
29.454306,0.18130790,-0.07457235,0.24951675,-0.99919545,-0.06820885,0.92462310,0.92713555
29.474809,0.17351280,-0.07680182,0.19712067,-0.83878727,-0.02360787,0.76198545,0.76235107
29.494371,0.16565605,-0.07893295,0.13901138,-0.63833869,0.02664467,0.55940574,0.56003993
29.514347,0.15774044,-0.08096497,0.20020127,-0.90682107,-0.04246083,0.82585610,0.82694693
29.534327,0.14976880,-0.08289716,0.16199507,-0.78483535,-0.01222627,0.70193819,0.70204466
29.554192,0.14174393,-0.08472884,0.08152091,-0.47481799,0.06022302,0.39008915,0.39471047
29.574209,0.13366871,-0.08645936,0.17203439,-0.83958490,-0.03836568,0.75312554,0.75410212
29.594362,0.12554600,-0.08808811,0.17428774,-0.88082893,-0.04874174,0.79274082,0.79423785
29.614274,0.11737868,-0.08961449,0.09165477,-0.58271523,0.02572391,0.49310074,0.49377127
29.634292,0.10916965,-0.09103798,0.14020730,-0.80139721,-0.03103765,0.71035923,0.71103697
29.653893,0.10092184,-0.09235806,0.12834875,-0.76647187,-0.02742691,0.67411381,0.67467153
29.674443,0.09263817,-0.09357427,0.06140147,-0.50808829,0.03123670,0.41451402,0.41568931
29.694638,0.08432159,-0.09468618,0.15393668,-0.88307210,-0.06961509,0.78838592,0.79145349
29.714386,0.07597505,-0.09569338,0.15481281,-0.92251069,-0.07883776,0.82681731,0.83056743
29.734208,0.06760152,-0.09659552,0.07155287,-0.62384168,-0.00395135,0.52724616,0.52726096
29.754127,0.05920396,-0.09739229,0.10946382,-0.80418721,-0.05025986,0.70679492,0.70857965
29.774093,0.05078537,-0.09808339,0.09047881,-0.73871836,-0.03969344,0.64063497,0.64186348
29.794376,0.04234874,-0.09866859,0.01367610,-0.44314975,0.02867264,0.34448116,0.34567237
29.814316,0.03389706,-0.09914767,0.10903775,-0.83192647,-0.07514069,0.73277880,0.73662127
29.834306,0.02543334,-0.09952047,0.11174573,-0.88472362,-0.08631239,0.78520315,0.78993279
29.854291,0.01696058,-0.09978684,0.02248071,-0.57183362,-0.00552013,0.47204678,0.47207905
29.874688,0.00848180,-0.09994671,0.05937409,-0.75470483,-0.05089229,0.65475812,0.65673300
29.894897,0.00000000,-0.10000000,0.04180212,-0.70350885,-0.04180212,0.60350885,0.60495484
29.914335,-0.00848180,-0.09994671,-0.03735106,-0.40904264,0.02886926,0.30909593,0.31044118
29.934337,-0.01696058,-0.09978684,0.06080750,-0.81615295,-0.07776808,0.71636611,0.72057496
29.954159,-0.02543334,-0.09952047,0.06237362,-0.87418441,-0.08780696,0.77466394,0.77962445
29.974127,-0.03389706,-0.09914767,-0.03045870,-0.55525296,-0.00343836,0.45610529,0.45611825
29.994115,-0.04234874,-0.09866859,0.00409414,-0.73445199,-0.04644288,0.63578340,0.63747743
30.013751,-0.05078537,-0.09808339,-0.00913959,-0.70007509,-0.04164578,0.60199170,0.60343051
30.033776,-0.05920396,-0.09739229,-0.07728097,-0.43545721,0.01807701,0.33806492,0.33854788
30.054323,-0.06760152,-0.09659552,0.02262864,-0.83532789,-0.09023016,0.73873237,0.74422241
30.074123,-0.07597505,-0.09569338,0.02242458,-0.86947334,-0.09839963,0.77377996,0.78001148
30.094541,-0.08432159,-0.09468618,-0.03640852,-0.67058364,-0.04791307,0.57589746,0.57788714
30.114362,-0.09263817,-0.09357427,0.01755740,-0.91785653,-0.11019557,0.82428226,0.83161548
30.134337,-0.10092184,-0.09235806,-0.02755058,-0.77573948,-0.07337126,0.68338142,0.68730889
30.154167,-0.10916965,-0.09103798,-0.00213635,-0.91523758,-0.10703330,0.82419960,0.83112040
30.174241,-0.11737868,-0.08961449,-0.02012512,-0.84684588,-0.09725356,0.75723139,0.76345113
30.194142,-0.12554600,-0.08808811,-0.08846301,-0.56745764,-0.03708299,0.47936953,0.48080172
30.214211,-0.13366871,-0.08645936,-0.00865212,-0.88926909,-0.12501659,0.80280973,0.81248546
30.234202,-0.14174393,-0.08472884,-0.01197042,-0.90440610,-0.12977351,0.81967726,0.82988672
30.254319,-0.14976880,-0.08289716,-0.09313961,-0.61224497,-0.05662919,0.52934781,0.53236827
30.274661,-0.15774044,-0.08096497,-0.04354323,-0.84038137,-0.11419721,0.75941640,0.76795460
30.294376,-0.16565605,-0.07893295,-0.05752758,-0.80748470,-0.10812847,0.72855175,0.73653202
30.314352,-0.17351280,-0.07680182,-0.13243879,-0.53572408,-0.04107401,0.45892226,0.46075668
30.334110,-0.18130790,-0.07457235,-0.05338221,-0.88359438,-0.12792569,0.80902203,0.81907364
30.354137,-0.18903858,-0.07224533,-0.05944958,-0.92222287,-0.12958900,0.84997754,0.85979947
30.374344,-0.19670209,-0.06982158,-0.15032208,-0.61526937,-0.04638001,0.54544779,0.54741611
30.394273,-0.20429572,-0.06730196,-0.11946544,-0.78508238,-0.08483028,0.71778042,0.72277584
30.414258,-0.21181677,-0.06468737,-0.14236145,-0.71927350,-0.06945532,0.65458613,0.65826062
30.434271,-0.21926256,-0.06197874,-0.22463550,-0.41329664,0.00537294,0.35131790,0.35135898
30.454583,-0.22663044,-0.05917703,-0.12944648,-0.80733327,-0.09718396,0.74815624,0.75444184
30.474285,-0.23391780,-0.05628323,-0.12873331,-0.85671921,-0.10518449,0.80043598,0.80731749
30.494286,-0.24112206,-0.05329838,-0.22230029,-0.52996986,-0.01882177,0.47667148,0.47704293
30.514187,-0.24824064,-0.05022353,-0.18093624,-0.73031937,-0.06730440,0.68009584,0.68341806
30.534087,-0.25527103,-0.04705978,-0.20217041,-0.66398872,-0.05310062,0.61692894,0.61920998
30.554240,-0.26221072,-0.04380825,-0.28515196,-0.34982255,0.02294124,0.30601430,0.30687303
30.574268,-0.26905724,-0.04047010,-0.17927984,-0.77668218,-0.08977740,0.73621208,0.74166583
30.594249,-0.27580817,-0.03704650,-0.17376731,-0.83898067,-0.10204086,0.80193417,0.80840011
30.614354,-0.28246111,-0.03353869,-0.26917189,-0.50130964,-0.01328922,0.46777095,0.46795969
30.634721,-0.28901369,-0.02994790,-0.23070758,-0.68433644,-0.05830611,0.65438854,0.65698095
30.654598,-0.29546359,-0.02627541,-0.23887714,-0.66684870,-0.05658645,0.64057329,0.64306778
30.674550,-0.30180851,-0.02252253,-0.31544560,-0.38583889,0.01363709,0.36331636,0.36357220
30.694310,-0.30804620,-0.01869059,-0.21068287,-0.82227886,-0.09736333,0.80358827,0.80946509
30.714228,-0.31417444,-0.01478094,-0.20455753,-0.90533384,-0.10961691,0.89055290,0.89727383
30.734119,-0.32019105,-0.01079499,-0.30676478,-0.54809955,-0.01342627,0.53730456,0.53747229
30.754143,-0.32609391,-0.00673414,-0.29616743,-0.62556406,-0.02992648,0.61882992,0.61955311
30.774304,-0.33188090,-0.00259984,-0.22653488,-0.95292584,-0.10534602,0.95032600,0.95614711
30.794196,-0.33754998,0.00160644,-0.28909624,-0.76210836,-0.04845374,0.76371480,0.76525033
30.814528,-0.34309913,0.00588321,-0.34225463,-0.59288783,-0.00084450,0.59877104,0.59877163
30.834054,-0.34852638,0.01022895,-0.29399130,-0.80853136,-0.05453508,0.81876031,0.82057450
30.854789,-0.35382979,0.01464212,-0.37231514,-0.51019018,0.01848535,0.52483230,0.52515774
30.874438,-0.35900750,0.01912114,-0.35608102,-0.59148580,-0.00292648,0.61060694,0.61061395
30.894204,-0.36405765,0.02366442,-0.27447462,-0.95019482,-0.08958303,0.97385924,0.97797083
30.914374,-0.36897845,0.02827036,-0.32967343,-0.77717676,-0.03930502,0.80544712,0.80640557
30.934282,-0.37376815,0.03293732,-0.39488946,-0.54657168,0.02112131,0.57950900,0.57989377
30.954369,-0.37842506,0.03766362,-0.32557233,-0.84155294,-0.05285273,0.87921656,0.88080371
30.974381,-0.38294752,0.04244761,-0.35995826,-0.73338061,-0.02298926,0.77582822,0.77616875
30.994377,-0.38733391,0.04728758,-0.43872250,-0.43143888,0.05138859,0.47872646,0.48147670
31.014394,-0.39158269,0.05218180,-0.33775935,-0.83756007,-0.05382334,0.88974187,0.89136836
31.034265,-0.39569234,0.05712854,-0.32923708,-0.90977213,-0.06645526,0.96690067,0.96918172
31.054329,-0.39966140,0.06212604,-0.42543506,-0.55383398,0.02577366,0.61596002,0.61649901
31.074432,-0.40348847,0.06717253,-0.40814763,-0.63834737,0.00465916,0.70551990,0.70553528
31.094392,-0.40717217,0.07226621,-0.34574362,-0.91006441,-0.06142855,0.98233062,0.98424942
31.114338,-0.41071121,0.07740528,-0.41429246,-0.66531288,0.00358125,0.74271816,0.74272679
31.134337,-0.41410433,0.08258790,-0.42655122,-0.64269615,0.01244689,0.72528405,0.72539084
31.154414,-0.41735032,0.08781224,-0.35536068,-0.94794628,-0.06198964,1.03575852,1.03761188
31.174257,-0.42044802,0.09307644,-0.41032875,-0.75165731,-0.01011927,0.84473375,0.84479436
31.194317,-0.42339635,0.09837862,-0.45832825,-0.57120924,0.03493190,0.66958786,0.67049842
31.214342,-0.42619424,0.10371692,-0.40368309,-0.78165977,-0.02251115,0.88537669,0.88566282
31.234729,-0.42884070,0.10908942,-0.48015212,-0.46286996,0.05131142,0.57195938,0.57425638
31.254207,-0.43133481,0.11449422,-0.45637396,-0.54643391,0.02503915,0.66092813,0.66140226
31.274362,-0.43367566,0.11992940,-0.36379246,-0.92000715,-0.06988320,1.03993655,1.04228197
31.294226,-0.43586242,0.12539303,-0.41220336,-0.74699581,-0.02365906,0.87238884,0.87270960
31.314269,-0.43789433,0.13088317,-0.48331274,-0.46713562,0.04541841,0.59801879,0.59974103
31.334270,-0.43977066,0.13639787,-0.38990461,-0.83550150,-0.04986605,0.97189937,0.97317779
31.354154,-0.44149073,0.14193516,-0.39241607,-0.84590873,-0.04907466,0.98784389,0.98906212
31.374407,-0.44305395,0.14749308,-0.47449736,-0.53329099,0.03144341,0.68078407,0.68150982
31.394286,-0.44445975,0.15306966,-0.41552537,-0.77482286,-0.02893438,0.92789252,0.92834354
31.414462,-0.44570764,0.15866291,-0.42039456,-0.75231733,-0.02531308,0.91098024,0.91133186
31.434397,-0.44679717,0.16427085,-0.48563266,-0.49315476,0.03883549,0.65742561,0.65857166
31.454349,-0.44772796,0.16989149,-0.40007658,-0.83269809,-0.04765138,1.00258958,1.00372133
31.474304,-0.44849967,0.17552282,-0.41164605,-0.80410906,-0.03685362,0.97963188,0.98032485
31.494330,-0.44911203,0.18116284,-0.37292530,-0.98728419,-0.07618673,1.16844703,1.17092821
31.514381,-0.44956482,0.18680956,-0.38731466,-0.94360379,-0.06225016,1.13041335,1.13212607
31.534250,-0.44985789,0.19246097,-0.45653494,-0.66605002,0.00667705,0.85851099,0.85853696
31.554142,-0.44999112,0.19811506,-0.39418344,-0.91614277,-0.05580768,1.11425783,1.11565453
31.574376,-0.44996447,0.20376981,-0.39210407,-0.92214717,-0.05786040,1.12591698,1.12740271
31.594387,-0.44977795,0.20942323,-0.47044767,-0.59710333,0.02066972,0.80652656,0.80679138
31.614389,-0.44943163,0.21507330,-0.42406907,-0.76470703,-0.02536256,0.97978033,0.98010854
31.634379,-0.44892563,0.22071801,-0.43281165,-0.68933749,-0.01611398,0.91005550,0.91019815
31.654312,-0.44826012,0.22635536,-0.50228985,-0.37361358,0.05402973,0.59996894,0.60239683
31.673812,-0.44743536,0.23198335,-0.38592295,-0.79195100,-0.06151241,1.02393435,1.02578035
31.694313,-0.44645162,0.23759997,-0.36750958,-0.85056076,-0.07894204,1.08816073,1.09102045
31.714312,-0.44530925,0.24320323,-0.46157975,-0.46053379,0.01627050,0.70373702,0.70392508
31.734297,-0.44400867,0.24879115,-0.42859961,-0.56621525,-0.01540906,0.81500640,0.81515205
31.754848,-0.44255034,0.25436173,-0.36720573,-0.78553834,-0.07534461,1.03990007,1.04262599
31.774363,-0.44093477,0.25991299,-0.45238298,-0.42679666,0.01144821,0.68670965,0.68680507
31.794334,-0.43916254,0.26544297,-0.42931842,-0.49379920,-0.00984412,0.75924217,0.75930599
31.814369,-0.43723428,0.27094970,-0.32873128,-0.88027661,-0.10850300,1.15122631,1.15632821
31.834377,-0.43515067,0.27643122,-0.37928370,-0.68256845,-0.05586697,0.95899967,0.96062557
31.854638,-0.43291245,0.28188558,-0.44872808,-0.39831636,0.01581563,0.68020194,0.68038579
31.874249,-0.43052042,0.28731085,-0.35183300,-0.76239924,-0.07868742,1.04971009,1.05265520
31.894156,-0.42797543,0.29270510,-0.36367162,-0.71128528,-0.06430381,1.00399038,1.00604754
31.913831,-0.42527838,0.29806641,-0.43462234,-0.42270866,0.00934396,0.72077507,0.72083563
31.934576,-0.42243024,0.30339288,-0.33677154,-0.79742750,-0.08565870,1.10082038,1.10414805
31.954312,-0.41943200,0.30868261,-0.33802092,-0.79909134,-0.08141108,1.10777395,1.11076140
31.974441,-0.41628474,0.31393373,-0.42087395,-0.47095332,0.00458921,0.78488705,0.78490046
31.994470,-0.41298958,0.31914437,-0.35028971,-0.74137171,-0.06269987,1.06051608,1.06236794
32.014249,-0.40954769,0.32431267,-0.35110261,-0.72091352,-0.05844508,1.04522619,1.04685893
32.034219,-0.40596028,0.32943681,-0.42267041,-0.42254745,0.01671013,0.75198426,0.75216990
32.054226,-0.40222864,0.33451496,-0.32158698,-0.80392707,-0.08064166,1.13844203,1.14129459
32.074172,-0.39835409,0.33954532,-0.31224738,-0.84453732,-0.08610671,1.18408264,1.18720936
32.094374,-0.39433801,0.34452610,-0.40733846,-0.46069727,0.01300045,0.80522337,0.80532831
32.114364,-0.39018182,0.34945553,-0.37124509,-0.58514477,-0.01893673,0.93460030,0.93479213
32.133848,-0.38588700,0.35433186,-0.33687027,-0.69075516,-0.04901673,1.04508702,1.04623588
32.154407,-0.38145507,0.35915336,-0.44564743,-0.23126665,0.06419236,0.59042001,0.59389936
32.174728,-0.37688762,0.36391830,-0.40558056,-0.34044604,0.02869294,0.70436434,0.70494851
32.194402,-0.37218626,0.36862501,-0.28333041,-0.78439509,-0.08885585,1.15302010,1.15643881
32.214316,-0.36735266,0.37327181,-0.33410471,-0.56448946,-0.03324795,0.93776127,0.93835048
32.234354,-0.36238855,0.37785705,-0.40027027,-0.27545077,0.03788172,0.65330782,0.65440518
32.254251,-0.35729568,0.38237909,-0.29266529,-0.65563544,-0.06463039,1.03801453,1.04002464
32.274279,-0.35207586,0.38683633,-0.31404250,-0.54012713,-0.03803336,0.92696346,0.92774338
32.294350,-0.34673096,0.39122720,-0.39597129,-0.17856022,0.04924033,0.56978742,0.57191110
32.314347,-0.34126286,0.39555012,-0.25923785,-0.66361140,-0.08202501,1.05916152,1.06233292
32.334253,-0.33567352,0.39980356,-0.23927388,-0.71961127,-0.09639964,1.11941483,1.12355794
32.354291,-0.32996491,0.40398601,-0.33990156,-0.30314597,0.00993665,0.70713198,0.70720179
32.373824,-0.32413906,0.40809599,-0.28389844,-0.49208790,-0.04024062,0.90018389,0.90108287
32.394771,-0.31819805,0.41213203,-0.33194853,-0.28349120,0.01375048,0.69562323,0.69575912
32.414405,-0.31214399,0.41609271,-0.43373936,0.15552796,0.12159537,0.26056475,0.28754030
32.434347,-0.30597902,0.41997660,-0.28547548,-0.35834767,-0.02050354,0.77832427,0.77859429
32.454215,-0.29970534,0.42378234,-0.28436059,-0.32146149,-0.01534475,0.74524383,0.74540179
32.474288,-0.29332518,0.42750857,-0.37526932,0.06775163,0.08194414,0.35975694,0.36897140
32.494461,-0.28684080,0.43115397,-0.22260990,-0.47558906,-0.06423090,0.90674303,0.90901515
32.514302,-0.28025450,0.43471724,-0.21088106,-0.49928532,-0.06937344,0.93400256,0.93657539
32.534393,-0.27356863,0.43819712,-0.28959955,-0.18368766,0.01603092,0.62188478,0.62209137
32.553781,-0.26678557,0.44159237,-0.16346562,-0.66437405,-0.10331995,1.10596642,1.11078203
32.574716,-0.25990772,0.44490178,-0.15794033,-0.70110028,-0.10196739,1.14600206,1.15052948
32.594345,-0.25293752,0.44812417,-0.17017710,-0.64829656,-0.08276042,1.09642073,1.09953977
32.614367,-0.24587746,0.45125841,-0.22846143,-0.36999287,-0.01741603,0.82125128,0.82143592
32.634203,-0.23873003,0.45430338,-0.19837788,-0.43014583,-0.04035215,0.88444921,0.88536924
32.654113,-0.23149779,0.45725800,-0.08886379,-0.81569625,-0.14263400,1.27295425,1.28092037
32.674470,-0.22418330,0.46012121,-0.14091312,-0.57693559,-0.08327018,1.03705680,1.04039451
32.694269,-0.21678915,0.46289200,-0.19483746,-0.33066091,-0.02195169,0.79355291,0.79385648
32.714363,-0.20931799,0.46556939,-0.11127108,-0.60929922,-0.09804691,1.07486861,1.07933115
32.734327,-0.20177245,0.46815243,-0.18369699,-0.27950453,-0.01807546,0.74765696,0.74787543
32.754477,-0.19415522,0.47064019,-0.15564322,-0.35700569,-0.03851200,0.82764588,0.82854142
32.774292,-0.18646901,0.47303179,-0.04122684,-0.78587537,-0.14524217,1.25890716,1.26725788
32.794354,-0.17871655,0.47532639,-0.09736476,-0.56226801,-0.08135179,1.03759440,1.04077868
32.814260,-0.17090059,0.47752316,-0.16719588,-0.27464337,-0.00370471,0.75216653,0.75217565
32.834423,-0.16302392,0.47962133,-0.06649271,-0.64297614,-0.09653121,1.12259747,1.12674015
32.854307,-0.15508932,0.48162016,-0.09918373,-0.49790987,-0.05590559,0.97953003,0.98112411
32.874323,-0.14709961,0.48351892,-0.18879251,-0.11707222,0.04169290,0.60059114,0.60203656
32.894274,-0.13905765,0.48531695,-0.04760222,-0.62723495,-0.09145543,1.11255190,1.11630454
32.914319,-0.13096628,0.48701362,-0.02693900,-0.69739616,-0.10402728,1.18440978,1.18896939
32.934325,-0.12282837,0.48860830,-0.13328752,-0.26915860,0.01045915,0.75776690,0.75783908
32.954361,-0.11464683,0.49010045,-0.08217915,-0.44609772,-0.03246768,0.93619817,0.93676100
32.974358,-0.10642455,0.49148952,-0.05417712,-0.51979101,-0.05224743,1.01128053,1.01262930
32.994359,-0.09816446,0.49277503,-0.15130065,-0.11464081,0.05313619,0.60741584,0.60973557
33.014347,-0.08986949,0.49395652,-0.05097196,-0.46726776,-0.03889753,0.96122428,0.96201098
33.034370,-0.08154259,0.49503356,-0.05488607,-0.41489909,-0.02665652,0.90993265,0.91032302
33.054384,-0.07318672,0.49600578,-0.13464529,-0.06742004,0.06145857,0.56342582,0.56676787
33.074338,-0.06480485,0.49687284,0.00905473,-0.58017328,-0.07385958,1.07704612,1.07957565
33.094126,-0.05639996,0.49763441,0.02046476,-0.60275522,-0.07686472,1.10038963,1.10307095
33.114289,-0.04797502,0.49829024,-0.06536057,-0.25259279,0.01738555,0.75088303,0.75108427
33.134255,-0.03953304,0.49884008,0.04332618,-0.65477846,-0.08285922,1.15361854,1.15659042
33.154294,-0.03107701,0.49928375,0.05245881,-0.68366373,-0.08353582,1.18294748,1.18589333
33.174352,-0.02260994,0.49962109,-0.03940426,-0.31520401,0.01679432,0.81482510,0.81499816
33.193861,-0.01413484,0.49985197,0.04201737,-0.61513691,-0.05615221,1.11498888,1.11640193
33.214196,-0.00565472,0.49997631,0.04243013,-0.59032738,-0.04808485,1.09030369,1.09136350
33.234285,0.00282741,0.49999408,-0.02492115,-0.30271844,0.02774856,0.80271252,0.80319199
33.254252,0.01130854,0.49990526,0.07928851,-0.68005988,-0.06797997,1.17996514,1.18192174
33.274236,0.01978565,0.49970988,0.05923066,-0.57864418,-0.03944501,1.07835406,1.07907525
33.294228,0.02825573,0.49940802,-0.01565274,-0.25098428,0.04390847,0.75039230,0.75167583
33.314358,0.03671578,0.49899978,0.10877853,-0.69593723,-0.07206275,1.19493701,1.19710797
33.334388,0.04516277,0.49848531,0.11832229,-0.71078167,-0.07315952,1.20926698,1.21147800
33.354678,0.05359372,0.49786478,0.03284395,-0.35114951,0.02074977,0.84901429,0.84926782
33.373945,0.06200563,0.49713843,0.11700972,-0.64941938,-0.05500409,1.14655781,1.14787641
33.394284,0.07039551,0.49630650,0.12151398,-0.62933204,-0.05111847,1.12563854,1.12679866
33.414183,0.07876038,0.49536930,0.05666411,-0.34236776,0.02209627,0.83773706,0.83802841
33.434169,0.08709726,0.49432716,0.16175298,-0.71841611,-0.07465572,1.21274327,1.21503898
33.454113,0.09540320,0.49318044,0.15301375,-0.65864345,-0.05761055,1.15182389,1.15326374
33.474211,0.10367524,0.49192955,0.08526339,-0.36196221,0.01841185,0.85389176,0.85409024
33.494183,0.11191045,0.49057495,0.19193937,-0.74624794,-0.08002892,1.23682289,1.23940933
33.513990,0.12010590,0.48911710,0.19121356,-0.72240924,-0.07110766,1.21152634,1.21361129
33.534277,0.12825867,0.48755654,0.11923594,-0.41543212,0.00902273,0.90298866,0.90303374
33.554149,0.13636587,0.48589380,0.22118643,-0.79024443,-0.08482056,1.27613823,1.27895399
33.574355,0.14442462,0.48412949,0.23412390,-0.83156876,-0.08969928,1.31569825,1.31875238
33.594168,0.15243206,0.48226423,0.13976825,-0.43767385,0.01266381,0.91993808,0.92002524
33.614297,0.16038535,0.48029868,0.17909938,-0.56167389,-0.01871403,1.04197257,1.04214061
33.634240,0.16828164,0.47823355,0.22288406,-0.69163058,-0.05460242,1.16986413,1.17113770
33.654033,0.17611815,0.47606955,0.11329204,-0.21478754,0.06282611,0.69085709,0.69370789
33.674274,0.18389208,0.47380748,0.14570572,-0.27930942,0.03818636,0.75311690,0.75408439
33.694205,0.19160068,0.47144812,0.06221061,0.09671704,0.12939007,0.37473108,0.39644063
33.714234,0.19924120,0.46899231,0.11379503,-0.04886369,0.08544617,0.51785600,0.52485797
33.734356,0.20681094,0.46644093,0.24352214,-0.50691497,-0.03671120,0.97335590,0.97404796
33.754365,0.21430719,0.46379489,0.15263108,-0.12502504,0.06167611,0.58881993,0.59204126
33.774364,0.22172730,0.46105513,0.19572655,-0.26300574,0.02600075,0.72406087,0.72452756
33.794401,0.22906864,0.45822261,0.11682587,0.06274307,0.11224277,0.39547954,0.41109914
33.814224,0.23632858,0.45529834,0.13980295,-0.00283724,0.09652563,0.45813558,0.46819377
33.834304,0.24350456,0.45228337,0.26797757,-0.47512621,-0.02447301,0.92740958,0.92773243
33.854327,0.25059403,0.44917877,0.16844483,-0.07997240,0.08214920,0.52915117,0.53548992
33.874157,0.25759446,0.44598563,0.21011339,-0.22481546,0.04748107,0.67080109,0.67247940
33.894272,0.26450336,0.44270510,0.31865833,-0.63593948,-0.05415497,1.07864458,1.08000319
33.914568,0.27131829,0.43933833,0.23480182,-0.30997442,0.03651647,0.74931275,0.75020201
33.934437,0.27803683,0.43588653,0.26714092,-0.43835439,0.01089591,0.87424092,0.87430882
33.954352,0.28465657,0.43235092,0.33817616,-0.71625253,-0.05351959,1.14860345,1.14984966
33.974410,0.29117518,0.42873275,0.24708331,-0.35923685,0.04409187,0.78796960,0.78920225
33.994319,0.29759034,0.42503332,0.27588063,-0.46258858,0.02170971,0.88762190,0.88788735
34.014194,0.30389976,0.42125394,0.36147647,-0.79213155,-0.05757671,1.21338549,1.21475077
34.033829,0.31010121,0.41739594,0.29080688,-0.51317897,0.01929433,0.93057491,0.93077491
34.053811,0.31619249,0.41346070,0.28985371,-0.50537940,0.02633878,0.91884010,0.91921753
34.074395,0.32217142,0.40944963,0.37881391,-0.84765596,-0.05664249,1.25710559,1.25838104
34.094263,0.32803588,0.40536413,0.32005059,-0.61020021,0.00798529,1.01556434,1.01559573
34.114450,0.33378380,0.40120567,0.28318520,-0.44976894,0.05059860,0.85097461,0.85247757
34.134366,0.33941312,0.39697573,0.35384652,-0.69424628,-0.01443340,1.09122201,1.09131746
34.154369,0.34492185,0.39267580,0.26932341,-0.31750993,0.07559844,0.71018573,0.71419808
34.174339,0.35030804,0.38830741,0.30369583,-0.40333551,0.04661221,0.79164292,0.79301401
34.193872,0.35556976,0.38387212,0.42018180,-0.82425452,-0.06461204,1.20812664,1.20985317
34.214213,0.36070514,0.37937149,0.37236672,-0.61369870,-0.01166158,0.99307019,0.99313866
34.234209,0.36571237,0.37480714,0.31118222,-0.34292758,0.05453015,0.71773472,0.71980321
34.253825,0.37058967,0.37018068,0.41173366,-0.69791422,-0.04114399,1.06809490,1.06888706
34.274300,0.37533530,0.36549376,0.38790606,-0.57374927,-0.01257076,0.93924303,0.93932715
34.293858,0.37994757,0.36074804,0.30747015,-0.21659723,0.07247742,0.57734527,0.58187674
34.313946,0.38442484,0.35594520,0.43913401,-0.68273137,-0.05470917,1.03867657,1.04011640
34.333950,0.38876554,0.35108696,0.45778073,-0.73252369,-0.06901519,1.08361065,1.08580622
34.353957,0.39296810,0.34617504,0.36649104,-0.35424954,0.02647706,0.70042458,0.70092484
34.374336,0.39703105,0.34121118,0.43178863,-0.58475471,-0.03475758,0.92596589,0.92661800
34.393862,0.40095294,0.33619715,0.41989979,-0.49467659,-0.01894685,0.83087374,0.83108974
34.414215,0.40473236,0.33113473,0.33959944,-0.13465600,0.06513292,0.46579073,0.47032255
34.434230,0.40836799,0.32602572,0.48256658,-0.63875599,-0.07419859,0.96478171,0.96763071
34.453787,0.41185853,0.32087193,0.50330305,-0.69551636,-0.09144452,1.01638829,1.02049363
34.473835,0.41520273,0.31567520,0.41178788,-0.31811449,0.00341485,0.63378969,0.63379889
34.494300,0.41839942,0.31043737,0.48365556,-0.57498385,-0.06525614,0.88542122,0.88782267
34.514320,0.42144745,0.30516030,0.47255041,-0.49570844,-0.05110296,0.80086874,0.80249751
34.534768,0.42434574,0.29984586,0.38774031,-0.12910284,0.03660543,0.42894870,0.43050777
34.554136,0.42709327,0.29449596,0.52696281,-0.63011734,-0.09986954,0.92461330,0.92999122
34.574136,0.42968905,0.28911247,0.54427327,-0.68544096,-0.11458422,0.97455343,0.98126649
34.594078,0.43213216,0.28369733,0.54674942,-0.68259900,-0.11461726,0.96629633,0.97307025
34.614170,0.43442174,0.27825245,0.48037838,-0.38086860,-0.04595664,0.65912105,0.66072125
34.634135,0.43655697,0.27277977,0.51820364,-0.49519445,-0.08164667,0.76797422,0.77230213
34.654234,0.43853709,0.26728123,0.60072516,-0.79874858,-0.16218807,1.06602981,1.07829705
34.674334,0.44036141,0.26175878,0.52853430,-0.50048962,-0.08817289,0.76224840,0.76733114
34.694322,0.44202926,0.25621439,0.54292886,-0.56183692,-0.10089960,0.81805131,0.82425038
34.714352,0.44354007,0.25065003,0.62670070,-0.91498743,-0.18316063,1.16563746,1.17994004
34.734324,0.44489329,0.24506768,0.56891073,-0.71833753,-0.12401744,0.96340521,0.97135469
34.754252,0.44608843,0.23946931,0.50506470,-0.48639843,-0.05897627,0.72586774,0.72825969
34.774112,0.44712509,0.23385692,0.57680591,-0.77954784,-0.12968082,1.01340476,1.02166840
34.794248,0.44800288,0.22823249,0.53086556,-0.61273349,-0.08286268,0.84096598,0.84503846
34.814272,0.44872151,0.22259804,0.44556797,-0.27570146,0.00315354,0.49829950,0.49830948
34.834292,0.44928070,0.21695556,0.56679381,-0.74341383,-0.11751311,0.96036939,0.96753227
34.853917,0.44968026,0.21130705,0.58135066,-0.82523312,-0.13167040,1.03654017,1.04486967
34.874403,0.44992006,0.20565453,0.48100680,-0.44822667,-0.03108674,0.65388120,0.65461975
34.894425,0.45000000,0.20000000,0.51124887,-0.57633297,-0.06124887,0.77633297,0.77874534
34.914505,0.44992006,0.19434547,0.56175996,-0.78662978,-0.11183990,0.98097525,0.98733004
34.934208,0.44968026,0.18869295,0.46828931,-0.42743620,-0.01860905,0.61612915,0.61641011
34.954239,0.44928070,0.18304444,0.48685576,-0.50261005,-0.03757506,0.68565449,0.68668331
34.974266,0.44872151,0.17740196,0.58104427,-0.89186728,-0.13232276,1.06926924,1.07742564
34.994271,0.44800288,0.17176751,0.52662265,-0.70878735,-0.07861977,0.88055486,0.88405765
35.014253,0.44712509,0.16614308,0.46181244,-0.47290405,-0.01468735,0.63904713,0.63921589
35.034153,0.44608843,0.16053069,0.53785653,-0.78472804,-0.09176810,0.94525873,0.94970282
35.054251,0.44489329,0.15493232,0.50047154,-0.65675437,-0.05557825,0.81168669,0.81358725
35.074367,0.44354007,0.14934997,0.41620292,-0.32736912,0.02733715,0.47671909,0.47750226
35.094311,0.44202926,0.14378561,0.53036086,-0.77318020,-0.08833160,0.91696581,0.92121049
35.114372,0.44036141,0.13824122,0.54355157,-0.85320242,-0.10319016,0.99144364,0.99679923
35.134211,0.43853709,0.13271877,0.44527659,-0.48687816,-0.00673950,0.61959693,0.61963358
35.154322,0.43655697,0.12722023,0.47227231,-0.60661657,-0.03571534,0.73383680,0.73470541
35.174201,0.43442174,0.12174755,0.52714916,-0.84240334,-0.09272742,0.96415089,0.96859966
35.194265,0.43213216,0.11630267,0.44469759,-0.53496092,-0.01256543,0.65126359,0.65138480
35.214380,0.42968905,0.11088753,0.45939228,-0.61280586,-0.02970323,0.72369339,0.72430270
35.234296,0.42709327,0.10550404,0.53622789,-0.95530570,-0.10913462,1.06080974,1.06640877
35.254543,0.42434574,0.10015414,0.48029076,-0.78118438,-0.05594502,0.88133852,0.88311235
35.274707,0.42144745,0.09483970,0.41880826,-0.56667470,0.00263919,0.66151440,0.66151966
35.294369,0.41839942,0.08956263,0.48395554,-0.84581923,-0.06555612,0.93538186,0.93767629
35.314382,0.41520273,0.08432480,0.44136787,-0.70239241,-0.02616514,0.78671721,0.78715220
35.334200,0.41185853,0.07912807,0.35769350,-0.37700298,0.05416503,0.45613105,0.45933581
35.354078,0.40836799,0.07397428,0.46371278,-0.79513275,-0.05534479,0.86910703,0.87086743
35.374222,0.40473236,0.06886527,0.47438825,-0.86806082,-0.06965589,0.93692609,0.93951181
35.394151,0.40095294,0.06380285,0.38046718,-0.52208213,0.02048576,0.58588498,0.58624302
35.414147,0.39703105,0.05878882,0.41077414,-0.66078765,-0.01374309,0.71957647,0.71970769
35.434275,0.39296810,0.05382496,0.44052912,-0.79420517,-0.04756102,0.84803013,0.84936279
35.454906,0.38876554,0.04891304,0.33757581,-0.39913320,0.05118973,0.44804624,0.45096099
35.474363,0.38442484,0.04405480,0.35876261,-0.48240739,0.02566223,0.52646219,0.52708726
35.494516,0.37994757,0.03925196,0.45801798,-0.89054909,-0.07807041,0.92980105,0.93307287
35.514304,0.37533530,0.03450624,0.40504119,-0.71506174,-0.02970589,0.74956798,0.75015638
35.534239,0.37058967,0.02981932,0.34180904,-0.48923400,0.02878063,0.51905332,0.51985062
35.554240,0.36571237,0.02519286,0.41952845,-0.81397493,-0.05381608,0.83916779,0.84089164
35.574274,0.36070514,0.02062851,0.38615805,-0.71093549,-0.02545291,0.73156400,0.73200665
35.594224,0.35556976,0.01612788,0.30489718,-0.40311971,0.05067258,0.41924759,0.42229878
35.614236,0.35030804,0.01169259,0.40718368,-0.81694746,-0.05687564,0.82864005,0.83058965
35.634455,0.34492185,0.00732420,0.41368983,-0.88450101,-0.06876798,0.89182521,0.89447261
35.654523,0.33941312,0.00302427,0.32169031,-0.55551582,0.01772281,0.55854009,0.55882119
35.674408,0.33378380,-0.00120567,0.35200700,-0.70371451,-0.01822320,0.70250884,0.70274516
35.694364,0.32803588,-0.00536413,0.36532498,-0.77627789,-0.03728910,0.77091376,0.77181507
35.714287,0.32217142,-0.00944963,0.27445224,-0.44198324,0.04771918,0.43253361,0.43515796
35.734404,0.31619249,-0.01346070,0.32948019,-0.67573033,-0.01328770,0.66226963,0.66240292
35.754315,0.31010121,-0.01739594,0.31575763,-0.62447044,-0.00565642,0.60707450,0.60710085
35.774189,0.30389976,-0.02125394,0.23737163,-0.31844271,0.06652813,0.29718877,0.30454418
35.794220,0.29759034,-0.02503332,0.35164390,-0.76863345,-0.05405356,0.74360013,0.74556217
35.814232,0.29117518,-0.02873275,0.36053485,-0.83790937,-0.06935967,0.80917662,0.81214380
35.834396,0.28465657,-0.03235092,0.26701885,-0.50267764,0.01763772,0.47032672,0.47065732
35.854449,0.27803683,-0.03588653,0.30734235,-0.69004828,-0.02930552,0.65416175,0.65481784
35.874379,0.27131829,-0.03933833,0.29919353,-0.67139162,-0.02787524,0.63205329,0.63266768
35.894366,0.26450336,-0.04270510,0.22342474,-0.39052163,0.04107862,0.34781653,0.35023391
35.914156,0.25759446,-0.04598563,0.32770529,-0.82201649,-0.07011083,0.77603086,0.77919152
35.934240,0.25059403,-0.04917877,0.33251986,-0.89518130,-0.08192583,0.84600253,0.84996007
35.954120,0.24350456,-0.05228337,0.23688280,-0.56208350,0.00662176,0.50980013,0.50984314
35.974352,0.23632858,-0.05529834,0.26188482,-0.69741409,-0.02555624,0.64211575,0.64262412
35.994312,0.22906864,-0.05822261,0.28375340,-0.81582507,-0.05468476,0.75760246,0.75957351
36.014875,0.22172730,-0.06105513,0.18290101,-0.44498391,0.03882629,0.38392878,0.38588701
36.034555,0.21430719,-0.06379489,0.20707204,-0.55652689,0.00723515,0.49273200,0.49278512
36.054418,0.20681094,-0.06644093,0.28744660,-0.90903136,-0.08063566,0.84259043,0.84644004
36.074421,0.19924120,-0.06899231,0.22540825,-0.70750077,-0.02616705,0.63850846,0.63904441
36.094642,0.19160068,-0.07144812,0.24332741,-0.82230104,-0.05172673,0.75085292,0.75263256
36.114529,0.18389208,-0.07380748,0.24963056,-0.87982352,-0.06573848,0.80601604,0.80869241
36.134326,0.17611815,-0.07606955,0.16107758,-0.55844238,0.01504057,0.48237283,0.48260726
36.154375,0.16828164,-0.07823355,0.19941570,-0.73379395,-0.03113406,0.65556040,0.65629930
36.174352,0.16038535,-0.08029868,0.19321333,-0.71667198,-0.03282798,0.63637330,0.63721947
36.194257,0.15243206,-0.08226423,0.24427742,-0.94771008,-0.09184536,0.86544585,0.87030575
36.214314,0.14442462,-0.08412949,0.23107563,-0.92489965,-0.08665101,0.84077016,0.84522356
36.234377,0.13636587,-0.08589380,0.16155268,-0.67374017,-0.02518681,0.58784637,0.58838570
36.254320,0.12825867,-0.08755654,0.22319211,-0.95569392,-0.09493344,0.86813738,0.87331258
36.274265,0.12010590,-0.08911710,0.21513731,-0.97174883,-0.09503141,0.88263173,0.88773292
36.294513,0.11191045,-0.09057495,0.13538955,-0.69009145,-0.02347910,0.59951650,0.59997609
36.314486,0.10367524,-0.09192955,0.17319097,-0.87430869,-0.06951573,0.78237914,0.78546136
36.334339,0.09540320,-0.09318044,0.15714607,-0.82442843,-0.06174287,0.73124799,0.73384999
36.354347,0.08709726,-0.09432716,0.08425436,-0.54623403,0.00284290,0.45190687,0.45191581
36.374161,0.07876038,-0.09536930,0.16440978,-0.88289598,-0.08564940,0.78752668,0.79217049
36.394277,0.07039551,-0.09630650,0.16085731,-0.91217076,-0.09046180,0.81586426,0.82086407
36.414349,0.06200563,-0.09713843,0.07798954,-0.62006369,-0.01598391,0.52292526,0.52316949
36.434322,0.05359372,-0.09786478,0.12149711,-0.82615400,-0.06790339,0.72828922,0.73144792
36.454298,0.04516277,-0.09848531,0.10579601,-0.78099953,-0.06063324,0.68251422,0.68520220
36.474292,0.03671578,-0.09899978,0.03053212,-0.49862951,0.00618366,0.39962973,0.39967757
36.494330,0.02825573,-0.09940802,0.11618651,-0.85857249,-0.08793078,0.75916447,0.76423983
36.514331,0.01978565,-0.09970988,0.11426354,-0.89781172,-0.09447789,0.79810184,0.80367445
36.534342,0.01130854,-0.09990526,0.02791474,-0.59705813,-0.01660620,0.49715287,0.49743014
36.554052,0.00282741,-0.09999408,0.06862259,-0.79543811,-0.06579518,0.69544403,0.69854950
36.574264,-0.00565472,-0.09997631,0.05478369,-0.75227124,-0.06043841,0.65229493,0.65508891
36.594093,-0.01413484,-0.09985197,-0.01536587,-0.47953008,0.00123103,0.37967811,0.37968010
36.614333,-0.02260994,-0.09962109,0.07718445,-0.85887905,-0.09979439,0.75925796,0.76578820
36.634273,-0.03107701,-0.09928375,0.07998840,-0.91261618,-0.11106541,0.81333243,0.82088072
36.654310,-0.03953304,-0.09884008,-0.01063091,-0.59189363,-0.02890213,0.49305355,0.49389993
36.674344,-0.04797502,-0.09829024,0.01994461,-0.74783725,-0.06791963,0.64954701,0.65308835
36.694215,-0.05639996,-0.09763441,0.01566494,-0.75390705,-0.07206490,0.65627264,0.66021748
36.714080,-0.06480485,-0.09687284,-0.05740788,-0.49811203,-0.00739697,0.40123919,0.40130737
36.734239,-0.07318672,-0.09600578,0.02933485,-0.88422111,-0.10252157,0.78821533,0.79485476
36.754304,-0.08154259,-0.09503356,0.02671844,-0.95129140,-0.10826103,0.85625784,0.86307470
36.774300,-0.08986949,-0.09395652,-0.06970639,-0.63100126,-0.02016310,0.53704474,0.53742311
36.794224,-0.09816446,-0.09277503,-0.05612932,-0.73805186,-0.04203514,0.64527683,0.64664453
36.814384,-0.10642455,-0.09148952,-0.03019129,-0.89524619,-0.07623326,0.80375667,0.80736379
36.834780,-0.11464683,-0.09010045,-0.12781807,-0.55414487,0.01317124,0.46404442,0.46423131
36.854402,-0.12282837,-0.08860830,-0.12429087,-0.60284786,0.00146250,0.51423956,0.51424164
36.874309,-0.13096628,-0.08701362,-0.04961698,-0.94953500,-0.08134930,0.86252138,0.86634914
36.894271,-0.13905765,-0.08531695,-0.11024418,-0.77046564,-0.02881347,0.68514869,0.68575428
36.914431,-0.14709961,-0.08351892,-0.16266096,-0.61138115,0.01556135,0.52786223,0.52809155
36.934373,-0.15508932,-0.08162016,-0.11506562,-0.83394802,-0.04002370,0.75232786,0.75339173
36.954264,-0.16302392,-0.07962133,-0.19163048,-0.55405977,0.02860656,0.47443844,0.47530008
36.974318,-0.17090059,-0.07752316,-0.18069280,-0.62868249,0.00979221,0.55115933,0.55124631
36.994368,-0.17871655,-0.07532639,-0.10313280,-0.98973402,-0.07558375,0.91440763,0.91752614
37.013978,-0.18646901,-0.07303179,-0.15678348,-0.84205558,-0.02968553,0.76902379,0.76959653
37.034375,-0.19415522,-0.07064019,-0.22905543,-0.59487776,0.03490021,0.52423757,0.52539799
37.054009,-0.20177245,-0.06815243,-0.15821254,-0.91628612,-0.04355991,0.84813369,0.84925157
37.074258,-0.20931799,-0.06556939,-0.16885556,-0.92484033,-0.04046243,0.85927094,0.86022308
37.094213,-0.21678915,-0.06289200,-0.24518716,-0.64601474,0.02839801,0.58312274,0.58381382
37.114248,-0.22418330,-0.06012121,-0.19621624,-0.86378168,-0.02796706,0.80366047,0.80414694
37.134255,-0.23149779,-0.05725800,-0.20448639,-0.84147957,-0.02701140,0.78422157,0.78468661
37.154139,-0.23873003,-0.05430338,-0.26951560,-0.59591886,0.03078557,0.54161548,0.54248971
37.174289,-0.24587746,-0.05125841,-0.19293117,-0.92331505,-0.05294629,0.87205664,0.87366246
37.194662,-0.25293752,-0.04812417,-0.19916788,-0.94532079,-0.05376964,0.89719662,0.89880641
37.214445,-0.25990772,-0.04490178,-0.28028665,-0.65649688,0.02037893,0.61159510,0.61193453
37.234364,-0.26678557,-0.04159237,-0.24027215,-0.84538227,-0.02651342,0.80378990,0.80422706
37.254285,-0.27356863,-0.03819712,-0.25307715,-0.80428450,-0.02049148,0.76608738,0.76636139
37.274299,-0.28025450,-0.03471724,-0.32189426,-0.53897631,0.04163976,0.50425907,0.50597537
37.294312,-0.28684080,-0.03115397,-0.23373868,-0.90445941,-0.05310212,0.87330544,0.87491841
37.314388,-0.29332518,-0.02750857,-0.22971665,-0.96530632,-0.06360853,0.93779775,0.93995248
37.334228,-0.29970534,-0.02378234,-0.31875378,-0.64011101,0.01904844,0.61632867,0.61662296
37.354270,-0.30597902,-0.01997660,-0.29989345,-0.73692693,-0.00608557,0.71695033,0.71697615
37.374422,-0.31214399,-0.01609271,-0.26510821,-0.89682392,-0.04703578,0.88073121,0.88198630
37.394687,-0.31819805,-0.01213203,-0.35348969,-0.56063417,0.03529164,0.54850214,0.54963633
37.414370,-0.32413906,-0.00809599,-0.34268272,-0.61143282,0.01854366,0.60333683,0.60362174
37.434318,-0.32996491,-0.00398601,-0.26122094,-0.95849539,-0.06874397,0.95450938,0.95698166
37.454370,-0.33567352,0.00019644,-0.31414343,-0.78175005,-0.02153009,0.78194649,0.78224284
37.474156,-0.34126286,0.00444988,-0.37158231,-0.57369540,0.03031945,0.57814528,0.57893975
37.494747,-0.34673096,0.00877280,-0.30744412,-0.83739390,-0.03928684,0.84616670,0.84707824
37.514316,-0.35207586,0.01316367,-0.35486960,-0.66032699,0.00279374,0.67349066,0.67349645
37.534325,-0.35729568,0.01762091,-0.41810809,-0.41216967,0.06081241,0.42979058,0.43407153
37.553679,-0.36238855,0.02214295,-0.32670642,-0.76558540,-0.03568213,0.78772835,0.78853609
37.574272,-0.36735266,0.02672819,-0.34369103,-0.69326336,-0.02366163,0.71999155,0.72038025
37.594262,-0.37218626,0.03137499,-0.28824031,-0.91249354,-0.08394595,0.94386853,0.94759418
37.614219,-0.37688762,0.03608170,-0.29457211,-0.88405873,-0.08231551,0.92014043,0.92381506
37.634332,-0.38145507,0.04084664,-0.26724018,-1.01255117,-0.11421489,1.05339781,1.05957160
37.654342,-0.38588700,0.04566814,-0.29419923,-0.90886912,-0.09168777,0.95453726,0.95893067
37.674344,-0.39018182,0.05054447,-0.36530089,-0.61834674,-0.02488093,0.66889121,0.66935380
37.694275,-0.39433801,0.05547390,-0.29924288,-0.89604739,-0.09509513,0.95152129,0.95626140
37.713915,-0.39835409,0.06045468,-0.30445833,-0.90023251,-0.09389576,0.96068719,0.96526488
37.734300,-0.40222864,0.06548504,-0.38440571,-0.59920248,-0.01782293,0.66468752,0.66492643
37.754237,-0.40596028,0.07056319,-0.33183649,-0.82148151,-0.07412379,0.89204470,0.89511904
37.774351,-0.40954769,0.07568733,-0.33985324,-0.79018303,-0.06969445,0.86587036,0.86867070
37.794302,-0.41298958,0.08085563,-0.29413270,-0.99609547,-0.11885688,1.07695110,1.08349002
37.814345,-0.41628474,0.08606627,-0.30529207,-0.97290780,-0.11099267,1.05897407,1.06477484
37.834241,-0.41943200,0.09131739,-0.38020788,-0.68201413,-0.03922412,0.77333152,0.77432562
37.854183,-0.42243024,0.09660712,-0.33125805,-0.88540600,-0.09117219,0.98201312,0.98623635
37.874197,-0.42527838,0.10193359,-0.33851853,-0.84956708,-0.08675985,0.95150067,0.95544795
37.894263,-0.42797543,0.10729490,-0.30204932,-1.01289345,-0.12592611,1.12018835,1.12724413
37.914286,-0.43052042,0.11268915,-0.32093403,-0.94404198,-0.10958639,1.05673113,1.06239817
37.934216,-0.43291245,0.11811442,-0.38703028,-0.67895631,-0.04588217,0.79707073,0.79839020
37.954322,-0.43515067,0.12356878,-0.32005192,-0.95813593,-0.11509875,1.08170471,1.08781101
37.974426,-0.43723428,0.12905030,-0.32394306,-0.96702087,-0.11329122,1.09607117,1.10191057
37.994295,-0.43916254,0.13455703,-0.35041347,-0.86575892,-0.08874907,1.00031595,1.00424519
38.014592,-0.44093477,0.14008701,-0.36813778,-0.78096857,-0.07279699,0.92105558,0.92392791
38.034296,-0.44255034,0.14563827,-0.38580590,-0.68252948,-0.05674444,0.82816775,0.83010949
38.053932,-0.44400867,0.15120885,-0.39660010,-0.60587140,-0.04740857,0.75708025,0.75856317
38.073856,-0.44530925,0.15679677,-0.40815178,-0.51239238,-0.03715747,0.66918915,0.67021996
38.094260,-0.44645162,0.16240003,-0.50920363,-0.06571658,0.06275201,0.22811661,0.23659037
38.114232,-0.44743536,0.16801665,-0.46872946,-0.16303176,0.02129410,0.33104841,0.33173256
38.134292,-0.44826012,0.17364464,-0.34186083,-0.60973047,-0.10639929,0.78337511,0.79056775
38.154345,-0.44892563,0.17928199,-0.41930247,-0.27782012,-0.02962316,0.45710211,0.45806099
38.174313,-0.44943163,0.18492670,-0.39160627,-0.37400582,-0.05782536,0.55893252,0.56191577
38.193877,-0.44977795,0.19057677,-0.47737845,-0.03693057,0.02760050,0.22750734,0.22917543
38.214249,-0.44996447,0.19623019,-0.44852214,-0.16033311,-0.00144233,0.35656330,0.35656622
38.234194,-0.44999112,0.20188494,-0.34182103,-0.61010841,-0.10817009,0.81199335,0.81916664
38.254292,-0.44985789,0.20753903,-0.43848386,-0.28569987,-0.01137403,0.49323890,0.49337003
38.274284,-0.44956482,0.21319044,-0.41858280,-0.41633814,-0.03098202,0.62952858,0.63029051
38.294346,-0.44911203,0.21883716,-0.50982202,-0.12528414,0.06070999,0.34412130,0.34943551
38.314275,-0.44849967,0.22447718,-0.52766599,-0.11021434,0.07916632,0.33469152,0.34392691
38.334336,-0.44772796,0.23010851,-0.43212310,-0.52902292,-0.01560486,0.75913143,0.75929181
38.354372,-0.44679717,0.23572915,-0.54318490,-0.15231758,0.09638773,0.38804673,0.39983854
38.374296,-0.44570764,0.24133709,-0.51450857,-0.30656316,0.06880093,0.54790025,0.55220309
38.394294,-0.44445975,0.24693034,-0.60740432,0.00017938,0.16294457,0.24675096,0.29569743
38.414370,-0.44305395,0.25250692,-0.60688086,-0.04308010,0.16382691,0.29558702,0.33795110
38.434219,-0.44149073,0.25806484,-0.72543938,0.37552727,0.28394865,-0.11746243,0.30728530
38.454315,-0.43977066,0.26360213,-0.71067461,0.29531048,0.27090395,-0.03170835,0.27275331
38.474235,-0.43789433,0.26911683,-0.60189403,-0.13792673,0.16399970,0.40704356,0.43883979
38.494253,-0.43586242,0.27460697,-0.71990071,0.32094120,0.28403829,-0.04633423,0.28779265
38.514277,-0.43367566,0.28007060,-0.69211773,0.24032459,0.25844207,0.03974601,0.26148049
38.534260,-0.43133481,0.28550578,-0.57150854,-0.19400008,0.14017373,0.47950586,0.49957436
38.553876,-0.42884070,0.29091058,-0.70003373,0.32574938,0.27119303,-0.03483880,0.27342165
38.574362,-0.42619424,0.29628308,-0.67758998,0.28705857,0.25139574,0.00922451,0.25156492
38.594359,-0.42339635,0.30162138,-0.75968622,0.65749445,0.33628987,-0.35587307,0.48962895
38.614335,-0.42044802,0.30692356,-0.73992289,0.65252774,0.31947487,-0.34560418,0.47064471
38.634262,-0.41735032,0.31218776,-0.64229860,0.35557192,0.22494828,-0.04338416,0.22909368
38.654363,-0.41410433,0.31741210,-0.72948468,0.78973708,0.31538035,-0.47232498,0.56793983
38.674306,-0.41071121,0.32259472,-0.71483680,0.86367226,0.30412559,-0.54107754,0.62069097
38.694303,-0.40717217,0.32773379,-0.68691394,0.88265842,0.27974177,-0.55492463,0.62144735
38.713876,-0.40348847,0.33282747,-0.61790668,0.70269277,0.21441821,-0.36986530,0.42752252
38.734313,-0.39966140,0.33787396,-0.59466896,0.69570995,0.19500756,-0.35783599,0.40752245
38.754316,-0.39569234,0.34287146,-0.64181965,0.97612635,0.24612731,-0.63325489,0.67940445
38.774343,-0.39158269,0.34781820,-0.56599902,0.76609942,0.17441633,-0.41828122,0.45318896
38.794570,-0.38733391,0.35271242,-0.54387015,0.77587095,0.15653624,-0.42315853,0.45118371
38.814386,-0.38294752,0.35755239,-0.58597991,1.05082455,0.20303239,-0.69327216,0.72239078
38.834264,-0.37842506,0.36233638,-0.51610775,0.87298582,0.13768269,-0.51064944,0.52888503
38.854252,-0.37376815,0.36706268,-0.47564338,0.80411701,0.10187523,-0.43705433,0.44877060
38.874257,-0.36897845,0.37172964,-0.50915578,1.01980273,0.14017733,-0.64807309,0.66305989
38.894230,-0.36405765,0.37633558,-0.43646954,0.79129734,0.07241189,-0.41496176,0.42123242
38.914278,-0.35900750,0.38087886,-0.42966033,0.83347615,0.07065283,-0.45259729,0.45807873
38.934295,-0.35382979,0.38535788,-0.47748028,1.11229767,0.12365049,-0.72693979,0.73738111
38.954354,-0.34852638,0.38977105,-0.41863387,0.95750402,0.07010749,-0.56773297,0.57204527
38.974416,-0.34309913,0.39411679,-0.37377768,0.84081933,0.03067855,-0.44670254,0.44775477
38.994340,-0.33754998,0.39839356,-0.31163206,0.61881856,-0.02591792,-0.22042500,0.22194351
39.014250,-0.33188090,0.40259984,-0.34424429,0.76899383,0.01236339,-0.36639399,0.36660252
39.034235,-0.32609391,0.40673414,-0.36742698,0.88248734,0.04133307,-0.47575320,0.47754532
39.054251,-0.32019105,0.41079499,-0.28540590,0.57848841,-0.03478515,-0.16769342,0.17126322
39.074014,-0.31417444,0.41478094,-0.32010052,0.73240084,0.00592608,-0.31761990,0.31767518
39.094244,-0.30804620,0.41869059,-0.30496777,0.69246939,-0.00307843,-0.27377880,0.27379611
39.114416,-0.30180851,0.42252253,-0.29387311,0.66278097,-0.00793540,-0.24025844,0.24038945
39.134366,-0.29546359,0.42627541,-0.34115371,0.87454051,0.04569012,-0.44826510,0.45058760
39.154375,-0.28901369,0.42994790,-0.26027978,0.56578560,-0.02873391,-0.13583770,0.13884350
39.174363,-0.28246111,0.43353869,-0.26838710,0.61279741,-0.01407401,-0.17925872,0.17981036
39.194144,-0.27580817,0.43704650,-0.18752414,0.31801346,-0.08828403,0.11903304,0.14819897
39.214241,-0.26905724,0.44047010,-0.21114646,0.44193820,-0.05791078,-0.00146810,0.05792939
39.234248,-0.26221072,0.44380825,-0.30946211,0.87988177,0.04725139,-0.43607352,0.43862604
39.254125,-0.25527103,0.44705978,-0.24821912,0.70763808,-0.00705191,-0.26057830,0.26067371
39.274283,-0.24824064,0.45022353,-0.20799138,0.61395844,-0.04024926,-0.16373491,0.16860938
39.294440,-0.24112206,0.45329838,-0.25776505,0.86174684,0.01664299,-0.40844846,0.40878740
39.314356,-0.23391780,0.45628323,-0.17848631,0.58398165,-0.05543149,-0.12769842,0.13921040
39.334323,-0.22663044,0.45917703,-0.18764102,0.65748487,-0.03898942,-0.19830784,0.20210437
39.354320,-0.21926256,0.46197874,-0.26020454,1.00233374,0.04094198,-0.54035500,0.54190384
39.374352,-0.21181677,0.46468737,-0.20379866,0.84073654,-0.00801811,-0.37604917,0.37613464
39.394274,-0.20429572,0.46730196,-0.16883355,0.75550483,-0.03546217,-0.28820287,0.29037641
39.414171,-0.19670209,0.46982158,-0.21167838,0.96624310,0.01497629,-0.49642152,0.49664738
39.434093,-0.18903858,0.47224533,-0.14261727,0.71175765,-0.04642131,-0.23951232,0.24396945
39.454248,-0.18130790,0.47457235,-0.14792520,0.76103290,-0.03338270,-0.28646055,0.28839912
39.474338,-0.17351280,0.47680182,-0.21199739,1.06218096,0.03848459,-0.58537914,0.58664282
39.494552,-0.16565605,0.47893295,-0.16713199,0.91563463,0.00147594,-0.43670168,0.43670417
39.514322,-0.15774044,0.48096497,-0.13134131,0.79755148,-0.02639913,-0.31658651,0.31768528
39.534295,-0.14976880,0.48289716,-0.17809591,0.99973698,0.02832711,-0.51683982,0.51761551
39.554614,-0.14174393,0.48472884,-0.12357724,0.78408581,-0.01816669,-0.29935697,0.29990769
39.574580,-0.13366871,0.48645936,-0.12814151,0.82552207,-0.00552720,-0.33906271,0.33910776
39.593853,-0.12554600,0.48808811,-0.18557610,1.09840553,0.06003010,-0.61031742,0.61326256
39.614242,-0.11737868,0.48961449,-0.13450554,0.93138405,0.01712686,-0.44176956,0.44210143
39.634286,-0.10916965,0.49103798,-0.10573928,0.85305561,-0.00343037,-0.36201763,0.36203389
39.654057,-0.10092184,0.49235806,-0.14595888,1.04049547,0.04503704,-0.54813741,0.54998451
39.674302,-0.09263817,0.49357427,-0.08432772,0.79906583,-0.00831045,-0.30549156,0.30560458
39.694332,-0.08432159,0.49468618,-0.08637357,0.82793045,0.00205198,-0.33324427,0.33325059
39.714325,-0.07597505,0.49569338,-0.14308470,1.09359449,0.06710965,-0.59790111,0.60165558
39.734329,-0.06760152,0.49659552,-0.09202247,0.92224255,0.02442095,-0.42564703,0.42634702
39.754202,-0.05920396,0.49739229,-0.06526026,0.85042730,0.00605630,-0.35303501,0.35308695
39.774161,-0.05078537,0.49808339,-0.10690410,1.04469323,0.05611873,-0.54660984,0.54948306
39.794099,-0.04234874,0.49866859,-0.04636749,0.80982925,0.00401875,-0.31116066,0.31118661
39.814231,-0.03389706,0.49914767,-0.04715485,0.83831834,0.01325779,-0.33917067,0.33942969
39.834305,-0.02543334,0.49952047,-0.10196774,1.10273483,0.07653440,-0.60321436,0.60805023
39.854322,-0.01696058,0.49978684,-0.05042834,0.93552605,0.03346776,-0.43573921,0.43702259
39.874226,-0.00848180,0.49994671,-0.02156052,0.85889709,0.01307872,-0.35895038,0.35918857
39.894503,0.00000000,0.50000000,-0.06175676,1.05087050,0.06175676,-0.55087050,0.55432139
39.914367,0.00848180,0.49994671,-0.00184973,0.82159038,0.01033153,-0.32164367,0.32180955
39.934211,0.01696058,0.49978684,-0.00462875,0.86147978,0.02158933,-0.36169294,0.36233669
39.954150,0.02543334,0.49952047,-0.05889374,1.13103233,0.08432708,-0.63151186,0.63711717
39.974176,0.03389706,0.49914767,-0.00994096,0.98195973,0.04383802,-0.48281206,0.48479816
39.994048,0.04234874,0.49866859,0.02696148,0.87384877,0.01538726,-0.37518018,0.37549558
40.014124,0.05078537,0.49808339,-0.01081390,1.05500851,0.06159927,-0.55692512,0.56032139
40.034318,0.05920396,0.49739229,0.04629040,0.83711683,0.01291356,-0.33972454,0.33996989
40.053807,0.06760152,0.49659552,0.04413658,0.87739671,0.02346494,-0.38080119,0.38152346
40.074461,0.07597505,0.49569338,-0.00883272,1.14604704,0.08480777,-0.65035366,0.65585992
40.094630,0.08432159,0.49468618,0.04000319,1.00094927,0.04431840,-0.50626309,0.50819921
40.114472,0.09263817,0.49357427,0.08101885,0.87568854,0.01161932,-0.38211427,0.38229089
40.134386,0.10092184,0.49235806,0.04156636,1.06703297,0.05935548,-0.57467491,0.57773205
40.154276,0.10916965,0.49103798,0.09160997,0.88603143,0.01755968,-0.39499345,0.39538357
40.174225,0.11737868,0.48961449,0.11144710,0.83568300,0.00593158,-0.34606851,0.34611934
40.194269,0.12554600,0.48808811,0.06470739,1.05113476,0.06083861,-0.56304665,0.56632399
40.214378,0.13366871,0.48645936,0.12181087,0.83696418,0.01185784,-0.35050482,0.35070534
40.234355,0.14174393,0.48472884,0.11997646,0.87964609,0.02176747,-0.39491725,0.39551669
40.254408,0.14976880,0.48289716,0.06785073,1.14803780,0.08191807,-0.66514064,0.67016613
40.274704,0.15774044,0.48096497,0.11763282,1.00203569,0.04010762,-0.52107072,0.52261201
40.294416,0.16565605,0.47893295,0.15994883,0.87289527,0.00570722,-0.39396232,0.39400365
40.314355,0.17351280,0.47680182,0.12138535,1.06286533,0.05212745,-0.58606351,0.58837718
40.334380,0.18130790,0.47457235,0.17243577,0.87930888,0.00887213,-0.40473653,0.40483376
40.354215,0.18903858,0.47224533,0.19197104,0.82977050,-0.00293246,-0.35752517,0.35753720
40.374214,0.19670209,0.46982158,0.14422586,1.04820898,0.05247623,-0.57838740,0.58076306
40.394177,0.20429572,0.46730196,0.20104404,0.83535331,0.00325168,-0.36805135,0.36806571
40.414313,0.21181677,0.46468737,0.20199521,0.86437184,0.00982156,-0.39968447,0.39980512
40.434379,0.21926256,0.46197874,0.14910609,1.12813434,0.07015647,-0.66615560,0.66983969
40.454639,0.22663044,0.45917703,0.19864560,0.97384553,0.02798484,-0.51466850,0.51542877
40.474830,0.23391780,0.45628323,0.23691167,0.85500269,-0.00299387,-0.39871946,0.39873070
40.494342,0.24112206,0.45329838,0.19754816,1.03807109,0.04357390,-0.58477271,0.58639390
40.514386,0.24824064,0.45022353,0.25326498,0.82439124,-0.00502434,-0.37416771,0.37420145
40.534318,0.25527103,0.44705978,0.25577603,0.84133614,-0.00050500,-0.39427636,0.39427669
40.554425,0.26221072,0.44380825,0.20168059,1.10028314,0.06053013,-0.65647489,0.65925957
40.574272,0.26905724,0.44047010,0.25256112,0.93146473,0.01649612,-0.49099463,0.49127167
40.594110,0.27580817,0.43704650,0.28238472,0.84438529,-0.00657655,-0.40733879,0.40739188
40.614289,0.28246111,0.43353869,0.24107989,1.03061686,0.04138122,-0.59707817,0.59851044
40.634276,0.28901369,0.42994790,0.30266304,0.78531818,-0.01364935,-0.35537028,0.35563232
40.654309,0.29546359,0.42627541,0.29875571,0.81827679,-0.00329212,-0.39200138,0.39201520
40.674486,0.30180851,0.42252253,0.23936172,1.09355046,0.06244679,-0.67102793,0.67392736
40.694375,0.30804620,0.41869059,0.28835610,0.93185709,0.01969010,-0.51316650,0.51354411
40.714119,0.31417444,0.41478094,0.32518038,0.81236396,-0.01100594,-0.39758302,0.39773533
40.734270,0.32019105,0.41079499,0.28315997,0.99747855,0.03703108,-0.58668356,0.58785109
40.754243,0.32609391,0.40673414,0.34364835,0.75439714,-0.01755444,-0.34766300,0.34810590
40.774307,0.33188090,0.40259984,0.33826498,0.79139738,-0.00638408,-0.38879754,0.38884995
40.794224,0.33754998,0.39839356,0.40050731,0.55765304,-0.06295733,-0.15925948,0.17125189
40.814215,0.34309913,0.39411679,0.38757752,0.63561094,-0.04447839,-0.24149415,0.24555601
40.834237,0.34852638,0.38977105,0.30985052,0.98939588,0.03867586,-0.59962483,0.60087083
40.854314,0.35382979,0.38535788,0.36245646,0.83375874,-0.00862667,-0.44840086,0.44848383
40.874439,0.35900750,0.38087886,0.40807521,0.69086189,-0.04906771,-0.30998303,0.31384251
40.894274,0.36405765,0.37633558,0.35832323,0.91498152,0.00573442,-0.53864594,0.53867646
40.914302,0.36897845,0.37172964,0.41717700,0.69652564,-0.04819855,-0.32479600,0.32835277
40.934102,0.37376815,0.36706268,0.41852101,0.71465574,-0.04475286,-0.34759306,0.35046220
40.954326,0.37842506,0.36233638,0.35102537,1.01289711,0.02739969,-0.65056073,0.65113747
40.974296,0.38294752,0.35755239,0.40213682,0.83470133,-0.01918930,-0.47714894,0.47753465
40.994355,0.38733391,0.35271242,0.38387336,0.93088075,0.00346055,-0.57816833,0.57817869
41.014358,0.39158269,0.34781820,0.37233707,0.98749738,0.01924562,-0.63967918,0.63996863
41.034412,0.39569234,0.34287146,0.44354229,0.70405772,-0.04784995,-0.36118626,0.36434206
41.054631,0.39966140,0.33787396,0.40831822,0.84280711,-0.00865682,-0.50493315,0.50500735
41.074340,0.40348847,0.33282747,0.39700869,0.87252501,0.00647978,-0.53969754,0.53973644
41.094331,0.40717217,0.32773379,0.46111940,0.60681960,-0.05394723,-0.27908581,0.28425199
41.114341,0.41071121,0.32259472,0.38991315,0.88317885,0.02079806,-0.56058413,0.56096981
41.134247,0.41410433,0.31741210,0.38729197,0.88617236,0.02681236,-0.56876026,0.56939190
41.154260,0.41735032,0.31218776,0.44629236,0.64630436,-0.02894204,-0.33411660,0.33536777
41.174224,0.42044802,0.30692356,0.37061901,0.95390786,0.04982901,-0.64698430,0.64890031
41.194216,0.42339635,0.30162138,0.36822132,0.98478295,0.05517503,-0.68316157,0.68538603
41.214285,0.42619424,0.29628308,0.43899119,0.71273614,-0.01279695,-0.41645306,0.41664962
41.234280,0.42884070,0.29091058,0.39598242,0.89426485,0.03285828,-0.60335427,0.60424833
41.254308,0.43133481,0.28550578,0.40423707,0.84718129,0.02709774,-0.56167551,0.56232879
41.274321,0.43367566,0.28007060,0.46761008,0.57794570,-0.03393442,-0.29787510,0.29980180
41.294225,0.43586242,0.27460697,0.38291229,0.90534501,0.05295013,-0.63073804,0.63295671
41.314205,0.43789433,0.26911683,0.37899256,0.93082917,0.05890177,-0.66171234,0.66432871
41.334277,0.43977066,0.26360213,0.44879605,0.65745719,-0.00902539,-0.39385506,0.39395846
41.354258,0.44149073,0.25806484,0.39450621,0.87739033,0.04698452,-0.61932549,0.62110515
41.374411,0.44305395,0.25250692,0.39841578,0.84998541,0.04463817,-0.59747849,0.59914365
41.394360,0.44445975,0.24693034,0.45894190,0.59766917,-0.01448215,-0.35073883,0.35103769
41.414554,0.44570764,0.24133709,0.37546380,0.92858976,0.07024384,-0.68725267,0.69083314
41.434316,0.44679717,0.23572915,0.37212933,0.96249202,0.07466784,-0.72676287,0.73058850
41.454272,0.44772796,0.23010851,0.44591222,0.67885817,0.00181574,-0.44874966,0.44875334
41.474318,0.44849967,0.22447718,0.40256031,0.86018453,0.04593936,-0.63570735,0.63736509
41.494225,0.44911203,0.21883716,0.41218967,0.80727251,0.03692236,-0.58843535,0.58959259
41.514251,0.44956482,0.21319044,0.47659567,0.53357687,-0.02703085,-0.32038643,0.32152470
41.534244,0.44985789,0.20753903,0.38488822,0.88550852,0.06496967,-0.67796949,0.68107539
41.554235,0.44999112,0.20188494,0.37705047,0.92905474,0.07294065,-0.72716980,0.73081889
41.574548,0.44996447,0.19623019,0.45352161,0.62982129,-0.00355714,-0.43359110,0.43360569
41.594462,0.44977795,0.19057677,0.41060830,0.80192514,0.03916965,-0.61134837,0.61260191
41.614377,0.44943163,0.18492670,0.42037665,0.74037403,0.02905498,-0.55544733,0.55620673
41.634262,0.44892563,0.17928199,0.48745227,0.44972193,-0.03852664,-0.27043994,0.27317039
41.654375,0.44826012,0.17364464,0.38303109,0.84056633,0.06522903,-0.66692169,0.67010399
41.674314,0.44743536,0.16801665,0.36990274,0.89665584,0.07753262,-0.72863919,0.73275261
41.694519,0.44645162,0.16240003,0.44981072,0.58079729,-0.00335910,-0.41839726,0.41841074
41.714323,0.44530925,0.15679677,0.40530651,0.75562576,0.04000274,-0.59882899,0.60016363
41.734283,0.44400867,0.15120885,0.40350972,0.74363205,0.04049895,-0.59242320,0.59380587
41.754237,0.44255034,0.14563827,0.46662627,0.48144956,-0.02407593,-0.33581129,0.33667324
41.774333,0.44093477,0.14008701,0.36553198,0.87729870,0.07540279,-0.73721169,0.74105780
41.794301,0.43916254,0.13455703,0.35437454,0.94646286,0.08478800,-0.81190583,0.81632107
41.814379,0.43723428,0.12905030,0.43903425,0.62213483,-0.00179997,-0.49308453,0.49308781
41.834309,0.43515067,0.12356878,0.41306975,0.73176303,0.02208092,-0.60819425,0.60859495
41.854275,0.43291245,0.11811442,0.37556528,0.88488066,0.05734717,-0.76676624,0.76890777
41.874284,0.43052042,0.11268915,0.46248739,0.53683613,-0.03196697,-0.42414698,0.42534991
41.894222,0.42797543,0.10729490,0.44584236,0.59155041,-0.01786693,-0.48425551,0.48458501
41.914246,0.42527838,0.10193359,0.35713705,0.94533343,0.06814133,-0.84339984,0.84614806
41.934257,0.42243024,0.09660712,0.40488246,0.76769020,0.01754778,-0.67108308,0.67131246
41.954395,0.41943200,0.09131739,0.45102246,0.58547457,-0.03159046,-0.49415718,0.49516591
41.974371,0.41628474,0.08606627,0.38555693,0.83429229,0.03072781,-0.74822602,0.74885672
41.994311,0.41298958,0.08085563,0.43776978,0.61372942,-0.02478020,-0.53287379,0.53344966
42.013926,0.40954769,0.07568733,0.45642217,0.52998214,-0.04687448,-0.45429481,0.45670668
42.034337,0.40596028,0.07056319,0.37876721,0.81578178,0.02719307,-0.74521859,0.74571457
42.054314,0.40222864,0.06548504,0.44154792,0.54354736,-0.03931928,-0.47806232,0.47967654
42.074362,0.39835409,0.06045468,0.41573090,0.63442034,-0.01737681,-0.57396566,0.57422864
42.094258,0.39433801,0.05547390,0.33909215,0.93826358,0.05524586,-0.88278968,0.88451666
42.114224,0.39018182,0.05054447,0.39378584,0.72427083,-0.00360402,-0.67372636,0.67373600
42.134181,0.38588700,0.04566814,0.41460272,0.64128775,-0.02871572,-0.59561961,0.59631142
42.153748,0.38145507,0.04084664,0.34783847,0.89329462,0.03361660,-0.85244798,0.85311056
42.174271,0.37688762,0.03608170,0.35182675,0.86515636,0.02506087,-0.82907466,0.82945334
42.194548,0.37218626,0.03137499,0.30849203,1.03169065,0.06369423,-1.00031566,1.00234144
42.214313,0.36735266,0.02672819,0.36647340,0.77179078,0.00087926,-0.74506259,0.74506311
42.234292,0.36238855,0.02214295,0.35419407,0.80479640,0.00819448,-0.78265345,0.78269635
42.254419,0.35729568,0.01762091,0.29770157,1.01867207,0.05959411,-1.00105116,1.00282345
42.274277,0.35207586,0.01316367,0.35097321,0.78484635,0.00110265,-0.77168268,0.77168347
42.294163,0.34673096,0.00877280,0.35500564,0.75156525,-0.00827468,-0.74279245,0.74283854
42.314270,0.34126286,0.00444988,0.28571854,1.00769703,0.05554432,-1.00324715,1.00478357
42.334285,0.33567352,0.00019644,0.32918429,0.80370350,0.00648923,-0.80350706,0.80353326
42.354129,0.32996491,-0.00398601,0.35388228,0.67306051,-0.02391737,-0.67704652,0.67746884
42.374285,0.32413906,-0.00809599,0.29126797,0.87438974,0.03287109,-0.88248573,0.88309772
42.394311,0.31819805,-0.01213203,0.35194381,0.57085564,-0.03374576,-0.58298767,0.58396352
42.414183,0.31214399,-0.01609271,0.32504835,0.62799254,-0.01290436,-0.64408525,0.64421450
42.434293,0.30597902,-0.01997660,0.22977066,0.97358623,0.07620836,-0.99356283,0.99648122
42.454325,0.29970534,-0.02378234,0.26633846,0.80283717,0.03336688,-0.82661951,0.82729267
42.474075,0.29332518,-0.02750857,0.31906342,0.55768378,-0.02573824,-0.58519235,0.58575809
42.494239,0.28684080,-0.03115397,0.23152218,0.86652438,0.05531862,-0.89767835,0.89938122
42.514235,0.28025450,-0.03471724,0.23902406,0.80768349,0.04123044,-0.84240073,0.84340912
42.534129,0.27356863,-0.03819712,0.29781447,0.53958387,-0.02424584,-0.57778099,0.57828949
42.554305,0.26678557,-0.04159237,0.20109652,0.89441252,0.06568905,-0.93600489,0.93830710
42.574335,0.25990772,-0.04490178,0.18815081,0.93865227,0.07175691,-0.98355405,0.98616815
42.594272,0.25293752,-0.04812417,0.26449546,0.61454605,-0.01155794,-0.66267022,0.66277100
42.614311,0.24587746,-0.05125841,0.22625424,0.74096505,0.01962322,-0.79222346,0.79246645
42.634064,0.23873003,-0.05430338,0.20272383,0.79359463,0.03600620,-0.84789801,0.84866217
42.654082,0.23149779,-0.05725800,0.28028012,0.44993929,-0.04878233,-0.50719729,0.50953784
42.674488,0.22418330,-0.06012121,0.21243028,0.67513153,0.01175302,-0.73525274,0.73534667
42.694269,0.21678915,-0.06289200,0.21179400,0.61615512,0.00499515,-0.67904712,0.67906549
42.714294,0.20931799,-0.06556939,0.27686944,0.30032143,-0.06755145,-0.36589082,0.37207431
42.734302,0.20177245,-0.06815243,0.14425876,0.76048355,0.05751369,-0.82863598,0.83062953
42.754154,0.19415522,-0.07064019,0.11615707,0.83711622,0.07799815,-0.90775641,0.91110120
42.774359,0.18646901,-0.07303179,0.20036073,0.46690372,-0.01389172,-0.53993551,0.54011418
42.794360,0.17871655,-0.07532639,0.15715511,0.59454411,0.02156144,-0.66987050,0.67021742
42.814436,0.17090059,-0.07752316,0.09668652,0.78993358,0.07421407,-0.86745674,0.87062560
42.834184,0.16302392,-0.07962133,0.17965824,0.41612900,-0.01663432,-0.49575033,0.49602932
42.854133,0.15508932,-0.08162016,0.14923381,0.48476223,0.00585551,-0.56638239,0.56641266
42.874281,0.14709961,-0.08351892,0.04147599,0.86936463,0.10562362,-0.95288355,0.95871967
42.894246,0.13905765,-0.08531695,0.08581423,0.66458629,0.05324342,-0.74990324,0.75179101
42.914379,0.13096628,-0.08701362,0.12988581,0.46048293,0.00108047,-0.54749655,0.54749762
42.934027,0.12282837,-0.08860830,0.04982157,0.73225746,0.07300680,-0.82086576,0.82410594
42.954271,0.11464683,-0.09010045,0.10499090,0.47049743,0.00965593,-0.56059788,0.56068103
42.974339,0.10642455,-0.09148952,0.10474881,0.43891394,0.00167574,-0.53040346,0.53040610
42.994282,0.09816446,-0.09277503,0.00728363,0.78394280,0.09088083,-0.87671783,0.88141561
43.014250,0.08986949,-0.09395652,0.06960365,0.50538841,0.02026584,-0.59934493,0.59968746
43.034284,0.08154259,-0.09503356,0.05209735,0.55481336,0.02944524,-0.64984692,0.65051368
43.054399,0.07318672,-0.09600578,-0.04014806,0.91041784,0.11333478,-1.00642362,1.01278491
43.073943,0.06480485,-0.09687284,0.01000777,0.71004832,0.05479708,-0.80692116,0.80877963
43.094128,0.05639996,-0.09763441,0.05380704,0.52553786,0.00259292,-0.62317227,0.62317766
43.114185,0.04797502,-0.09829024,-0.01284053,0.76146071,0.06081555,-0.85975095,0.86189920
43.133858,0.03953304,-0.09884008,0.05402155,0.46161863,-0.01448851,-0.56045871,0.56064595
43.154642,0.03107701,-0.09928375,0.02711356,0.54029140,0.00396345,-0.63957515,0.63958743
43.174391,0.02260994,-0.09962109,-0.07219866,0.91871099,0.09480860,-1.01833208,1.02273599
43.194239,0.01413484,-0.09985197,-0.02677750,0.73450672,0.04091234,-0.83435869,0.83536114
43.214530,0.00565472,-0.09997631,0.02848021,0.49800168,-0.02282549,-0.59797799,0.59841347
43.234369,-0.00282741,-0.09999408,-0.05683948,0.80940546,0.05401207,-0.90939954,0.91100210
43.254289,-0.01130854,-0.09990526,-0.03352544,0.69666938,0.02221690,-0.79657464,0.79688440
43.274279,-0.01978565,-0.09970988,0.03940094,0.37202406,-0.05918659,-0.47173394,0.47543240
43.294286,-0.02825573,-0.09940802,-0.07528425,0.78114605,0.04702852,-0.88055407,0.88180902
43.314233,-0.03671578,-0.09899978,-0.09244491,0.82886043,0.05572913,-0.92786021,0.92953231
43.334679,-0.04516277,-0.09848531,-0.01358102,0.49349270,-0.03158175,-0.59197801,0.59281985
43.354812,-0.05359372,-0.09786478,-0.07185519,0.69524067,0.01826147,-0.79310545,0.79331566
43.374348,-0.06200563,-0.09713843,-0.06620809,0.62114362,0.00420246,-0.71828205,0.71829434
43.394348,-0.07039551,-0.09630650,0.00176826,0.29864533,-0.07216377,-0.39495183,0.40149042
43.414413,-0.07876038,-0.09536930,-0.12765853,0.74878968,0.04889815,-0.84415898,0.84557401
43.434239,-0.08709726,-0.09432716,-0.15140994,0.81031785,0.06431268,-0.90464501,0.90692818
43.454226,-0.09540320,-0.09318044,-0.06842217,0.45275399,-0.02698103,-0.54593443,0.54660075
43.474397,-0.10367524,-0.09192955,-0.12339886,0.63517070,0.01972362,-0.72710025,0.72736772
43.494247,-0.11191045,-0.09057495,-0.13196479,0.61712017,0.02005434,-0.70769512,0.70797920
43.514722,-0.12010590,-0.08911710,-0.06585864,0.31402988,-0.05424726,-0.40314698,0.40678035
43.534417,-0.12825867,-0.08755654,-0.19188248,0.76672108,0.06362381,-0.85427762,0.85664359
43.554331,-0.13636587,-0.08589380,-0.21237459,0.83268511,0.07600872,-0.91857891,0.92171825
43.574452,-0.14442462,-0.08412949,-0.12784721,0.48186315,-0.01657741,-0.56599264,0.56623535
43.594185,-0.15243206,-0.08226423,-0.17586979,0.64899706,0.02343773,-0.73126129,0.73163680
43.614252,-0.16038535,-0.08029868,-0.19111001,0.67154800,0.03072466,-0.75184668,0.75247421
43.633989,-0.16828164,-0.07823355,-0.12759640,0.39616930,-0.04068524,-0.47440285,0.47614425
43.654336,-0.17611815,-0.07606955,-0.24156059,0.82391978,0.06544244,-0.89998933,0.90236551
43.674379,-0.18389208,-0.07380748,-0.25979803,0.90273690,0.07590595,-0.97654438,0.97948999
43.694187,-0.19160068,-0.07144812,-0.21324910,0.68479058,0.02164842,-0.75623870,0.75654850
43.714271,-0.19924120,-0.06899231,-0.25940478,0.83610358,0.06016358,-0.90509589,0.90709328
43.734335,-0.20681094,-0.06644093,-0.25542835,0.76039009,0.04861741,-0.82683102,0.82825913
43.754339,-0.21430719,-0.06379489,-0.19351476,0.45575345,-0.02079243,-0.51954834,0.51996424
43.774350,-0.22172730,-0.06105513,-0.30156161,0.82911731,0.07983431,-0.89017244,0.89374521
43.794280,-0.22906864,-0.05822261,-0.32027389,0.87174631,0.09120525,-0.92996892,0.93443062
43.814207,-0.23632858,-0.05529834,-0.24543538,0.54444435,0.00910680,-0.59974269,0.59981183
43.834212,-0.24350456,-0.05228337,-0.30026156,0.72942838,0.05675700,-0.78171175,0.78376950
43.853810,-0.25059403,-0.04917877,-0.29607412,0.65813252,0.04548009,-0.70731129,0.70877197
43.874242,-0.25759446,-0.04598563,-0.23169512,0.35115516,-0.02589934,-0.39714079,0.39798440
43.893917,-0.26450336,-0.04270510,-0.35496600,0.78452751,0.09046264,-0.82723261,0.83216421
43.914323,-0.27131829,-0.03933833,-0.37854566,0.85299141,0.10722737,-0.89232974,0.89874917
43.934411,-0.27803683,-0.03588653,-0.29756438,0.50803080,0.01952755,-0.54391733,0.54426775
43.953869,-0.28465657,-0.03235092,-0.34524794,0.66892226,0.06059137,-0.70127318,0.70388592
43.974380,-0.29117518,-0.02873275,-0.37200883,0.73862965,0.08083365,-0.76736240,0.77160815
43.994332,-0.29759034,-0.02503332,-0.29415964,0.40465201,-0.00343070,-0.42968533,0.42969902
44.014350,-0.30389976,-0.02125394,-0.37299524,0.68379380,0.06909548,-0.70504774,0.70842536
44.034301,-0.31010121,-0.01739594,-0.37735289,0.66349158,0.06725168,-0.68088752,0.68420071
44.054193,-0.31619249,-0.01346070,-0.31249125,0.37950731,-0.00370124,-0.39296801,0.39298544
44.074281,-0.32217142,-0.00944963,-0.42945310,0.81614294,0.10728168,-0.82559257,0.83253375
44.094307,-0.32803588,-0.00536413,-0.44936843,0.90120013,0.12133255,-0.90656426,0.91464767
44.114321,-0.33378380,-0.00120567,-0.36300205,0.55850844,0.02921825,-0.55971411,0.56047622
44.134371,-0.33941312,0.00302427,-0.39070138,0.66152135,0.05128826,-0.65849708,0.66049140
44.154368,-0.34492185,0.00732420,-0.45229409,0.90652201,0.10737224,-0.89919781,0.90558572
44.173869,-0.35030804,0.01169259,-0.38523192,0.63911360,0.03492388,-0.62742101,0.62839224
44.193849,-0.35556976,0.01612788,-0.40948002,0.73013714,0.05391026,-0.71400926,0.71604157
44.214323,-0.36070514,0.02062851,-0.35850675,0.52931610,-0.00219839,-0.50868759,0.50869234
44.234126,-0.36571237,0.02519286,-0.32186267,0.38222927,-0.04384970,-0.35703641,0.35971905
44.254263,-0.37058967,0.02981932,-0.39976891,0.66662010,0.02917924,-0.63680078,0.63746895
44.274598,-0.37533530,0.03450624,-0.31709652,0.31571548,-0.05823878,-0.28120924,0.28717659
44.294258,-0.37994757,0.03925196,-0.35548189,0.43780634,-0.02446568,-0.39855438,0.39930460
44.314465,-0.38442484,0.04405480,-0.47028310,0.87931589,0.08585826,-0.83526109,0.83966227
44.334879,-0.38876554,0.04891304,-0.42940576,0.72407950,0.04064022,-0.67516646,0.67638848
44.354352,-0.39296810,0.05382496,-0.36993737,0.48331876,-0.02303073,-0.42949380,0.43011085
44.374334,-0.39703105,0.05878882,-0.46389051,0.84453132,0.06685946,-0.78574250,0.78858193
44.394166,-0.40095294,0.06380285,-0.45812144,0.82731093,0.05716850,-0.76350808,0.76564537
44.414165,-0.40473236,0.06886527,-0.39896641,0.59464802,-0.00576595,-0.52578275,0.52581436
44.434503,-0.40836799,0.07397428,-0.48044585,0.92585464,0.07207786,-0.85188036,0.85492419
44.454350,-0.41185853,0.07912807,-0.47689325,0.93696422,0.06503472,-0.85783615,0.86029784
44.474339,-0.41520273,0.08432480,-0.41002254,0.68297124,-0.00518019,-0.59864644,0.59866885
44.494362,-0.41839942,0.08956263,-0.47043544,0.93499841,0.05203602,-0.84543578,0.84703565
44.514351,-0.42144745,0.09483970,-0.47417397,0.95215460,0.05272652,-0.85731490,0.85893476
44.534339,-0.42434574,0.10015414,-0.40975579,0.68808973,-0.01458995,-0.58793559,0.58811659
44.554587,-0.42709327,0.10550404,-0.46733205,0.91143087,0.04023878,-0.80592683,0.80693074
44.573934,-0.42968905,0.11088753,-0.47041626,0.90319100,0.04072721,-0.79230347,0.79334954
44.594292,-0.43213216,0.11630267,-0.41431583,0.65976306,-0.01781633,-0.54346039,0.54375235
44.614271,-0.43442174,0.12174755,-0.49132388,0.95748395,0.05690214,-0.83573640,0.83767128
44.634192,-0.43655697,0.12722023,-0.49823599,0.98699620,0.06167902,-0.85977597,0.86198551
44.654264,-0.43853709,0.13271877,-0.43118621,0.71141971,-0.00735088,-0.57870094,0.57874763
44.674272,-0.44036141,0.13824122,-0.47560275,0.88083946,0.03524134,-0.74259824,0.74343399
44.694321,-0.44202926,0.14378561,-0.47043675,0.82802610,0.02840749,-0.68424049,0.68482993
44.714574,-0.44354007,0.14934997,-0.41067497,0.55748697,-0.03286510,-0.40813700,0.40945809
44.734586,-0.44489329,0.15493232,-0.50261292,0.89838870,0.05771963,-0.74345638,0.74569360
44.754371,-0.44608843,0.16053069,-0.51288374,0.93777809,0.06679531,-0.77724740,0.78011225
44.774172,-0.44712509,0.16614308,-0.44379505,0.65878933,-0.00333004,-0.49264625,0.49265750
44.794641,-0.44800288,0.17176751,-0.49468556,0.85822444,0.04668268,-0.68645693,0.68804243
44.814348,-0.44872151,0.17740196,-0.49057571,0.82104095,0.04185420,-0.64363899,0.64499839
44.834304,-0.44928070,0.18304444,-0.42867308,0.55600390,-0.02060762,-0.37295946,0.37352836
44.854268,-0.44968026,0.18869295,-0.51907046,0.90588886,0.06939020,-0.71719591,0.72054492
44.874252,-0.44992006,0.19434547,-0.52655797,0.95191861,0.07663791,-0.75757314,0.76143971
44.894389,-0.45000000,0.20000000,-0.45300793,0.66937519,0.00300793,-0.46937519,0.46938483
44.914387,-0.44992006,0.20565453,-0.49620682,0.85114872,0.04628676,-0.64549419,0.64715162
44.934322,-0.44968026,0.21130705,-0.48555619,0.79641110,0.03587593,-0.58510405,0.58620289
44.954301,-0.44928070,0.21695556,-0.41864432,0.51529113,-0.03063638,-0.29833557,0.29990448
44.974073,-0.44872151,0.22259804,-0.51120537,0.87200472,0.06248386,-0.64940668,0.65240576
44.993859,-0.44800288,0.22823249,-0.51712458,0.90968645,0.06912170,-0.68145396,0.68495058
45.014265,-0.44712509,0.23385692,-0.44720533,0.64516381,0.00008024,-0.41130689,0.41130689
45.033928,-0.44608843,0.23946931,-0.50436521,0.88686106,0.05827678,-0.64739175,0.65000943
45.053824,-0.44489329,0.24506768,-0.50109003,0.87782507,0.05619674,-0.63275739,0.63524798
45.073728,-0.44354007,0.25065003,-0.44021709,0.64080635,-0.00332298,-0.39015632,0.39017047
45.094436,-0.44202926,0.25621439,-0.45067763,0.69644541,0.00864837,-0.44023102,0.44031596
45.113989,-0.44036141,0.26175878,-0.38069015,0.44492937,-0.05967126,-0.18317059,0.19264507
45.133990,-0.43853709,0.26728123,-0.47692610,0.85211779,0.03838901,-0.58483656,0.58609515
45.153986,-0.43655697,0.27277977,-0.47992089,0.92140074,0.04336392,-0.64862097,0.65006891
45.173780,-0.43442174,0.27825245,-0.39870073,0.64346614,-0.03572101,-0.36521369,0.36695644
45.194151,-0.43213216,0.28369733,-0.43614062,0.82902142,0.00400846,-0.54532409,0.54533883
45.213875,-0.42968905,0.28911247,-0.42205102,0.78351878,-0.00763803,-0.49440631,0.49446531
45.233951,-0.42709327,0.29449596,-0.35489802,0.51807923,-0.07219525,-0.22358327,0.23495028
45.253956,-0.42434574,0.29984586,-0.44935712,0.89649599,0.02501138,-0.59665013,0.59717414
45.273966,-0.42144745,0.30516030,-0.45768398,0.96051383,0.03623653,-0.65535353,0.65635458
45.294030,-0.41839942,0.31043737,-0.38308472,0.68448836,-0.03531470,-0.37405099,0.37571435
45.313990,-0.41520273,0.31567520,-0.42049869,0.85062122,0.00529596,-0.53494602,0.53497223
45.333924,-0.41185853,0.32087193,-0.41726928,0.83462662,0.00541075,-0.51375469,0.51378318
45.354478,-0.40836799,0.32602572,-0.35597636,0.58738611,-0.05239163,-0.26136039,0.26655982
45.374059,-0.40473236,0.33113473,-0.44105319,0.93116872,0.03632083,-0.60003399,0.60113226
45.393916,-0.40095294,0.33619715,-0.44549422,0.97822921,0.04454128,-0.64203206,0.64357524
45.414278,-0.39703105,0.34121118,-0.37524369,0.71781849,-0.02178736,-0.37660731,0.37723700
45.434284,-0.39296810,0.34617504,-0.41839909,0.90830091,0.02543099,-0.56212587,0.56270083
45.454396,-0.38876554,0.35108696,-0.40998639,0.87064121,0.02122085,-0.51955425,0.51998744
45.474349,-0.38442484,0.35594520,-0.34863909,0.61865578,-0.03578575,-0.26271058,0.26513670
45.494265,-0.37994757,0.36074804,-0.43020102,0.94609471,0.05025345,-0.58534667,0.58749990
45.514176,-0.37533530,0.36549376,-0.43371929,0.98534852,0.05838399,-0.61985476,0.62259828
45.534164,-0.37058967,0.37018068,-0.36568995,0.73256420,-0.00489972,-0.36238352,0.36241664
45.554239,-0.36571237,0.37480714,-0.41085431,0.93326175,0.04514194,-0.55845461,0.56027613
45.574380,-0.36070514,0.37937149,-0.40342936,0.90568102,0.04272422,-0.52630953,0.52804079
45.594290,-0.35556976,0.38387212,-0.34201353,0.66097113,-0.01355623,-0.27709901,0.27743041
45.614278,-0.35030804,0.38830741,-0.41634558,0.97052111,0.06603754,-0.58221370,0.58594688
45.634255,-0.34492185,0.39267580,-0.41773418,1.00775780,0.07281233,-0.61508200,0.61937671
45.654316,-0.33941312,0.39697573,-0.34947689,0.75899828,0.01006377,-0.36202255,0.36216240
45.674298,-0.33378380,0.40120567,-0.39161781,0.95383947,0.05783401,-0.55263380,0.55565177
45.694309,-0.32803588,0.40536413,-0.38250182,0.92591276,0.05446594,-0.52054863,0.52339031
45.713993,-0.32217142,0.40944963,-0.32086080,0.68525329,-0.00131062,-0.27580366,0.27580678
45.734242,-0.31619249,0.41346070,-0.39068744,0.98408968,0.07449495,-0.57062898,0.57547105
45.754273,-0.31010121,0.41739594,-0.38870424,1.01495345,0.07860303,-0.59755751,0.60270508
45.774233,-0.30389976,0.42125394,-0.32077858,0.77403088,0.01687882,-0.35277694,0.35318049
45.794224,-0.29759034,0.42503332,-0.36404528,0.98299142,0.06645494,-0.55795810,0.56190168
45.814204,-0.29117518,0.42873275,-0.35558549,0.97370675,0.06441031,-0.54497400,0.54876711
45.834235,-0.28465657,0.43235092,-0.29619045,0.75834461,0.01153388,-0.32599369,0.32619766
45.854374,-0.27803683,0.43588653,-0.35856078,1.04907740,0.08052395,-0.61319087,0.61845545
45.874362,-0.27131829,0.43933833,-0.35455999,1.09294280,0.08324170,-0.65360447,0.65888389
45.894759,-0.26450336,0.44270510,-0.28398354,0.85114995,0.01948018,-0.40844485,0.40890912
45.914346,-0.25759446,0.44598563,-0.30962701,0.99599357,0.05203255,-0.55000794,0.55246369
45.934117,-0.25059403,0.44917877,-0.30137908,0.98349200,0.05078505,-0.53431323,0.53672130
45.954131,-0.24350456,0.45228337,-0.24345837,0.77030821,-0.00004619,-0.31802484,0.31802485
45.974419,-0.23632858,0.45529834,-0.30534548,1.05626007,0.06901690,-0.60096173,0.60491184
45.994453,-0.22906864,0.45822261,-0.30174013,1.09878574,0.07267149,-0.64056313,0.64467222
46.014646,-0.22172730,0.46105513,-0.23174232,0.85730438,0.01001502,-0.39624925,0.39637579
46.034386,-0.21430719,0.46379489,-0.25714392,0.99953523,0.04283673,-0.53574034,0.53745019
46.054329,-0.20681094,0.46644093,-0.25071370,0.99481325,0.04390276,-0.52837232,0.53019313
46.073878,-0.19924120,0.46899231,-0.19438112,0.78986822,-0.00486008,-0.32087591,0.32091271
46.093946,-0.19160068,0.47144812,-0.24448865,1.05127365,0.05288797,-0.57982553,0.58223259
46.113948,-0.18389208,0.47380748,-0.23434407,1.08184024,0.05045199,-0.60803276,0.61012231
46.134000,-0.17611815,0.47606955,-0.16517206,0.85564937,-0.01094609,-0.37957982,0.37973761
46.153943,-0.16828164,0.47823355,-0.19678958,1.03704904,0.02850794,-0.55881549,0.55954218
46.173965,-0.16038535,0.48029868,-0.18517573,1.02427997,0.02479038,-0.54398129,0.54454587
46.194065,-0.15243206,0.48226423,-0.12862300,0.82469724,-0.02380906,-0.34243301,0.34325972
46.214264,-0.14442462,0.48412949,-0.18339595,1.09154044,0.03897133,-0.60741095,0.60865986
46.233979,-0.13636587,0.48589380,-0.17671643,1.12324126,0.04035056,-0.63734746,0.63862348
46.253970,-0.12825867,0.48755654,-0.11053081,0.89394336,-0.01772786,-0.40638682,0.40677331
46.273951,-0.12010590,0.48911710,-0.13827817,1.04524348,0.01817227,-0.55612638,0.55642320
46.293821,-0.11191045,0.49057495,-0.12701374,1.01349755,0.01510329,-0.52292260,0.52314066
46.313829,-0.10367524,0.49192955,-0.07116202,0.79792197,-0.03251322,-0.30599242,0.30771492
46.333889,-0.09540320,0.49318044,-0.13209407,1.07185928,0.03669087,-0.57867884,0.57984086
46.353877,-0.08709726,0.49432716,-0.13063757,1.11174919,0.04354031,-0.61742203,0.61895534
46.373849,-0.07876038,0.49536930,-0.06380252,0.87248521,-0.01495786,-0.37711591,0.37741243
46.393789,-0.07039551,0.49630650,-0.09096170,1.01390686,0.02056619,-0.51760036,0.51800879
46.414294,-0.06200563,0.49713843,-0.08672787,1.01038414,0.02472224,-0.51324571,0.51384079
46.434359,-0.05359372,0.49786478,-0.03170902,0.80363243,-0.02188470,-0.30576765,0.30654983
46.454292,-0.04516277,0.49848531,-0.09015819,1.07303147,0.04499542,-0.57454616,0.57630537
46.474332,-0.03671578,0.49899978,-0.08683157,1.10912669,0.05011579,-0.61012691,0.61218170
46.494272,-0.02825573,0.49940802,-0.01992155,0.87325280,-0.00833418,-0.37384478,0.37393766
46.514280,-0.01978565,0.49970988,-0.04787465,1.02255206,0.02808900,-0.52284218,0.52359615
46.534329,-0.01130854,0.49990526,-0.03678952,0.99117068,0.02548098,-0.49126542,0.49192580
46.554089,-0.00282741,0.49999408,0.02056778,0.76987012,-0.02339519,-0.26987604,0.27088819
46.574457,0.00565472,0.49997631,-0.04241147,1.05009281,0.04806619,-0.55011650,0.55221239
46.594363,0.01413484,0.49985197,-0.04028494,1.08597918,0.05441978,-0.58612721,0.58864813
46.614317,0.02260994,0.49962109,0.02664875,0.84800771,-0.00403881,-0.34838662,0.34841003
46.634551,0.03107701,0.49928375,-0.00416320,1.00640694,0.03524021,-0.50712319,0.50834614
46.654333,0.03953304,0.49884008,0.00930834,0.96222130,0.03022470,-0.46338122,0.46436590
46.674353,0.04797502,0.49829024,0.07043918,0.72259887,-0.02246416,-0.22430863,0.22543070
46.694351,0.05639996,0.49763441,0.00425033,1.00913613,0.05214963,-0.51150172,0.51415328
46.713797,0.06480485,0.49687284,0.00609639,1.04041603,0.05870846,-0.54354319,0.54670456
46.734142,0.07318672,0.49600578,0.07275498,0.80343509,0.00043174,-0.30742931,0.30742962
46.754289,0.08154259,0.49503356,0.03346740,0.99741395,0.04807519,-0.50238039,0.50467542
46.774259,0.08986949,0.49395652,0.04355253,0.97936184,0.04631696,-0.48540532,0.48761007
46.794336,0.09816446,0.49277503,0.10318932,0.76092363,-0.00502486,-0.26814860,0.26819568
46.814494,0.10642455,0.49148952,0.04235003,1.04307372,0.06407452,-0.55158420,0.55529332
46.834282,0.11464683,0.49010045,0.04810574,1.07394709,0.06654109,-0.58384664,0.58762625
46.854340,0.12282837,0.48860830,0.11681724,0.83676456,0.00601113,-0.34815626,0.34820815
46.874350,0.13096628,0.48701362,0.08440540,1.00811801,0.04656088,-0.52110439,0.52318038
46.894126,0.13905765,0.48531695,0.09709474,0.97633048,0.04196291,-0.49101353,0.49280338
46.914330,0.14709961,0.48351892,0.15215512,0.75951905,-0.00505551,-0.27600013,0.27604643
46.934312,0.15508932,0.48162016,0.08306051,1.05056460,0.07202881,-0.56894444,0.57348577
46.954297,0.16302392,0.47962133,0.08557024,1.07711576,0.07745368,-0.59749443,0.60249371
46.974318,0.17090059,0.47752316,0.15238221,0.83408722,0.01851838,-0.35656406,0.35704462
46.994330,0.17871655,0.47532639,0.11798473,1.00222634,0.06073182,-0.52689995,0.53038845
47.014284,0.18646901,0.47303179,0.13104117,0.95875097,0.05542784,-0.48571918,0.48887152
47.034691,0.19415522,0.47064019,0.19415533,0.71012707,-0.00000011,-0.23948688,0.23948688
47.054348,0.20177245,0.46815243,0.12936780,0.98781128,0.07240465,-0.51965885,0.52467871
47.074339,0.20931799,0.46556939,0.13275424,1.00726217,0.07656375,-0.54169278,0.54707684
47.094295,0.21678915,0.46289200,0.19950098,0.76694459,0.01728817,-0.30405259,0.30454369
47.114257,0.22418330,0.46012121,0.15443385,0.98110289,0.06974945,-0.52098168,0.52563000
47.134304,0.23149779,0.45725800,0.16518138,0.96329820,0.06631641,-0.50604020,0.51036707
47.154269,0.23873003,0.45430338,0.22801111,0.73302695,0.01071892,-0.27872357,0.27892960
47.174307,0.24587746,0.45125841,0.17566732,0.99502382,0.07021014,-0.54376541,0.54827938
47.194332,0.25293752,0.44812417,0.19380573,0.99646949,0.05913179,-0.54834532,0.55152439
47.214713,0.25990772,0.44490178,0.26161049,0.78158607,-0.00170277,-0.33668429,0.33668859
47.234331,0.26678557,0.44159237,0.21179620,1.04453364,0.05498937,-0.60294127,0.60544364
47.254184,0.27356863,0.43819712,0.22139526,1.07167014,0.05217337,-0.63347302,0.63561791
47.274187,0.28025450,0.43471724,0.29245864,0.82951097,-0.01220414,-0.39479373,0.39498231
47.294226,0.28684080,0.43115397,0.26127324,0.99557423,0.02556756,-0.56442026,0.56499905
47.314358,0.29332518,0.42750857,0.27424933,0.95700664,0.01907585,-0.52949807,0.52984158
47.334319,0.29970534,0.42378234,0.33529386,0.71796364,-0.03558852,-0.29418130,0.29632614
47.354282,0.30597902,0.41997660,0.26878932,1.00261837,0.03718970,-0.58264177,0.58382746
47.374335,0.31214399,0.41609271,0.26953175,1.03158384,0.04261224,-0.61549113,0.61696445
47.394530,0.31819805,0.41213203,0.33856615,0.77461256,-0.02036810,-0.36248053,0.36305233
47.414307,0.32413906,0.40809599,0.30100775,0.94524874,0.02313131,-0.53715275,0.53765057
47.434329,0.32996491,0.40398601,0.31191485,0.89791605,0.01805006,-0.49393004,0.49425974
47.454307,0.33567352,0.39980356,0.37414159,0.64169111,-0.03846807,-0.24188755,0.24492729
47.474275,0.34126286,0.39555012,0.29811531,0.94823420,0.04314755,-0.55268408,0.55436577
47.494317,0.34673096,0.39122720,0.29920724,0.96873329,0.04752372,-0.57750609,0.57945818
47.514222,0.35207586,0.38683633,0.36577421,0.72264415,-0.01369835,-0.33580782,0.33608710
47.534271,0.35729568,0.38237909,0.31378415,0.95565030,0.04351153,-0.57327121,0.57492011
47.554373,0.36238855,0.37785705,0.31963109,0.95099473,0.04275746,-0.57313768,0.57473038
47.573974,0.36735266,0.37327181,0.38034865,0.72409134,-0.01299599,-0.35081953,0.35106016
47.594599,0.37218626,0.36862501,0.38417658,0.74172455,-0.01199032,-0.37309954,0.37329216
47.614397,0.37688762,0.36391830,0.44697811,0.51869809,-0.07009049,-0.15477979,0.16991015
47.634495,0.38145507,0.35915336,0.35925895,0.89699781,0.02219612,-0.53784445,0.53830226
47.654367,0.38588700,0.35433186,0.36381508,0.93630409,0.02207192,-0.58197223,0.58239063
47.674284,0.39018182,0.34945553,0.43983850,0.67687704,-0.04965668,-0.32742151,0.33116557
47.694218,0.39433801,0.34452610,0.39212626,0.90732283,0.00221175,-0.56279673,0.56280107
47.714383,0.39835409,0.33954532,0.39896283,0.90616324,-0.00060874,-0.56661792,0.56661825
47.734335,0.40222864,0.33451496,0.45943992,0.68457394,-0.05721128,-0.35005898,0.35470328
47.754334,0.40596028,0.32943681,0.38753073,1.00170962,0.01842955,-0.67227281,0.67252538
47.774329,0.40954769,0.32431267,0.38556628,1.05773368,0.02398141,-0.73342101,0.73381298
47.794717,0.41298958,0.31914437,0.45952006,0.78555902,-0.04653048,-0.46641465,0.46872989
47.814378,0.41628474,0.31393373,0.43832214,0.88861223,-0.02203740,-0.57467850,0.57510088
47.834301,0.41943200,0.30868261,0.42064921,0.96787219,-0.00121721,-0.65918958,0.65919070
47.854426,0.42243024,0.30339288,0.49662054,0.66442820,-0.07419030,-0.36103532,0.36857930
47.874340,0.42527838,0.29806641,0.46842973,0.77169094,-0.04315135,-0.47362453,0.47558620
47.894307,0.42797543,0.29270510,0.42766145,0.93041447,0.00031398,-0.63770937,0.63770944
47.914348,0.43052042,0.28731085,0.50647636,0.60526293,-0.07595594,-0.31795208,0.32689881
47.934160,0.43291245,0.28188558,0.49267962,0.64538932,-0.05976717,-0.36350374,0.36838442
47.954272,0.43515067,0.27643122,0.40951857,0.97418082,0.02563210,-0.69774960,0.69822025
47.974300,0.43723428,0.27094970,0.45604178,0.79336174,-0.01880750,-0.52241204,0.52275048
47.994348,0.43916254,0.26544297,0.48685548,0.67324047,-0.04769294,-0.40779750,0.41057693
48.014352,0.44093477,0.25991299,0.43116425,0.88194149,0.00977052,-0.62202850,0.62210523
48.034436,0.44255034,0.25436173,0.49762636,0.58994216,-0.05507602,-0.33558043,0.34006998
48.054056,0.44400867,0.24879115,0.47699804,0.65414299,-0.03298937,-0.40535184,0.40669203
48.073834,0.44530925,0.24320323,0.39093951,0.99792549,0.05436974,-0.75472226,0.75667810
48.093791,0.44645162,0.23759997,0.41110495,0.92216348,0.03534667,-0.68456351,0.68547545
48.114253,0.44743536,0.23198335,0.41683992,0.88795565,0.03059544,-0.65597230,0.65668542
48.134306,0.44826012,0.22635536,0.36940700,1.08438367,0.07885312,-0.85802831,0.86164401
48.154246,0.44892563,0.22071801,0.42110501,0.86563294,0.02782062,-0.64491493,0.64551472
48.174348,0.44943163,0.21507330,0.43039995,0.82659020,0.01903168,-0.61151690,0.61181298
48.194359,0.44977795,0.20942323,0.37432383,1.05093772,0.07545412,-0.84151449,0.84489050
48.214393,0.44996447,0.20376981,0.42382830,0.83948970,0.02613617,-0.63571989,0.63625693
48.234343,0.44999112,0.19811506,0.43714911,0.78062331,0.01284201,-0.58250825,0.58264979
48.254314,0.44985789,0.19246097,0.37744317,1.00975233,0.07241472,-0.81729136,0.82049318
48.274339,0.44956482,0.18680956,0.42769237,0.78709987,0.02187245,-0.60029031,0.60068865
48.294259,0.44911203,0.18116284,0.43386904,0.75256013,0.01524299,-0.57139729,0.57160057
48.314255,0.44849967,0.17552282,0.36900759,1.00234326,0.07949208,-0.82682044,0.83063291
48.334168,0.44772796,0.16989149,0.41806008,0.78952135,0.02966788,-0.61962986,0.62033970
48.354353,0.44679717,0.16427085,0.43156225,0.72670421,0.01523492,-0.56243336,0.56263966
48.374349,0.44570764,0.15866291,0.36751458,0.96619998,0.07819306,-0.80753707,0.81131392
48.394382,0.44445975,0.15306966,0.41982608,0.73186632,0.02463367,-0.57879666,0.57932063
48.414381,0.44305395,0.14749308,0.42059143,0.71771441,0.02246252,-0.57022133,0.57066359
48.433837,0.44149073,0.14193516,0.35054297,0.99000341,0.09094776,-0.84806825,0.85293097
48.454294,0.43977066,0.13639787,0.36517353,0.92492317,0.07459713,-0.78852530,0.79204601
48.474391,0.43789433,0.13088317,0.41327581,0.69274447,0.02461852,-0.56186130,0.56240038
48.494371,0.43586242,0.12539303,0.37379415,0.81774046,0.06206827,-0.69234743,0.69512404
48.514249,0.43367566,0.11992940,0.35342389,0.85652324,0.08025177,-0.73659384,0.74095265
48.534316,0.43133481,0.11449422,0.42454969,0.54009380,0.00678512,-0.42559958,0.42565366
48.554926,0.42884070,0.10908942,0.36046804,0.76053944,0.06837266,-0.65145002,0.65502821
48.574300,0.42619424,0.10371692,0.36032908,0.71443700,0.06586516,-0.61072008,0.61426153
48.594462,0.42339635,0.09837862,0.42490901,0.42004913,-0.00151266,-0.32167051,0.32167407
48.614288,0.42044802,0.09307644,0.32596822,0.79191942,0.09447980,-0.69884298,0.70520064
48.634338,0.41735032,0.08781224,0.31956686,0.82474033,0.09778346,-0.73692809,0.74338725
48.654130,0.41410433,0.08258790,0.39625732,0.52902569,0.01784701,-0.44643779,0.44679438
48.674366,0.41071121,0.07740528,0.32852017,0.80145649,0.08219104,-0.72405121,0.72870126
48.694266,0.40717217,0.07226621,0.33982625,0.77371736,0.06734592,-0.70145115,0.70467666
48.714318,0.40348847,0.06717253,0.40578315,0.52332448,-0.00229468,-0.45615195,0.45615772
48.734279,0.39966140,0.06212604,0.31860207,0.88048691,0.08105933,-0.81836087,0.82236557
48.754615,0.39569234,0.05712854,0.32130726,0.90147909,0.07438508,-0.84435055,0.84762078
48.774492,0.39158269,0.05218180,0.39759251,0.61540969,-0.00600982,-0.56322789,0.56325996
48.794396,0.38733391,0.04728758,0.34325785,0.84262077,0.04407606,-0.79533319,0.79655357
48.814361,0.38294752,0.04244761,0.34618889,0.82519116,0.03675863,-0.78274355,0.78360620
48.834326,0.37842506,0.03766362,0.40477291,0.58317904,-0.02634785,-0.54551542,0.54615133
48.854206,0.37376815,0.03293732,0.32178322,0.90782092,0.05198493,-0.87488360,0.87642669
48.874287,0.36897845,0.02827036,0.32404570,0.90904563,0.04493275,-0.88077527,0.88192065
48.894301,0.36405765,0.02366442,0.39273940,0.63189569,-0.02868175,-0.60823127,0.60890716
48.914296,0.35900750,0.01912114,0.32948660,0.87673104,0.02952090,-0.85760990,0.85811784
48.934432,0.35382979,0.01464212,0.32607193,0.87106258,0.02775786,-0.85642046,0.85687018
48.954330,0.34852638,0.01022895,0.38936920,0.59499355,-0.04084282,-0.58476460,0.58618919
48.974398,0.34309913,0.00588321,0.31309467,0.87436726,0.03000446,-0.86848405,0.86900219
48.994376,0.33754998,0.00160644,0.30473860,0.88031875,0.03281138,-0.87871231,0.87932469
49.014260,0.33188090,-0.00259984,0.36908539,0.59363383,-0.03720449,-0.59623367,0.59739331
49.034295,0.32609391,-0.00673414,0.29800821,0.84458271,0.02808570,-0.85131685,0.85178001
49.054123,0.32019105,-0.01079499,0.29068536,0.83154436,0.02950569,-0.84233935,0.84285596
49.073652,0.31417444,-0.01478094,0.34924141,0.56021663,-0.03506697,-0.57499757,0.57606588
49.093661,0.30804620,-0.01869059,0.33552598,0.58126888,-0.02747978,-0.59995947,0.60058846
49.114265,0.30180851,-0.02252253,0.39414733,0.31995972,-0.09233882,-0.34248225,0.35471192
49.134520,0.29546359,-0.02627541,0.28320236,0.71539308,0.01226123,-0.74166849,0.74176983
49.154378,0.28901369,-0.02994790,0.29530935,0.64049623,-0.00629566,-0.67044413,0.67047369
49.174363,0.28246111,-0.03353869,0.36560329,0.32747028,-0.08314218,-0.36100897,0.37045930
49.193975,0.27580817,-0.03704650,0.24170687,0.77334538,0.03410130,-0.81039188,0.81110905
49.214333,0.26905724,-0.04047010,0.22071945,0.84040858,0.04833779,-0.88087868,0.88220394
49.234122,0.26221072,-0.04380825,0.30519836,0.48577210,-0.04298764,-0.52958035,0.53132220
49.254231,0.25527103,-0.04705978,0.26009748,0.63740820,-0.00482645,-0.68446798,0.68448499
49.274267,0.24824064,-0.05022353,0.23034360,0.71703411,0.01789704,-0.76725764,0.76746634
49.294337,0.24112206,-0.05329838,0.31555349,0.34948214,-0.07443143,-0.40278052,0.40960003
49.314352,0.23391780,-0.05628323,0.24492493,0.58685378,-0.01100713,-0.64313701,0.64323119
49.334556,0.22663044,-0.05917703,0.24985754,0.50836488,-0.02322710,-0.56754191,0.56801701
49.354314,0.21926256,-0.06197874,0.32361473,0.15722405,-0.10435217,-0.21920279,0.24277405
49.374432,0.21181677,-0.06468737,0.17721493,0.65870752,0.03460184,-0.72339489,0.72422196
49.394384,0.20429572,-0.06730196,0.15091497,0.71840817,0.05338075,-0.78571013,0.78752137
49.414197,0.19670209,-0.06982158,0.23045818,0.36954873,-0.03375609,-0.43937031,0.44066512
49.434139,0.18903858,-0.07224533,0.14998133,0.64554930,0.03905725,-0.71779463,0.71885646
49.454243,0.18130790,-0.07457235,0.15027495,0.59469000,0.03103295,-0.66926235,0.66998145
49.474343,0.17351280,-0.07680182,0.21974157,0.27454232,-0.04622877,-0.35134414,0.35437240
49.494411,0.16565605,-0.07893295,0.08971432,0.73479125,0.07594173,-0.81372420,0.81726020
49.514434,0.15774044,-0.08096497,0.06779271,0.79868079,0.08994773,-0.87964576,0.88423258
49.534457,0.14976880,-0.08289716,0.15283793,0.44241220,-0.00306913,-0.52530936,0.52531832
49.554335,0.14174393,-0.08472884,0.09837634,0.63013154,0.04336759,-0.71486038,0.71617464
49.574420,0.13366871,-0.08645936,0.09339703,0.60431497,0.04027168,-0.69077433,0.69194724
49.594298,0.12554600,-0.08808811,0.01914843,0.86475598,0.10639757,-0.95284409,0.95876604
49.614190,0.11737868,-0.08961449,0.01522323,0.84722831,0.10215545,-0.93684280,0.94239597
49.634451,0.10916965,-0.09103798,0.07763922,0.56777967,0.03153043,-0.65881765,0.65957173
49.654376,0.10092184,-0.09235806,-0.00583494,0.87349961,0.10675678,-0.96585767,0.97173970
49.674583,0.09263817,-0.09357427,-0.01432462,0.88987942,0.10696279,-0.98345369,0.98925336
49.694308,0.08432159,-0.09468618,0.05818504,0.57943841,0.02613655,-0.67412459,0.67463107
49.714524,0.07597505,-0.09569338,-0.00055923,0.78743355,0.07653428,-0.88312693,0.88643706
49.734316,0.06760152,-0.09659552,-0.00086433,0.74522238,0.06846585,-0.84181790,0.84459750
49.754314,0.05920396,-0.09739229,0.05902529,0.46739259,0.00017867,-0.56478488,0.56478491
49.774415,0.05078537,-0.09808339,-0.04739555,0.85290371,0.09818092,-0.95098710,0.95604182
49.794649,0.04234874,-0.09866859,-0.06434165,0.90918418,0.10669039,-1.00785277,1.01348412
49.814517,0.03389706,-0.09914767,0.01824086,0.56157486,0.01565620,-0.66072253,0.66090800
49.834347,0.02543334,-0.09952047,-0.01778568,0.67871872,0.04321902,-0.77823919,0.77943833
49.854341,0.01696058,-0.09978684,-0.06167925,0.82055967,0.07863983,-0.92034651,0.92370012
49.874377,0.00848180,-0.09994671,0.02763532,0.42830001,-0.01915352,-0.52824672,0.52859385
49.894357,0.00000000,-0.10000000,0.00114555,0.48447964,-0.00114555,-0.58447964,0.58448077
49.914298,-0.00848180,-0.09994671,-0.10818988,0.87662332,0.09970808,-0.97657003,0.98164694
49.934336,-0.01696058,-0.09978684,-0.06713590,0.68665682,0.05017532,-0.78644366,0.78804264
49.954361,-0.02543334,-0.09952047,-0.02063353,0.47073927,-0.00479981,-0.57025974,0.57027994
49.974262,-0.03389706,-0.09914767,-0.10562542,0.76191061,0.07172836,-0.86105828,0.86404069
49.994346,-0.04234874,-0.09866859,-0.06618073,0.56389374,0.02383199,-0.66256233,0.66299080
50.014324,-0.05078537,-0.09808339,-0.02203651,0.34642784,-0.02874886,-0.44451123,0.44543993
50.034336,-0.05920396,-0.09739229,-0.11758499,0.66462181,0.05838103,-0.76201410,0.76424724
50.054111,-0.06760152,-0.09659552,-0.06596681,0.40818309,-0.00163471,-0.50477861,0.50478126
50.073835,-0.07597505,-0.09569338,-0.06931029,0.37952006,-0.00666476,-0.47521344,0.47526018
50.094518,-0.08432159,-0.09468618,-0.17246218,0.73897733,0.08814059,-0.83366351,0.83830997
50.114269,-0.09263817,-0.09357427,-0.10690059,0.44665082,0.01426242,-0.54022509,0.54041333
50.134346,-0.10092184,-0.09235806,-0.13604834,0.54183990,0.03512650,-0.63419796,0.63517000
50.154304,-0.10916965,-0.09103798,-0.23414626,0.92647478,0.12497661,-1.01751276,1.02515919
50.174343,-0.11737868,-0.08961449,-0.18970000,0.75916087,0.07232132,-0.84877536,0.85185091
50.194300,-0.12554600,-0.08808811,-0.12696755,0.50219173,0.00142155,-0.59027984,0.59028155
50.214414,-0.13366871,-0.08645936,-0.21844782,0.85166831,0.08477911,-0.93812767,0.94195065
50.234267,-0.14174393,-0.08472884,-0.21407342,0.83694597,0.07232949,-0.92167481,0.92450853
50.254209,-0.14976880,-0.08289716,-0.15086608,0.58116142,0.00109728,-0.66405858,0.66405949
50.274232,-0.15774044,-0.08096497,-0.23630504,0.91879179,0.07856460,-0.99975676,1.00283896
50.294349,-0.16565605,-0.07893295,-0.24772332,0.97768455,0.08206727,-1.05661750,1.05979978
50.314471,-0.17351280,-0.07680182,-0.16746532,0.65059606,-0.00604748,-0.72739788,0.72742302
50.334367,-0.18130790,-0.07457235,-0.19148192,0.73226159,0.01017402,-0.80683394,0.80689808
50.354315,-0.18903858,-0.07224533,-0.24089776,0.91247468,0.05185918,-0.98472001,0.98608461
50.374394,-0.19670209,-0.06982158,-0.16796950,0.59988295,-0.02873259,-0.66970453,0.67032061
50.394508,-0.20429572,-0.06730196,-0.18959647,0.66029928,-0.01469925,-0.72760124,0.72774970
50.414398,-0.21181677,-0.06468737,-0.27520650,0.98908987,0.06338973,-1.05377724,1.05568212
50.434392,-0.21926256,-0.06197874,-0.23413178,0.81964009,0.01486922,-0.88161883,0.88174421
50.454215,-0.22663044,-0.05917703,-0.18724471,0.61018476,-0.03938573,-0.66936179,0.67051953
50.474426,-0.23391780,-0.05628323,-0.26059447,0.87135325,0.02667667,-0.92763648,0.92801998
50.494279,-0.24112206,-0.05329838,-0.23121628,0.72562468,-0.00990578,-0.77892306,0.77898604
50.514382,-0.24824064,-0.05022353,-0.16190156,0.40603289,-0.08633908,-0.45625642,0.46435370
50.534279,-0.25527103,-0.04705978,-0.27656256,0.81025521,0.02129153,-0.85731499,0.85757934
50.554385,-0.26221072,-0.04380825,-0.29867701,0.87305726,0.03646629,-0.91686551,0.91759040
50.574371,-0.26905724,-0.04047010,-0.22151921,0.53870545,-0.04753803,-0.57917555,0.58112321
50.594407,-0.27580817,-0.03704650,-0.26989434,0.69846501,-0.00591383,-0.73551151,0.73553529
50.614344,-0.28246111,-0.03353869,-0.28905253,0.72731070,0.00659142,-0.76084939,0.76087794
50.634360,-0.28901369,-0.02994790,-0.22625478,0.44360036,-0.06275891,-0.47354826,0.47768885
50.654172,-0.29546359,-0.02627541,-0.32850559,0.81261386,0.03304200,-0.83888927,0.83953974
50.674305,-0.30180851,-0.02252253,-0.34438068,0.85768303,0.04257217,-0.88020556,0.88123449
50.694349,-0.30804620,-0.01869059,-0.27042155,0.54383487,-0.03762465,-0.56252546,0.56378232
50.714264,-0.31417444,-0.01478094,-0.32902406,0.75166794,0.01484962,-0.76644888,0.76659272
50.734350,-0.32019105,-0.01079499,-0.32748852,0.70112612,0.00729747,-0.71192111,0.71195851
50.754673,-0.32609391,-0.00673414,-0.26377460,0.40556974,-0.06231931,-0.41230388,0.41698703
50.774425,-0.33188090,-0.00259984,-0.37960323,0.82051032,0.04772233,-0.82311016,0.82449242
50.794342,-0.33754998,0.00160644,-0.40042766,0.88725732,0.06287768,-0.88565088,0.88788010
50.814480,-0.34309913,0.00588321,-0.32192215,0.55747335,-0.02117698,-0.55159014,0.55199651
50.834281,-0.34852638,0.01022895,-0.36441731,0.70378806,0.01589093,-0.69355911,0.69374113
50.854309,-0.35382979,0.01464212,-0.39191786,0.78104488,0.03808807,-0.76640276,0.76734862
50.874390,-0.35900750,0.01912114,-0.31277861,0.44203640,-0.04622889,-0.42291526,0.42543440
50.894378,-0.36405765,0.02366442,-0.37781170,0.66696473,0.01375405,-0.64330031,0.64344733
50.914364,-0.36897845,0.02827036,-0.37417253,0.60264016,0.00519408,-0.57436980,0.57439329
50.934397,-0.37376815,0.03293732,-0.30387982,0.27685219,-0.06988833,-0.24391487,0.25372986
50.954269,-0.37842506,0.03766362,-0.43368691,0.73313067,0.05526185,-0.69546705,0.69765915
50.974223,-0.38294752,0.04244761,-0.45592825,0.79354072,0.07298073,-0.75109311,0.75463040
50.994272,-0.38733391,0.04728758,-0.37876672,0.46876416,-0.00856719,-0.42147658,0.42156364
51.014317,-0.39158269,0.05218180,-0.44679802,0.71419204,0.05521533,-0.66201024,0.66430888
51.034414,-0.39569234,0.05712854,-0.44367367,0.66537563,0.04798133,-0.60824709,0.61013664
51.054369,-0.39966140,0.06212604,-0.37448424,0.35853968,-0.02517716,-0.29641364,0.29748098
51.074577,-0.40348847,0.06717253,-0.49016669,0.78051497,0.08667822,-0.71334244,0.71858927
51.094322,-0.40717217,0.07226621,-0.50652351,0.83830318,0.09935134,-0.76603697,0.77245280
51.114391,-0.41071121,0.07740528,-0.42806265,0.52459091,0.01735144,-0.44718563,0.44752213
51.134188,-0.41410433,0.08258790,-0.48587199,0.74685130,0.07176766,-0.66426340,0.66812908
51.154281,-0.41735032,0.08781224,-0.47855010,0.69389433,0.06119978,-0.60608209,0.60916411
51.174129,-0.42044802,0.09307644,-0.40825985,0.39206328,-0.01218817,-0.29898684,0.29923516
51.194231,-0.42339635,0.09837862,-0.51747619,0.79874557,0.09407984,-0.70036695,0.70665754
51.214208,-0.42619424,0.10371692,-0.53083692,0.85320527,0.10464268,-0.74948835,0.75675814
51.234331,-0.42884070,0.10908942,-0.45253536,0.54726606,0.02369466,-0.43817664,0.43881682
51.254442,-0.43133481,0.11449422,-0.50848944,0.76984300,0.07715463,-0.65534878,0.65987488
51.274332,-0.43367566,0.11992940,-0.50131353,0.72616063,0.06763787,-0.60623123,0.60999277
51.294255,-0.43586242,0.12539303,-0.43187245,0.43667568,-0.00398997,-0.31128265,0.31130822
51.314299,-0.43789433,0.13088317,-0.53434988,0.82886123,0.09645555,-0.69797806,0.70461127
51.334322,-0.43977066,0.13639787,-0.54375685,0.87844790,0.10398619,-0.74205003,0.74930058
51.354241,-0.44149073,0.14193516,-0.46661384,0.58313808,0.02512311,-0.44120292,0.44191762
51.374097,-0.44305395,0.14749308,-0.51991806,0.80209589,0.07686411,-0.65460281,0.65910009
51.394256,-0.44445975,0.15306966,-0.49631560,0.72425831,0.05185585,-0.57118865,0.57353770
51.414316,-0.44570764,0.15866291,-0.42067276,0.42650578,-0.02503488,-0.26784287,0.26901031
51.434329,-0.44679717,0.16427085,-0.52466794,0.83539558,0.07787077,-0.67112473,0.67562731
51.454761,-0.44772796,0.16989149,-0.53499413,0.90218481,0.08726617,-0.73229332,0.73747467
51.474300,-0.44849967,0.17552282,-0.45407305,0.60207935,0.00557338,-0.42655653,0.42659293
51.494356,-0.44911203,0.18116284,-0.49587542,0.78383666,0.04676339,-0.60267382,0.60448536
51.514264,-0.44956482,0.18680956,-0.49015471,0.75673340,0.04058989,-0.56992384,0.57136742
51.534348,-0.44985789,0.19246097,-0.42388758,0.48953875,-0.02597031,-0.29707778,0.29821077
51.554258,-0.44999112,0.19811506,-0.52164371,0.87635201,0.07165259,-0.67823695,0.68201133
51.574317,-0.44996447,0.20376981,-0.53082609,0.94083233,0.08086162,-0.73706252,0.74148483
51.594553,-0.44977795,0.20942323,-0.45222169,0.64880569,0.00244374,-0.43938246,0.43938926
51.614309,-0.44943163,0.21507330,-0.48872035,0.81001028,0.03928872,-0.59493698,0.59623285
51.634548,-0.44892563,0.22071801,-0.49315051,0.82930298,0.04422488,-0.60858497,0.61018973
51.654301,-0.44826012,0.22635536,-0.43188009,0.59339543,-0.01638003,-0.36704007,0.36740538
51.674460,-0.44743536,0.23198335,-0.51447955,0.93865452,0.06704419,-0.70667117,0.70984440
51.694446,-0.44645162,0.23759997,-0.51689287,0.99135633,0.07044125,-0.75375636,0.75704070
51.714357,-0.44530925,0.24320323,-0.44148145,0.71847211,-0.00382780,-0.47526888,0.47528429
51.734276,-0.44400867,0.24879115,-0.47434975,0.87301399,0.03034108,-0.62422284,0.62495978
51.754263,-0.44255034,0.25436173,-0.47108549,0.86265081,0.02853515,-0.60828908,0.60895801
51.774318,-0.44093477,0.25991299,-0.41176450,0.62858826,-0.02917027,-0.36867527,0.36982748
51.794329,-0.43916254,0.26544297,-0.49284452,0.96555591,0.05368198,-0.70011294,0.70216799
51.814391,-0.43723428,0.27094970,-0.49706431,1.02153129,0.05983003,-0.75058159,0.75296239
51.834598,-0.43515067,0.27643122,-0.42384092,0.75232326,-0.01130975,-0.47589204,0.47602641
51.854754,-0.43291245,0.28188558,-0.45291960,0.88862913,0.02000715,-0.60674355,0.60707333
51.874524,-0.43052042,0.28731085,-0.45965194,0.92066816,0.02913152,-0.63335731,0.63402691
51.894379,-0.42797543,0.29270510,-0.39549863,0.67032123,-0.03247680,-0.37761613,0.37901014
51.914285,-0.42527838,0.29806641,-0.45765430,0.92806077,0.03237592,-0.62999436,0.63082573
51.934508,-0.42243024,0.30339288,-0.45963363,0.94320923,0.03720339,-0.63981635,0.64089707
51.954364,-0.41943200,0.30868261,-0.39874642,0.70619321,-0.02068558,-0.39751060,0.39804845
51.974327,-0.41628474,0.31393373,-0.46109225,0.97093812,0.04480751,-0.65700439,0.65853055
51.994272,-0.41298958,0.31914437,-0.46168008,0.99348860,0.04869050,-0.67434423,0.67609977
52.014523,-0.40954769,0.32431267,-0.39772631,0.75179493,-0.01182138,-0.42748226,0.42764568
52.034514,-0.40596028,0.32943681,-0.44707343,0.96872695,0.04111315,-0.63929014,0.64061078
52.054302,-0.40222864,0.33451496,-0.44373708,0.96498401,0.04150844,-0.63046905,0.63183398
52.074018,-0.39835409,0.33954532,-0.38721548,0.74794526,-0.01113861,-0.40839994,0.40855181
52.094072,-0.39433801,0.34452610,-0.45220638,1.03450138,0.05786837,-0.68997528,0.69239774
52.114541,-0.39018182,0.34945553,-0.45257078,1.07906916,0.06238896,-0.72961363,0.73227619
52.134379,-0.38588700,0.35433186,-0.38354496,0.82825777,-0.00234204,-0.47392591,0.47393169
52.154246,-0.38145507,0.35915336,-0.41085425,0.96361444,0.02939918,-0.60446108,0.60517560
52.174279,-0.37688762,0.36391830,-0.41069479,0.97072013,0.03380717,-0.60680183,0.60774286
52.194217,-0.37218626,0.36862501,-0.35295267,0.74616868,-0.01923359,-0.37754367,0.37803327
52.214330,-0.36735266,0.37327181,-0.41472335,1.01333262,0.04737069,-0.64006081,0.64181136
52.234343,-0.36238855,0.37785705,-0.41477715,1.04196879,0.05238860,-0.66411174,0.66617488
52.254353,-0.35729568,0.38237909,-0.35031500,0.80259463,-0.00698068,-0.42021554,0.42027352
52.274380,-0.35207586,0.38683633,-0.39230029,0.99557544,0.04022443,-0.60873911,0.61006665
52.294353,-0.34673096,0.39122720,-0.38646364,0.98067516,0.03973268,-0.58944796,0.59078557
52.314322,-0.34126286,0.39555012,-0.33154082,0.76871572,-0.00972204,-0.37316560,0.37329222
52.334321,-0.33567352,0.39980356,-0.39660742,1.05794719,0.06093390,-0.65814363,0.66095838
52.354297,-0.32996491,0.40398601,-0.39635437,1.10445746,0.06638946,-0.70047145,0.70361055
52.374250,-0.32413906,0.40809599,-0.32774967,0.85699285,0.00361061,-0.44889686,0.44891138
52.394281,-0.31819805,0.41213203,-0.35189089,0.98187368,0.03369284,-0.56974165,0.57073703
52.414310,-0.31214399,0.41609271,-0.35581510,1.01193097,0.04367111,-0.59583826,0.59743652
52.434326,-0.30597902,0.41997660,-0.29315852,0.77225507,-0.01282050,-0.35227847,0.35251168
52.454334,-0.29970534,0.42378234,-0.34052549,0.98135080,0.04082015,-0.55756846,0.55906071
52.474273,-0.29332518,0.42750857,-0.33600922,0.97268475,0.04268404,-0.54517618,0.54684458
52.494344,-0.28684080,0.43115397,-0.37009594,1.15604911,0.08325514,-0.72489514,0.72966046
52.514214,-0.28025450,0.43471724,-0.35623260,1.14201236,0.07597810,-0.70729512,0.71136423
52.533874,-0.27356863,0.43819712,-0.29703777,0.92860150,0.02346914,-0.49040438,0.49096563
52.554265,-0.26678557,0.44159237,-0.28815464,0.91966215,0.02136907,-0.47806978,0.47854713
52.574263,-0.25990772,0.44490178,-0.23474359,0.71698589,-0.02516413,-0.27208411,0.27324531
52.594810,-0.25293752,0.44812417,-0.28830022,0.97451199,0.03536270,-0.52638782,0.52757431
52.614290,-0.24587746,0.45125841,-0.27405597,0.96864265,0.02817851,-0.51738424,0.51815102
52.634334,-0.23873003,0.45430338,-0.21410511,0.76957941,-0.02462492,-0.31527603,0.31623624
52.654230,-0.23149779,0.45725800,-0.27212791,1.05592306,0.04063012,-0.59866506,0.60004222
52.674295,-0.22418330,0.46012121,-0.26262202,1.08402216,0.03843872,-0.62390095,0.62508394
52.694326,-0.21678915,0.46289200,-0.25354240,1.10666674,0.03675325,-0.64377474,0.64482301
52.714330,-0.20931799,0.46556939,-0.21495759,0.96028312,0.00563960,-0.49471373,0.49474587
52.734274,-0.20177245,0.46815243,-0.19192031,0.86749022,-0.00985214,-0.39933779,0.39945930
52.754505,-0.19415522,0.47064019,-0.23385402,1.03125644,0.03969880,-0.56061625,0.56202008
52.774299,-0.18646901,0.47303179,-0.17438093,0.76818171,-0.01208808,-0.29514992,0.29539736
52.794457,-0.17871655,0.47532639,-0.19103986,0.81045991,0.01232331,-0.33513352,0.33536002
52.814314,-0.17090059,0.47752316,-0.25660359,1.07602782,0.08570300,-0.59850466,0.60460965
52.834326,-0.16302392,0.47962133,-0.20957088,0.89014339,0.04654696,-0.41052206,0.41315249
52.854267,-0.15508932,0.48162016,-0.19193563,0.83969387,0.03684631,-0.35807371,0.35996448
52.874408,-0.14709961,0.48351892,-0.23754229,1.04386064,0.09044268,-0.56034172,0.56759380
52.894218,-0.13905765,0.48531695,-0.18429347,0.82257714,0.04523582,-0.33726019,0.34028034
52.914260,-0.13096628,0.48701362,-0.18713712,0.85108355,0.05617084,-0.36406993,0.36837763
52.934231,-0.12282837,0.48860830,-0.23853461,1.09778447,0.11570624,-0.60917617,0.62006737
52.954272,-0.11464683,0.49010045,-0.18308773,0.91050283,0.06844090,-0.42040238,0.42593699
52.974334,-0.10642455,0.49148952,-0.16075096,0.86574618,0.05432641,-0.37425666,0.37817907
52.994430,-0.09816446,0.49277503,-0.20002957,1.06858039,0.10186511,-0.57580536,0.58474637
53.014340,-0.08986949,0.49395652,-0.13723168,0.84535336,0.04736219,-0.35139684,0.35457428
53.034307,-0.08154259,0.49503356,-0.13276330,0.87221248,0.05122071,-0.37717892,0.38064091
53.054399,-0.07318672,0.49600578,-0.17905516,1.12051027,0.10586844,-0.62450449,0.63341454
53.074232,-0.06480485,0.49687284,-0.12193974,0.94430201,0.05713489,-0.44742917,0.45106236
53.094368,-0.05639996,0.49763441,-0.09139920,0.87480645,0.03499924,-0.37717204,0.37879242
53.114283,-0.04797502,0.49829024,-0.12581779,1.05754138,0.07784277,-0.55925114,0.56464266
53.134088,-0.03953304,0.49884008,-0.05949798,0.81462265,0.01996494,-0.31578257,0.31641307
53.154343,-0.03107701,0.49928375,-0.05600549,0.83693962,0.02492848,-0.33765587,0.33857483
53.174502,-0.02260994,0.49962109,-0.10624173,1.09079962,0.08363179,-0.59117853,0.59706476
53.194417,-0.01413484,0.49985197,-0.04890322,0.90525007,0.03476838,-0.40539810,0.40688630
53.214787,-0.00565472,0.49997631,-0.02678958,0.86536731,0.02113486,-0.36539100,0.36600173
53.234288,0.00282741,0.49999408,-0.06680496,1.07354231,0.06963237,-0.57354823,0.57775967
53.254237,0.01130854,0.49990526,-0.00471574,0.85462858,0.01602428,-0.35472332,0.35508507
53.274237,0.01978565,0.49970988,-0.00048157,0.88333854,0.02026722,-0.38362866,0.38416365
53.294184,0.02825573,0.49940802,-0.04705402,1.13327654,0.07530975,-0.63386852,0.63832661
53.314250,0.03671578,0.49899978,0.00805851,0.96452390,0.02865727,-0.46552412,0.46640534
53.334618,0.04516277,0.49848531,0.04035375,0.88251664,0.00480902,-0.38403133,0.38406144
53.354528,0.05359372,0.49786478,0.00542944,1.05880581,0.04816428,-0.56094103,0.56300501
53.374562,0.06200563,0.49713843,0.06995675,0.81245389,-0.00795112,-0.31531546,0.31541570
53.394268,0.07039551,0.49630650,0.07116611,0.83335057,-0.00077060,-0.33704407,0.33704495
53.414372,0.07876038,0.49536930,0.01726056,1.09185792,0.06149982,-0.59648862,0.59965065
53.434243,0.08709726,0.49432716,0.07117080,0.91133417,0.01592646,-0.41700701,0.41731103
53.454208,0.09540320,0.49318044,0.09555375,0.85357128,-0.00015055,-0.36039084,0.36039087
53.474288,0.10367524,0.49192955,0.05472527,1.05240149,0.04894997,-0.56047194,0.56260545
53.494285,0.11191045,0.49057495,0.11681069,0.81970754,-0.00490024,-0.32913259,0.32916906
53.514488,0.12010590,0.48911710,0.11706587,0.84988816,0.00304003,-0.36077106,0.36078387
53.534665,0.12825867,0.48755654,0.06430376,1.11097686,0.06395491,-0.62342032,0.62669221
53.554321,0.13636587,0.48589380,0.11723057,0.94088703,0.01913530,-0.45499323,0.45539543
53.574299,0.14442462,0.48412949,0.14717060,0.86030126,-0.00274598,-0.37617177,0.37618180
53.594286,0.15243206,0.48226423,0.10859480,1.04348161,0.04383726,-0.56121738,0.56292686
53.614648,0.16038535,0.48029868,0.17169579,0.79755608,-0.01131044,-0.31725740,0.31745895
53.634169,0.16828164,0.47823355,0.17074367,0.82339837,-0.00246203,-0.34516482,0.34517360
53.654188,0.17611815,0.47606955,0.11505824,1.08559451,0.06105991,-0.60952496,0.61257571
53.674185,0.18389208,0.47380748,0.16812308,0.90732572,0.01576900,-0.43351824,0.43380494
53.694312,0.19160068,0.47144812,0.19320229,0.84452331,-0.00160161,-0.37307519,0.37307863
53.714297,0.19924120,0.46899231,0.15035166,1.04759151,0.04888954,-0.57859920,0.58066102
53.734653,0.20681094,0.46644093,0.21030016,0.81987228,-0.00348922,-0.35343135,0.35344857
53.754569,0.21430719,0.46379489,0.20880778,0.85458978,0.00549941,-0.39079489,0.39083359
53.774321,0.22172730,0.46105513,0.15413421,1.12262287,0.06759309,-0.66156774,0.66501181
53.794688,0.22906864,0.45822261,0.20399311,0.96508766,0.02507553,-0.50686505,0.50748494
53.814342,0.23632858,0.45529834,0.24167511,0.84717169,-0.00534653,-0.39187335,0.39190982
53.834334,0.24350456,0.45228337,0.20190168,1.02950831,0.04160288,-0.57722494,0.57872224
53.853873,0.25059403,0.44917877,0.25872197,0.80730808,-0.00812794,-0.35812931,0.35822153
53.873898,0.25759446,0.44598563,0.26105200,0.83094291,-0.00345754,-0.38495728,0.38497280
53.893892,0.26450336,0.44270510,0.21502369,1.07966998,0.04947967,-0.63696488,0.63888379
53.914293,0.27131829,0.43933833,0.27631050,0.89348695,-0.00499221,-0.45414862,0.45417606
53.934299,0.27803683,0.43588653,0.29712280,0.86150906,-0.01908597,-0.42562253,0.42605025
53.954149,0.28465657,0.43235092,0.25155287,1.09123196,0.03310370,-0.65888104,0.65971212
53.974663,0.29117518,0.42873275,0.30508866,0.90551971,-0.01391348,-0.47678696,0.47698993
53.994394,0.29759034,0.42503332,0.32332561,0.86060022,-0.02573527,-0.43556690,0.43632652
54.014389,0.30389976,0.42125394,0.27453826,1.08058217,0.02936150,-0.65932823,0.65998167
54.034255,0.31010121,0.41739594,0.32552997,0.88277034,-0.01542876,-0.46537440,0.46563008
54.053976,0.31619249,0.41346070,0.33635303,0.85418194,-0.02016054,-0.44072124,0.44118211
54.073904,0.32217142,0.40944963,0.28349568,1.08314946,0.03867574,-0.67369983,0.67480907
54.093953,0.32803588,0.40536413,0.29836628,1.03847465,0.02966960,-0.63311052,0.63380535
54.114204,0.33378380,0.40120567,0.29827776,1.04750893,0.03550604,-0.64630326,0.64727782
54.134444,0.33941312,0.39697573,0.35297727,0.80532119,-0.01356415,-0.40834546,0.40857068
54.154278,0.34492185,0.39267580,0.30814996,0.97417221,0.03677189,-0.58149641,0.58265792
54.174244,0.35030804,0.38830741,0.31219764,0.93101538,0.03811040,-0.54270797,0.54404443
54.194176,0.35556976,0.38387212,0.27342537,1.09458151,0.08214439,-0.71070939,0.71544080
54.214301,0.36070514,0.37937149,0.28354056,1.05434760,0.07716458,-0.67497611,0.67937259
54.234310,0.36571237,0.37480714,0.33776917,0.83350154,0.02794320,-0.45869440,0.45954475
54.254179,0.37058967,0.37018068,0.28001680,1.08705113,0.09057287,-0.71687045,0.72256950
54.274478,0.37533530,0.36549376,0.28135493,1.11653867,0.09398037,-0.75104491,0.75690209
54.294317,0.37994757,0.36074804,0.34922953,0.85932170,0.03071804,-0.49857366,0.49951906
54.314389,0.38442484,0.35594520,0.32544922,0.97228474,0.05897562,-0.61633954,0.61915471
54.334343,0.38876554,0.35108696,0.32316532,0.98254820,0.06560022,-0.63146124,0.63485958
54.354733,0.39296810,0.34617504,0.38539570,0.73424646,0.00757240,-0.38807142,0.38814530
54.374379,0.39703105,0.34121118,0.33037631,0.96465072,0.06665474,-0.62343954,0.62699259
54.394352,0.40095294,0.33619715,0.33293897,0.96047213,0.06801397,-0.62427498,0.62796906
54.414250,0.40473236,0.33113473,0.39305277,0.72582250,0.01167959,-0.39468777,0.39486054
54.434125,0.40836799,0.32602572,0.32950983,0.99931970,0.07885816,-0.67329398,0.67789630
54.454356,0.41185853,0.32087193,0.32993279,1.02747357,0.08192574,-0.70660164,0.71133516
54.474380,0.41520273,0.31567520,0.40036859,0.76265847,0.01483414,-0.44698327,0.44722936
54.494251,0.41839942,0.31043737,0.36418591,0.92520485,0.05421351,-0.61476748,0.61715327
54.514241,0.42144745,0.30516030,0.37506987,0.87586226,0.04637758,-0.57070196,0.57258327
54.534458,0.42434574,0.29984586,0.43697368,0.62106885,-0.01262794,-0.32122299,0.32147111
54.554800,0.42709327,0.29449596,0.35604116,0.94708125,0.07105211,-0.65258529,0.65644190
54.574366,0.42968905,0.28911247,0.35206633,0.99082181,0.07762272,-0.70170934,0.70598958
54.593870,0.43213216,0.28369733,0.42618700,0.71174594,0.00594516,-0.42804861,0.42808989
54.614279,0.43442174,0.27825245,0.39067911,0.86822545,0.04374263,-0.58997300,0.59159239
54.634225,0.43655697,0.27277977,0.39574296,0.84170520,0.04081401,-0.56892543,0.57038752
54.654203,0.43853709,0.26728123,0.45696420,0.59311767,-0.01842711,-0.32583644,0.32635708
54.674103,0.44036141,0.26175878,0.37241290,0.93584177,0.06794851,-0.67408299,0.67749898
54.694259,0.44202926,0.25621439,0.36820283,0.98698255,0.07382643,-0.73076816,0.73448788
54.714335,0.44354007,0.25065003,0.44569462,0.69904561,-0.00215455,-0.44839558,0.44840076
54.734722,0.44489329,0.24506768,0.41606572,0.83442022,0.02882757,-0.58935254,0.59005715
54.754155,0.44608843,0.23946931,0.41133154,0.85535327,0.03475689,-0.61588396,0.61686392
54.774341,0.44712509,0.23385692,0.47908345,0.58993349,-0.03195836,-0.35607657,0.35750784
54.794149,0.44800288,0.22823249,0.40615208,0.88579651,0.04185080,-0.65756402,0.65889448
54.814121,0.44872151,0.22259804,0.40325558,0.90778753,0.04546593,-0.68518949,0.68669628
54.834108,0.44928070,0.21695556,0.47305412,0.63600446,-0.02377342,-0.41904890,0.41972271
54.854271,0.44968026,0.21130705,0.41331750,0.88023351,0.03636276,-0.66892646,0.66991407
54.874274,0.44992006,0.20565453,0.41440895,0.87229983,0.03551111,-0.66664530,0.66759044
54.894274,0.45000000,0.20000000,0.47474428,0.62856073,-0.02474428,-0.42856073,0.42927448
54.914431,0.44992006,0.19434547,0.39629031,0.94806239,0.05362975,-0.75371692,0.75562249
54.934247,0.44968026,0.18869295,0.39214072,0.98939773,0.05753954,-0.80070478,0.80276955
54.954128,0.44928070,0.18304444,0.46736482,0.69835907,-0.01808412,-0.51531463,0.51563185
54.974442,0.44872151,0.17740196,0.43439934,0.83501362,0.01432217,-0.65761166,0.65776760
54.994219,0.44800288,0.17176751,0.43127912,0.83219557,0.01672376,-0.66042806,0.66063977
55.014308,0.44712509,0.16614308,0.49046993,0.58463020,-0.04334484,-0.41848712,0.42072585
55.034294,0.44608843,0.16053069,0.40422050,0.92420318,0.04186793,-0.76367249,0.76481932
55.053900,0.44489329,0.15493232,0.39795776,0.96588304,0.04693553,-0.81095072,0.81230784
55.074413,0.44354007,0.14934997,0.47282326,0.66933224,-0.02928319,-0.51998227,0.52080617
55.094421,0.44202926,0.14378561,0.43609480,0.81288207,0.00593446,-0.66909646,0.66912277
55.114379,0.44036141,0.13824122,0.43321447,0.79963589,0.00714694,-0.66139467,0.66143328
55.134000,0.43853709,0.13271877,0.37946946,1.01251962,0.05906763,-0.87980085,0.88178145
55.154260,0.43655697,0.12722023,0.37861048,0.99841990,0.05794649,-0.87119967,0.87312465
55.174286,0.43442174,0.12174755,0.43744857,0.72477819,-0.00302683,-0.60303064,0.60303824
55.194346,0.43213216,0.11630267,0.38124777,0.91786973,0.05088439,-0.80156706,0.80318053
55.214317,0.42968905,0.11088753,0.38065774,0.87235196,0.04903131,-0.76146443,0.76304138
55.234039,0.42841018,0.10819171,0.43690717,0.60472343,-0.00849699,-0.49653172,0.49660442
55.254329,0.42573841,0.10282477,0.35115531,0.91494444,0.07458310,-0.81211967,0.81553724
55.274331,0.42291538,0.09749237,0.34438247,0.92803815,0.07853291,-0.83054578,0.83425038
55.294661,0.41994208,0.09219638,0.41377860,0.63315112,0.00616348,-0.54095474,0.54098985
55.314376,0.41681959,0.08693870,0.35751531,0.83879725,0.05930428,-0.75185855,0.75419379
55.334372,0.41354900,0.08172118,0.35971040,0.79379137,0.05383860,-0.71207019,0.71410262
55.354317,0.41013147,0.07654569,0.42166925,0.51338704,-0.01153778,-0.43684135,0.43699369
55.374219,0.40656823,0.07141406,0.32576827,0.86586720,0.08079996,-0.79445314,0.79855145
55.394455,0.40286054,0.06632812,0.31554919,0.90085378,0.08731135,-0.83452566,0.83908066
55.414519,0.39900972,0.06128967,0.39176877,0.58773944,0.00724095,-0.52644977,0.52649957
55.434807,0.39501712,0.05630051,0.34119774,0.77539124,0.05381938,-0.71909073,0.72110194
55.454339,0.39088418,0.05136240,0.34998763,0.70460648,0.04089655,-0.65324408,0.65452300
55.474323,0.38661236,0.04647710,0.41901951,0.39268524,-0.03240715,-0.34620814,0.34772158
55.494321,0.38220318,0.04164635,0.30746715,0.79287580,0.07473603,-0.75122945,0.75493785
55.514318,0.37765820,0.03687186,0.29090577,0.84138937,0.08675243,-0.80451751,0.80918132
55.534335,0.37297905,0.03215532,0.37021152,0.51086402,0.00276753,-0.47870870,0.47871670
55.554366,0.36816737,0.02749842,0.31371167,0.71303393,0.05445570,-0.68553551,0.68769496
55.574316,0.36322489,0.02290282,0.32088437,0.64228476,0.04234052,-0.61938194,0.62082744
55.594348,0.35815336,0.01837013,0.39174518,0.31959545,-0.03359182,-0.30122532,0.30309256
55.614284,0.35295457,0.01390197,0.26916405,0.75651811,0.08379052,-0.74261614,0.74732829
55.634368,0.34763038,0.00949994,0.24809387,0.82132252,0.09953651,-0.81182258,0.81790184
55.654438,0.34218268,0.00516559,0.33196559,0.47290472,0.01021709,-0.46773913,0.46785070
55.674377,0.33661341,0.00090046,0.28044568,0.65361105,0.05616773,-0.65271059,0.65512283
55.694346,0.33092454,-0.00329393,0.27188007,0.64915138,0.05904447,-0.65244531,0.65511154
55.714361,0.32511809,-0.00741609,0.33827324,0.36096103,-0.01315515,-0.36837712,0.36861194
55.734422,0.31919613,-0.01146456,0.22139319,0.79797490,0.09780294,-0.80943946,0.81532672
55.754321,0.31316076,-0.01543789,0.20372819,0.87407178,0.10943257,-0.88950967,0.89621590
55.774357,0.30701412,-0.01933468,0.29354091,0.51820946,0.01347321,-0.53754414,0.53771296
55.794423,0.30075841,-0.02315354,0.26135218,0.63735777,0.03940623,-0.66051131,0.66168576
55.814266,0.29439584,-0.02689311,0.20752755,0.84260129,0.08686829,-0.86949440,0.87382299
55.834272,0.28792867,-0.03055208,0.28871597,0.50942084,-0.00078730,-0.53997292,0.53997349
55.854348,0.28135920,-0.03412912,0.26773803,0.57541688,0.01362117,-0.60954600,0.60969818
55.874341,0.27468976,-0.03762298,0.17388295,0.94427114,0.10080681,-0.98189412,0.98705526
55.894414,0.26792273,-0.04103242,0.21780410,0.77750788,0.05011863,-0.81854030,0.82007323
55.914317,0.26106050,-0.04435622,0.27895101,0.52426163,-0.01789051,-0.56861785,0.56889922
55.934402,0.25410553,-0.04759320,0.19133273,0.85647934,0.06277280,-0.90407254,0.90624918
55.954217,0.24706027,-0.05074221,0.19851281,0.82632861,0.04854746,-0.87707082,0.87841339
55.974293,0.23992723,-0.05380213,0.25651181,0.58769294,-0.01658458,-0.64149507,0.64170941
55.994102,0.23270895,-0.05677188,0.17826800,0.89086720,0.05444095,-0.94763908,0.94920158
56.014172,0.22540798,-0.05965040,0.18978691,0.84697206,0.03562107,-0.90662246,0.90732196
56.034319,0.21802693,-0.06243667,0.24881075,0.60152262,-0.03078382,-0.66395929,0.66467254
56.053965,0.21056842,-0.06512969,0.16927364,0.90781831,0.04129478,-0.97294800,0.97382394
56.074027,0.20303509,-0.06772851,0.17243131,0.89421831,0.03060378,-0.96194682,0.96243351
56.094391,0.19542962,-0.07023222,0.21929010,0.69331511,-0.02386048,-0.76354733,0.76392006
56.114352,0.18775472,-0.07263990,0.15957370,0.90835626,0.02818102,-0.98099616,0.98140085
56.134238,0.18001311,-0.07495073,0.19843551,0.72450616,-0.01842240,-0.79945689,0.79966912
56.154118,0.17220754,-0.07716386,0.24496459,0.50049495,-0.07275705,-0.57765881,0.58222271
56.174158,0.16434079,-0.07927852,0.15662107,0.80115629,0.00771972,-0.88043481,0.88046865
56.194316,0.15641565,-0.08129395,0.18216678,0.65493077,-0.02575113,-0.73622472,0.73667494
56.214728,0.14843494,-0.08320944,0.12579128,0.83574766,0.02264366,-0.91895710,0.91923603
56.234342,0.14040148,-0.08502431,0.12262238,0.78137033,0.01777910,-0.86639464,0.86657704
56.254247,0.13231815,-0.08673790,0.17799717,0.49759332,-0.04567902,-0.58433122,0.58611394
56.274875,0.12418780,-0.08834963,0.07049083,0.86779863,0.05369697,-0.95614826,0.95765488
56.294122,0.11601332,-0.08985890,0.04839313,0.92353100,0.06762019,-1.01338990,1.01564343
56.314048,0.10779763,-0.09126519,0.12612221,0.57548805,-0.01832458,-0.66675324,0.66700501
56.334623,0.09954364,-0.09256799,0.08996672,0.67811420,0.00957692,-0.77068219,0.77074169
56.354617,0.09125428,-0.09376684,0.03560349,0.85220378,0.05565079,-0.94597062,0.94760616
56.374315,0.08293250,-0.09486132,0.11358808,0.49815221,-0.03065558,-0.59301353,0.59380536
56.394263,0.07458126,-0.09585104,0.08677888,0.55712210,-0.01219762,-0.65297314,0.65308706
56.414220,0.06620351,-0.09673564,-0.01458564,0.92418702,0.08078915,-1.02092266,1.02411423
56.434386,0.05780224,-0.09751482,0.02494529,0.74462915,0.03285695,-0.84214397,0.84278470
56.454335,0.04938044,-0.09818829,0.07686208,0.50736328,-0.02748164,-0.60555157,0.60617484
56.474378,0.04094109,-0.09875581,-0.01102502,0.81711266,0.05196611,-0.91586847,0.91734155
56.494383,0.03248720,-0.09921719,0.00868980,0.70745189,0.02379740,-0.80666908,0.80702003
56.514379,0.02402176,-0.09957225,0.07682513,0.39312271,-0.05280337,-0.49269496,0.49551642
56.534348,0.01554779,-0.09982088,-0.04034190,0.80773401,0.05588969,-0.90755489,0.90927418
56.554263,0.00706829,-0.09996299,-0.06256929,0.87307648,0.06963758,-0.97303947,0.97552817
56.574230,-0.00141371,-0.09999852,0.01995868,0.51831282,-0.02137239,-0.61831134,0.61868061
56.594141,-0.00989522,-0.09992746,-0.02062119,0.64608192,0.01072597,-0.74600938,0.74608649
56.614282,-0.01837321,-0.09974984,-0.06535742,0.78408785,0.04698421,-0.88383769,0.88508563
56.634492,-0.02684467,-0.09946572,0.02882342,0.36813049,-0.05566809,-0.46759621,0.47089824
56.654366,-0.03530659,-0.09907520,0.00156828,0.42093497,-0.03687487,-0.52001017,0.52131597
56.674365,-0.04375597,-0.09857842,-0.11355974,0.82522559,0.06980377,-0.92380401,0.92643748
56.694368,-0.05218981,-0.09797556,-0.06823758,0.61133666,0.01604777,-0.70931222,0.70949373
56.714323,-0.06060510,-0.09726683,-0.03417711,0.44405146,-0.02642799,-0.54131829,0.54196303
56.734203,-0.06899885,-0.09645248,-0.10773326,0.68190408,0.03873441,-0.77835656,0.77931976
56.754368,-0.07736810,-0.09553280,-0.02545350,0.29699680,-0.05191460,-0.39252960,0.39594774
56.774427,-0.08570985,-0.09450812,-0.06528277,0.38891596,-0.02042708,-0.48342408,0.48385546
56.794044,-0.09402115,-0.09337880,-0.18743001,0.81702718,0.09340886,-0.91040598,0.91518537
56.814239,-0.10229905,-0.09214525,-0.17754358,0.73509326,0.07524453,-0.82723851,0.83065353
56.834824,-0.11054060,-0.09080790,-0.17253411,0.66284945,0.06199351,-0.75365735,0.75620275
56.854748,-0.11874287,-0.08936723,-0.19956334,0.71817720,0.08082047,-0.80754443,0.81157868
56.874306,-0.12690296,-0.08782374,-0.10855360,0.28851792,-0.01834936,-0.37634166,0.37678873
56.894315,-0.13501796,-0.08617800,-0.14771197,0.36082799,0.01269401,-0.44700599,0.44718620
56.914099,-0.14308499,-0.08443057,-0.27088043,0.77318396,0.12779544,-0.85761453,0.86708382
56.934351,-0.15110118,-0.08258209,-0.22373947,0.52878100,0.07263829,-0.61136309,0.61566317
56.954334,-0.15906368,-0.08063321,-0.21453761,0.45067567,0.05547393,-0.53130888,0.53419705
56.974152,-0.16696967,-0.07858462,-0.30357119,0.74901612,0.13660152,-0.82760074,0.83879852
56.994482,-0.17481634,-0.07643705,-0.23265023,0.42079209,0.05783389,-0.49722914,0.50058124
57.014816,-0.18260089,-0.07419127,-0.25917094,0.49093000,0.07657005,-0.56512127,0.57028504
57.034064,-0.19032057,-0.07184806,-0.36164784,0.87532200,0.17132727,-0.94717006,0.96254047
57.053911,-0.19797263,-0.06940827,-0.31277174,0.67367635,0.11479911,-0.74308462,0.75189998
57.073972,-0.20555435,-0.06687276,-0.26551507,0.47837484,0.05996072,-0.54524760,0.54853462
57.094332,-0.21306303,-0.06424243,-0.31108837,0.64524998,0.09802534,-0.70949241,0.71623212
57.114322,-0.22049602,-0.06151822,-0.20021261,0.19790052,-0.02028341,-0.25941874,0.26021049
57.133784,-0.22785066,-0.05870109,-0.23766368,0.31549773,0.00981302,-0.37419882,0.37432747
57.154248,-0.23512435,-0.05579205,-0.35870608,0.77454833,0.12358173,-0.83034038,0.83948650
57.174314,-0.24231451,-0.05279212,-0.30300816,0.55745858,0.06069365,-0.61025070,0.61326147
57.193723,-0.24941857,-0.04970238,-0.26659500,0.41617671,0.01717643,-0.46587909,0.46619562
57.213881,-0.25643401,-0.04652392,-0.33930009,0.68616730,0.08286608,-0.73269122,0.73736234
57.233829,-0.26335834,-0.04325787,-0.25244293,0.32157616,-0.01091541,-0.36483403,0.36499728
57.254352,-0.27018910,-0.03990540,-0.28306929,0.41341363,0.01288019,-0.45331903,0.45350197
57.273851,-0.27692387,-0.03646768,-0.39339408,0.83099141,0.11647021,-0.86745909,0.87524316
57.293770,-0.28356024,-0.03294595,-0.34088835,0.62175116,0.05732811,-0.65469711,0.65720226
57.313868,-0.29009587,-0.02934146,-0.30128765,0.46298031,0.01119178,-0.49232177,0.49244897
57.333867,-0.29652843,-0.02565548,-0.36601972,0.69552759,0.06949129,-0.72118307,0.72452333
57.354357,-0.30285563,-0.02188933,-0.35703866,0.63168405,0.05418303,-0.65357338,0.65581550
57.374132,-0.30907523,-0.01804434,-0.42978582,0.88615028,0.12071059,-0.90419462,0.91221651
57.394782,-0.31518502,-0.01412188,-0.36998403,0.60978274,0.05479901,-0.62390462,0.62630656
57.414396,-0.32118282,-0.01012335,-0.38526002,0.65131712,0.06407720,-0.66144047,0.66453697
57.434054,-0.32706651,-0.00605015,-0.46453694,0.96342174,0.13747043,-0.96947189,0.97916999
57.454317,-0.33283399,-0.00190375,-0.41296490,0.76010615,0.08013091,-0.76200990,0.76621149
57.474287,-0.33848322,0.00231438,-0.38036219,0.63163284,0.04187897,-0.62931846,0.63071037
57.494371,-0.34401219,0.00660275,-0.43621647,0.83855320,0.09220428,-0.83195045,0.83704431
57.514336,-0.34941893,0.01095984,-0.36173226,0.51445705,0.01231333,-0.50349721,0.50364775
57.533821,-0.35470153,0.01538409,-0.38089392,0.56686722,0.02619239,-0.55148313,0.55210478
57.554221,-0.35985810,0.01987393,-0.47279113,0.92124318,0.11293303,-0.90136925,0.90841642
57.574246,-0.36488681,0.02442777,-0.42370403,0.72705158,0.05881722,-0.70262381,0.70508133
57.594388,-0.36978588,0.02904400,-0.38501314,0.57323156,0.01522726,-0.54418756,0.54440056
57.614301,-0.37455357,0.03372096,-0.44467452,0.79356036,0.07012095,-0.75983940,0.76306805
57.633866,-0.37918819,0.03845700,-0.37124149,0.47660947,-0.00794670,-0.43815247,0.43822453
57.654083,-0.38368807,0.04325043,-0.38945507,0.53481312,0.00576700,-0.49156269,0.49159652
57.673834,-0.38805164,0.04809956,-0.47673083,0.88729529,0.08867919,-0.83919573,0.84386816
57.693872,-0.39227733,0.05300265,-0.41934462,0.67614304,0.02706729,-0.62314039,0.62372798
57.713861,-0.39636365,0.05795798,-0.39672393,0.60141299,0.00036028,-0.54345501,0.54345513
57.733913,-0.40030914,0.06296377,-0.46339733,0.86875111,0.06308819,-0.80578734,0.80825328
57.753937,-0.40411241,0.06801825,-0.39933171,0.61026400,-0.00478070,-0.54224575,0.54226683
57.773875,-0.40777209,0.07311962,-0.41741174,0.68793674,0.00963965,-0.61481712,0.61489268
57.794189,-0.41128690,0.07826607,-0.48886532,0.99311924,0.07757842,-0.91485317,0.91813656
57.813992,-0.41465558,0.08345578,-0.44341536,0.82161031,0.02875978,-0.73815453,0.73871459
57.833940,-0.41787693,0.08868689,-0.40356396,0.65930063,-0.01431297,-0.57061374,0.57079323
57.853988,-0.42094981,0.09395755,-0.46284747,0.88043277,0.04189766,-0.78647522,0.78759043
57.873917,-0.42387314,0.09926588,-0.41005653,0.64892805,-0.01381661,-0.54966217,0.54983580
57.893871,-0.42664586,0.10461001,-0.41463850,0.65831854,-0.01200736,-0.55370853,0.55383870
57.913895,-0.42926699,0.10998803,-0.49318067,0.96644538,0.06391368,-0.85645735,0.85883884
57.933960,-0.43173561,0.11539803,-0.44524489,0.77221063,0.01350928,-0.65681260,0.65695152
57.953889,-0.43405084,0.12083809,-0.42151004,0.67433305,-0.01254080,-0.55349496,0.55363701
57.973761,-0.43621185,0.12630627,-0.48247701,0.90068702,0.04626516,-0.77438075,0.77576156
57.994144,-0.43821787,0.13180064,-0.42110627,0.62782859,-0.01711160,-0.49602795,0.49632302
58.014002,-0.44006820,0.13731923,-0.43921026,0.68409292,-0.00085794,-0.54677369,0.54677437
58.033974,-0.44176218,0.14286010,-0.52036974,1.01057268,0.07860756,-0.86771258,0.87126590
58.053872,-0.44329920,0.14842127,-0.47756763,0.84961684,0.03426843,-0.70119557,0.70203245
58.073876,-0.44467871,0.15400076,-0.43573218,0.68355179,-0.00894653,-0.52955103,0.52962660
58.093819,-0.44590024,0.15959660,-0.49635289,0.91667549,0.05045265,-0.75707889,0.75875814
58.113845,-0.44696334,0.16520680,-0.45162661,0.72611189,0.00466327,-0.56090509,0.56092448
58.133865,-0.44786763,0.17082935,-0.42744598,0.62301857,-0.02042165,-0.45218922,0.45265012
58.153896,-0.44861280,0.17646227,-0.49305691,0.86286377,0.04444411,-0.68640150,0.68783886
58.174394,-0.44919858,0.18210355,-0.42938876,0.58001842,-0.01980982,-0.39791487,0.39840767
58.193966,-0.44962476,0.18775119,-0.45054906,0.64787384,0.00092430,-0.46012265,0.46012358
58.213963,-0.44989119,0.19340319,-0.53632943,0.99175828,0.08643824,-0.79835509,0.80302081
58.233967,-0.44999778,0.19905752,-0.49365749,0.83334245,0.04365971,-0.63428493,0.63578577
58.254424,-0.44994448,0.20471220,-0.45145468,0.67076214,0.00151020,-0.46604994,0.46605238
58.274401,-0.44973133,0.21036519,-0.51254401,0.91038321,0.06281268,-0.70001802,0.70283046
58.294339,-0.44935838,0.21601451,-0.46564079,0.71698813,0.01628241,-0.50097362,0.50123815
58.314370,-0.44882578,0.22165813,-0.44300701,0.62810466,-0.00581877,-0.40644653,0.40648818
58.334177,-0.44813372,0.22729406,-0.50966969,0.88221422,0.06153597,-0.65492016,0.65780475
58.354247,-0.44728243,0.23292029,-0.44850321,0.62138969,0.00122078,-0.38846940,0.38847132
58.374513,-0.44627223,0.23853483,-0.46593491,0.68940111,0.01966268,-0.45086628,0.45129482
58.394438,-0.44510347,0.24413567,-0.54392157,1.02078577,0.09881810,-0.77665010,0.78291148
58.414288,-0.44377656,0.24972084,-0.49817895,0.86579961,0.05440239,-0.61607877,0.61847609
58.434426,-0.44229199,0.25528833,-0.45481345,0.71167342,0.01252146,-0.45638509,0.45655683
58.454223,-0.44065026,0.26083619,-0.50992438,0.94171851,0.06927412,-0.68088232,0.68439728
58.474106,-0.43885198,0.26636243,-0.46152141,0.75387807,0.02266943,-0.48751564,0.48804242
58.493895,-0.43689778,0.27186509,-0.44014185,0.68051856,0.00324407,-0.40865347,0.40866634
58.514297,-0.43478835,0.27734222,-0.50301502,0.93127964,0.06822667,-0.65393742,0.65748690
58.534322,-0.43252444,0.28279186,-0.44459849,0.69037004,0.01207405,-0.40757818,0.40775698
58.554226,-0.43010686,0.28821210,-0.45672643,0.74981789,0.02661957,-0.46160579,0.46237269
58.574185,-0.42753646,0.29360099,-0.52588940,1.06042404,0.09835294,-0.76682305,0.77310471
58.594292,-0.42481416,0.29895662,-0.47758224,0.90465027,0.05276808,-0.60569365,0.60798789
58.614050,-0.42194092,0.30427710,-0.43579869,0.76527482,0.01385777,-0.46099772,0.46120596
58.634262,-0.41891778,0.30956053,-0.48399687,0.97621653,0.06507909,-0.66665600,0.66982498
58.653814,-0.41574579,0.31480503,-0.43203589,0.77708036,0.01629010,-0.46227533,0.46256226
58.673921,-0.41242609,0.32000874,-0.42009416,0.74712063,0.00766807,-0.42711189,0.42718072
58.694386,-0.40895986,0.32516981,-0.48011286,1.00307118,0.07115300,-0.67790137,0.68162527
58.714335,-0.40534832,0.33028641,-0.42603846,0.79518583,0.02069014,-0.46489942,0.46535959
58.734366,-0.40159277,0.33535673,-0.41862958,0.78527032,0.01703681,-0.44991359,0.45023604
58.754344,-0.39769453,0.34037894,-0.47600188,1.04001045,0.07830735,-0.69963151,0.70400021
58.774385,-0.39365500,0.34535129,-0.42209602,0.84093893,0.02844102,-0.49558764,0.49640306
58.794352,-0.38947560,0.35027199,-0.40912951,0.81458792,0.01965391,-0.46431593,0.46473170
58.814520,-0.38515782,0.35513930,-0.46134152,1.05081111,0.07618370,-0.69567181,0.69983085
58.834184,-0.38070320,0.35995149,-0.40610773,0.84391482,0.02540453,-0.48396333,0.48462965
58.854229,-0.37611331,0.36470685,-0.39742145,0.83534056,0.02130814,-0.47063371,0.47111583
58.874374,-0.37138980,0.36940369,-0.44940353,1.07739378,0.07801373,-0.70799009,0.71227531
58.894288,-0.36653433,0.37404034,-0.39578673,0.88540165,0.02925240,-0.51136131,0.51219732
58.914245,-0.36154863,0.37861515,-0.40874418,0.95931869,0.04719555,-0.58070354,0.58261824
58.934239,-0.35643448,0.38312651,-0.43095411,1.07302776,0.07451963,-0.68990125,0.69391420
58.954348,-0.35119368,0.38757280,-0.35502222,0.77777018,0.00382854,-0.39019738,0.39021616
58.974360,-0.34582811,0.39195244,-0.35316772,0.78148981,0.00733961,-0.38953737,0.38960651
58.994318,-0.34033967,0.39626389,-0.41255134,1.04115931,0.07221167,-0.64489542,0.64892575
59.014258,-0.33473031,0.40050561,-0.36465589,0.85468047,0.02992558,-0.45417486,0.45515970
59.034296,-0.32900202,0.40467608,-0.34704109,0.79976518,0.01803907,-0.39508910,0.39550070
59.054335,-0.32315683,0.40877384,-0.39658101,1.01133050,0.07342418,-0.60255666,0.60701370
59.074333,-0.31719683,0.41279742,-0.33502934,0.76576478,0.01783251,-0.35296736,0.35341754
59.094297,-0.31112414,0.41674539,-0.33685433,0.79241942,0.02573019,-0.37567403,0.37655414
59.114306,-0.30494090,0.42061636,-0.27114119,0.54764419,-0.03379971,-0.12702783,0.13144767
59.134796,-0.29864931,0.42440894,-0.28607591,0.63833267,-0.01257340,-0.21392373,0.21429291
59.154255,-0.29225162,0.42812179,-0.36271878,0.99758946,0.07046716,-0.56946767,0.57381099
59.174268,-0.28575009,0.43175359,-0.30745601,0.84223630,0.02170592,-0.41048271,0.41105620
59.194318,-0.27914704,0.43530305,-0.26208315,0.71633234,-0.01706389,-0.28102929,0.28154687
59.214212,-0.27244481,0.43876890,-0.20226541,0.50421982,-0.07017940,-0.06545092,0.09596338
59.234310,-0.26564578,0.44214993,-0.25165008,0.71730955,-0.01399570,-0.27515962,0.27551533
59.254256,-0.25875236,0.44544492,-0.25431137,0.73707592,-0.00444099,-0.29163100,0.29166482
59.274306,-0.25176702,0.44865270,-0.18589501,0.48510153,-0.06587201,-0.03644883,0.07528372
59.294382,-0.24469222,0.45177214,-0.27829918,0.87648975,0.03360696,-0.42471761,0.42604516
59.314245,-0.23753048,0.45480212,-0.27982353,0.93895374,0.04229305,-0.48415162,0.48599537
59.334321,-0.23028435,0.45774157,-0.20385587,0.68654542,-0.02642848,-0.22880385,0.23032513
59.354832,-0.22295640,0.46058945,-0.24645236,0.90375083,0.02349596,-0.44316138,0.44378381
59.374304,-0.21554924,0.46334475,-0.23326364,0.88231016,0.01771440,-0.41896541,0.41933974
59.394268,-0.20806549,0.46600648,-0.16700089,0.64262766,-0.04106460,-0.17662118,0.18133213
59.414118,-0.20050782,0.46857369,-0.23048181,0.94242251,0.02997399,-0.47384882,0.47479590
59.434254,-0.19287890,0.47104549,-0.22196251,0.96867944,0.02908361,-0.49763395,0.49848310
59.454261,-0.18518146,0.47342098,-0.15435235,0.74865290,-0.03082911,-0.27523192,0.27695315
59.474321,-0.17741823,0.47569933,-0.20593690,1.01116894,0.02851867,-0.53546961,0.53622851
59.494270,-0.16959195,0.47787973,-0.19855740,1.03802829,0.02896545,-0.56014856,0.56089697
59.514371,-0.16170543,0.47996139,-0.19873059,1.09846084,0.03702516,-0.61849945,0.61960668
59.534284,-0.15376145,0.48194359,-0.15724528,0.94287014,0.00348383,-0.46092655,0.46093971
59.554248,-0.14576284,0.48382561,-0.13294131,0.85274160,-0.01282153,-0.36891599,0.36913873
59.574241,-0.13771244,0.48560679,-0.17585070,1.02584938,0.03813826,-0.54024259,0.54158709
59.594188,-0.12961311,0.48728649,-0.11496437,0.76290974,-0.01464874,-0.27562325,0.27601225
59.614214,-0.12146773,0.48886413,-0.11960072,0.78116660,-0.00186701,-0.29230247,0.29230843
59.634163,-0.11327920,0.49033913,-0.18207765,1.04807163,0.06879845,-0.55773250,0.56195975
59.654255,-0.10505041,0.49171098,-0.12975559,0.85454580,0.02470518,-0.36283482,0.36367493
59.674297,-0.09678431,0.49297918,-0.11662246,0.83327170,0.01983815,-0.34029252,0.34087028
59.694264,-0.08848381,0.49414329,-0.16533662,1.06530221,0.07685281,-0.57115892,0.57630623
59.714589,-0.08015188,0.49520289,-0.10821757,0.86150863,0.02806569,-0.36630574,0.36737934
59.734345,-0.07179147,0.49615760,-0.10039751,0.87088491,0.02860604,-0.37472731,0.37581759
59.754353,-0.06340555,0.49700710,-0.14854881,1.11804638,0.08514326,-0.62103928,0.62684860
59.774340,-0.05499711,0.49775107,-0.09533302,0.94718958,0.04033591,-0.44943851,0.45124490
59.794204,-0.04656913,0.49838924,-0.06824997,0.88131993,0.02168084,-0.38293069,0.38354397
59.814204,-0.03812459,0.49892141,-0.10716791,1.07453758,0.06904332,-0.57561617,0.57974215
59.834305,-0.02966652,0.49934736,-0.04769631,0.85253806,0.01802979,-0.35319070,0.35365060
59.854327,-0.02119790,0.49966696,-0.04787084,0.88778669,0.02667294,-0.38811973,0.38903518
59.874323,-0.01272176,0.49988009,-0.09843804,1.14729630,0.08571628,-0.64741621,0.65306587
59.894678,-0.00424109,0.49998668,-0.04850814,0.99561399,0.04426705,-0.49562731,0.49760025
59.914505,0.00424109,0.49998668,-0.01093724,0.88446381,0.01517833,-0.38447713,0.38477661
59.934281,0.01272176,0.49988009,-0.04889039,1.06652175,0.06161215,-0.56664166,0.56998143
59.954317,0.02119790,0.49966696,0.00496413,0.86202486,0.01623377,-0.36235790,0.36272136
59.974289,0.02966652,0.49934736,0.00786760,0.88058885,0.02179892,-0.38124149,0.38186420
59.994112,0.03812459,0.49892141,-0.04196897,1.12849345,0.08009356,-0.62957204,0.63464630
60.014169,0.04656913,0.49838924,0.00272289,0.97394217,0.04384624,-0.47555293,0.47756998
60.034235,0.05499711,0.49775107,0.03369530,0.87449183,0.02130181,-0.37674076,0.37734251
60.054282,0.06340555,0.49700710,-0.00398951,1.04450667,0.06739506,-0.54749957,0.55163201
60.074287,0.07179147,0.49615760,0.05702618,0.79913026,0.01476529,-0.30297266,0.30333224
60.094776,0.08015188,0.49520289,0.05529095,0.82449847,0.02486093,-0.32929558,0.33023271
60.114394,0.08848381,0.49414329,-0.00202296,1.09263919,0.09050677,-0.59849590,0.60530060
60.134343,0.09678431,0.49297918,0.04904279,0.92300898,0.04774152,-0.43002980,0.43267179
60.154380,0.10505041,0.49171098,0.07768442,0.84614563,0.02736599,-0.35443465,0.35548955
60.174298,0.11327920,0.49033913,0.03687562,1.04091468,0.07640358,-0.55057555,0.55585155
60.194272,0.12146773,0.48886413,0.09867149,0.80746946,0.02279624,-0.31860533,0.31941983
60.214294,0.12961311,0.48728649,0.09610969,0.85054874,0.03350342,-0.36326225,0.36480397
60.234251,0.13771244,0.48560679,0.04169631,1.12632484,0.09601613,-0.64071805,0.64787246
60.254241,0.14576284,0.48382561,0.09162348,0.98145902,0.05413936,-0.49763341,0.50056976
60.274276,0.15376145,0.48194359,0.13423643,0.85423785,0.01952502,-0.37229426,0.37280590
60.294357,0.16170543,0.47996139,0.09492830,1.04924218,0.06677713,-0.56928079,0.57318392
60.314404,0.16959195,0.47787973,0.14815973,0.86161084,0.02143222,-0.38373111,0.38432917
60.334316,0.17741823,0.47569933,0.16617721,0.82603672,0.01124102,-0.35033739,0.35051768
60.354331,0.18518146,0.47342098,0.11864287,1.05433857,0.06653859,-0.58091759,0.58471585
60.374336,0.19287890,0.47104549,0.17611495,0.84986455,0.01676395,-0.37881906,0.37918981
60.394294,0.20050782,0.46857369,0.18359323,0.85952124,0.01691459,-0.39094755,0.39131329
60.414227,0.20806549,0.46600648,0.13384272,1.11219391,0.07422277,-0.64618743,0.65043617
60.434248,0.21554924,0.46334475,0.18699542,0.94358962,0.02855382,-0.48024487,0.48109298
60.454219,0.22295640,0.46058945,0.21922495,0.85561920,0.00373145,-0.39502975,0.39504737
60.474357,0.23028435,0.45774157,0.18071533,1.04013626,0.04956902,-0.58239469,0.58450035
60.494338,0.23753048,0.45480212,0.24319117,0.79974770,-0.00566069,-0.34494558,0.34499202
60.514320,0.24469222,0.45177214,0.24045014,0.83664784,0.00424208,-0.38487570,0.38489908
60.534376,0.25176702,0.44865270,0.18401045,1.11006925,0.06775657,-0.66141655,0.66487803
60.554342,0.25875236,0.44544492,0.23434303,0.95233386,0.02440933,-0.50688894,0.50747631
60.574235,0.26564578,0.44214993,0.27208727,0.83563163,-0.00644149,-0.39348170,0.39353443
60.594313,0.27244481,0.43876890,0.23197173,1.02016426,0.04047308,-0.58139536,0.58280240
60.614371,0.27914704,0.43530305,0.29056646,0.79247118,-0.01141942,-0.35716813,0.35735063
60.634019,0.28575009,0.43175359,0.28638949,0.83493122,-0.00063940,-0.40317763,0.40317814
60.654221,0.29225162,0.42812179,0.22955302,1.10960407,0.06269860,-0.68148228,0.68436044
60.674052,0.29864931,0.42440894,0.27913416,0.95418018,0.01951515,-0.52977124,0.53013055
60.694364,0.30494090,0.42061636,0.30225382,0.89459830,0.00268708,-0.47398194,0.47398956
60.714343,0.31112414,0.41674539,0.27888063,1.02650061,0.03224351,-0.60975522,0.61060713
60.733932,0.31719683,0.41279742,0.31001295,0.91747472,0.00718388,-0.50467730,0.50472843
60.753875,0.32315683,0.40877384,0.37301713,0.66271972,-0.04986030,-0.25394588,0.25879444
60.773962,0.32900202,0.40467608,0.29722823,0.97089000,0.03177379,-0.56621392,0.56710474
60.794224,0.33473031,0.40050561,0.29537350,1.00418916,0.03935681,-0.60368355,0.60496512
60.814122,0.34033967,0.39626389,0.36352811,0.74905922,-0.02318844,-0.35279533,0.35355657
60.833866,0.34582811,0.39195244,0.32056852,0.93985481,0.02525959,-0.54790237,0.54848432
60.853845,0.35119368,0.38757280,0.32801895,0.90928424,0.02317473,-0.52171144,0.52222590
60.873932,0.35643448,0.38312651,0.38854093,0.66480451,-0.03210645,-0.28167800,0.28350189
60.893953,0.36154863,0.37861515,0.31372334,0.97354314,0.04782529,-0.59492799,0.59684720
60.914048,0.36653433,0.37404034,0.31245221,1.00749141,0.05408212,-0.63345107,0.63575556
60.934047,0.37138980,0.36940369,0.38193348,0.74811492,-0.01054368,-0.37871123,0.37885798
60.954429,0.37611331,0.36470685,0.34165645,0.92744343,0.03445686,-0.56273658,0.56379051
60.973878,0.38070320,0.35995149,0.35083163,0.88685349,0.02987157,-0.52690200,0.52774807
60.993839,0.38515782,0.35513930,0.41333291,0.63053707,-0.02817509,-0.27539777,0.27683527
61.013890,0.38947560,0.35027199,0.33589599,0.94282785,0.05357961,-0.59255586,0.59497330
61.033904,0.39365500,0.34535129,0.33474041,0.96957635,0.05891459,-0.62422506,0.62699909
61.053942,0.39769453,0.34037894,0.40424158,0.70740206,-0.00654705,-0.36702312,0.36708151
61.074712,0.40159277,0.33535673,0.35523749,0.91795447,0.04635528,-0.58259774,0.58443900
61.094377,0.40534832,0.33028641,0.36041891,0.89655685,0.04492941,-0.56627044,0.56805005
61.114300,0.40895986,0.32516981,0.41998871,0.65800376,-0.01102885,-0.33283395,0.33301663
61.134321,0.41242609,0.32000874,0.34456125,0.97134906,0.06786484,-0.65134032,0.65486628
61.154152,0.41574579,0.31480503,0.34408260,1.00617291,0.07166319,-0.69136788,0.69507205
61.174226,0.41891778,0.30956053,0.41682079,0.73530171,0.00209699,-0.42574118,0.42574634
61.194267,0.42194092,0.30427710,0.38019431,0.89879798,0.04174661,-0.59452088,0.59598478
61.214296,0.42481416,0.29895662,0.39149547,0.84528324,0.03331869,-0.54632662,0.54734167
61.234300,0.42753646,0.29360099,0.45577759,0.57611075,-0.02824113,-0.28250976,0.28391782
61.254760,0.43010686,0.28821210,0.37099160,0.90626498,0.05911526,-0.61805288,0.62087356
61.274830,0.43252444,0.28279186,0.36640635,0.93857736,0.06611809,-0.65578550,0.65911018
61.294353,0.43478835,0.27734222,0.43820780,0.66113490,-0.00341945,-0.38379268,0.38380791
61.314344,0.43689778,0.27186509,0.38860388,0.86555516,0.04829390,-0.59369007,0.59565108
61.334125,0.43885198,0.26636243,0.39553522,0.82650018,0.04331676,-0.56013775,0.56181014
61.354162,0.44065026,0.26083619,0.45880783,0.56289574,-0.01815757,-0.30205955,0.30260480
61.374398,0.44229199,0.25528833,0.37077337,0.90869087,0.07151862,-0.65340254,0.65730495
61.394258,0.44377656,0.24972084,0.36533182,0.95051227,0.07844474,-0.70079143,0.70516821
61.414212,0.44510347,0.24413567,0.44051568,0.66332650,0.00458779,-0.41919083,0.41921593
61.434511,0.44627223,0.23853483,0.39924385,0.83673994,0.04702838,-0.59820511,0.60005085
61.454719,0.44728243,0.23292029,0.41034357,0.77687931,0.03693886,-0.54395902,0.54521179
61.474750,0.44813372,0.22729406,0.47765420,0.49096843,-0.02952048,-0.26367437,0.26532176
61.494357,0.44882578,0.22165813,0.38134028,0.85713442,0.06748550,-0.63547629,0.63904962
61.514172,0.44935838,0.21601451,0.37372227,0.89590750,0.07563611,-0.67989299,0.68408721
61.534283,0.44973133,0.21036519,0.44857807,0.60514463,0.00115326,-0.39477944,0.39478112
61.554199,0.44994448,0.20471220,0.39554609,0.82008739,0.05439839,-0.61537519,0.61777489
61.574353,0.44999778,0.19905752,0.40150079,0.78395898,0.04849699,-0.58490146,0.58690858
61.594299,0.44989119,0.19340319,0.46662388,0.51428811,-0.01673269,-0.32088492,0.32132089
61.614505,0.44962476,0.18775119,0.37291340,0.88068437,0.07671136,-0.69293318,0.69716643
61.634547,0.44919858,0.18210355,0.36620801,0.92743970,0.08299057,-0.74533615,0.74994227
61.654692,0.44861280,0.17646227,0.44428753,0.62855746,0.00432527,-0.45209519,0.45211588
61.674418,0.44786763,0.17082935,0.40415381,0.79540924,0.04371382,-0.62457989,0.62610777
61.694519,0.44696334,0.16520680,0.41186832,0.74945995,0.03509502,-0.58425315,0.58530625
61.714316,0.44590024,0.15959660,0.47915098,0.46646955,-0.03325074,-0.30687295,0.30866911
61.734343,0.44467871,0.15400076,0.37805993,0.85365268,0.06661878,-0.69965192,0.70281638
61.754312,0.44329920,0.14842127,0.36730747,0.91005669,0.07599173,-0.76163542,0.76541705
61.774271,0.44176218,0.14286010,0.44796638,0.59608956,-0.00620420,-0.45322946,0.45327192
61.794276,0.44006820,0.13731923,0.40838429,0.75483558,0.03168391,-0.61751635,0.61832864
61.814311,0.43821787,0.13180064,0.40302384,0.76129297,0.03519403,-0.62949233,0.63047539
61.834386,0.43621185,0.12630627,0.46398451,0.51261000,-0.02777266,-0.38630373,0.38730078
61.854348,0.43405084,0.12083809,0.36897941,0.88992240,0.06507143,-0.76908431,0.77183222
61.874374,0.43173561,0.11539803,0.36162302,0.94722945,0.07011259,-0.83183142,0.83478098
61.894402,0.42926699,0.10998803,0.44419335,0.63123702,-0.01492636,-0.52124899,0.52146266
61.914322,0.42664586,0.10461001,0.41471216,0.75413464,0.01193370,-0.64952463,0.64963425
61.934325,0.42387314,0.09926588,0.39134598,0.84292895,0.03252716,-0.74366307,0.74437409
61.954296,0.42094981,0.09395755,0.47776295,0.49567155,-0.05681314,-0.40171400,0.40571156
61.974327,0.41787693,0.08868689,0.43752957,0.64195885,-0.01965264,-0.55327196,0.55362089
61.994372,0.41465558,0.08345578,0.39453490,0.79658702,0.02012068,-0.71313124,0.71341503
62.014433,0.41128690,0.07826607,0.48834160,0.40611337,-0.07705470,-0.32784730,0.33678076
62.034450,0.40777209,0.07311962,0.46293925,0.47600773,-0.05516716,-0.40288811,0.40664757
62.054363,0.40411241,0.06801825,0.35567574,0.87996048,0.04843667,-0.81194223,0.81338570
62.074372,0.40030914,0.06296377,0.40054715,0.69822937,-0.00023801,-0.63526560,0.63526564
62.094281,0.39636365,0.05795798,0.44913752,0.49569121,-0.05277387,-0.43773323,0.44090301
62.114269,0.39227733,0.05300265,0.37056518,0.78435549,0.02171215,-0.73135284,0.73167506
62.134419,0.38805164,0.04809956,0.41556673,0.58670178,-0.02751509,-0.53860222,0.53930458
62.154389,0.38368807,0.04325043,0.45460807,0.41110497,-0.07092000,-0.36785454,0.37462863
62.174261,0.37918819,0.03845700,0.37800576,0.67313370,0.00118243,-0.63467670,0.63467780
62.194240,0.37455357,0.03372096,0.45670705,0.31913935,-0.08215348,-0.28541839,0.29700648
62.214520,0.36978588,0.02904400,0.41730173,0.43021165,-0.04751585,-0.40116765,0.40397183
62.234367,0.36488681,0.02442777,0.29941660,0.86717162,0.06547021,-0.84274385,0.84528312
62.254388,0.35985810,0.01987393,0.33765266,0.70598586,0.02220544,-0.68611193,0.68647117
62.274357,0.35470153,0.01538409,0.39838355,0.44462237,-0.04368202,-0.42923828,0.43145523
62.294248,0.34941893,0.01095984,0.29737447,0.81755546,0.05204446,-0.80659562,0.80827293
62.314309,0.34401219,0.00660275,0.29890167,0.80254168,0.04511052,-0.79593893,0.79721625
62.334349,0.33848322,0.00231438,0.35782404,0.55928613,-0.01934082,-0.55697175,0.55730746
62.354291,0.33283399,-0.00190375,0.27333294,0.88850339,0.05950105,-0.89040714,0.89239299
62.374606,0.32706651,-0.00605015,0.27689429,0.88423163,0.05017222,-0.89028178,0.89169440
62.394495,0.32118282,-0.01012335,0.34332167,0.61788754,-0.02213885,-0.62801089,0.62840099
62.414512,0.31518502,-0.01412188,0.27086532,0.90129332,0.04431970,-0.91541520,0.91648744
62.434401,0.30907523,-0.01804434,0.26069899,0.93296350,0.04837624,-0.95100784,0.95223745
62.454455,0.30285563,-0.02188933,0.33283241,0.62444885,-0.02997678,-0.64633818,0.64703296
62.474468,0.29652843,-0.02565548,0.28536324,0.78788681,0.01116519,-0.81354229,0.81361890
62.494206,0.29009587,-0.02934146,0.28839327,0.72275631,0.00170260,-0.75209777,0.75209970
62.514207,0.28356024,-0.03294595,0.34845641,0.42970074,-0.06489617,-0.46264669,0.46717606
62.534359,0.27692387,-0.03646768,0.23305663,0.83279075,0.04386724,-0.86925843,0.87036461
62.554258,0.27018910,-0.03990540,0.20994240,0.89562990,0.06024670,-0.93553530,0.93747318
62.574477,0.26335834,-0.04325787,0.28902877,0.54725731,-0.02567043,-0.59051518,0.59107288
62.594511,0.25643401,-0.04652392,0.24971861,0.66358798,0.00671540,-0.71011190,0.71014366
62.614636,0.24941857,-0.04970238,0.19851320,0.82342727,0.05090537,-0.87312965,0.87461234
62.634579,0.24231451,-0.05279212,0.28143406,0.44757328,-0.03911955,-0.50036540,0.50189229
62.654743,0.23512435,-0.05579205,0.25359252,0.50294722,-0.01846817,-0.55873927,0.55904440
62.674195,0.22785066,-0.05870109,0.14754145,0.87686409,0.08030921,-0.93556518,0.93900574
62.694497,0.22049602,-0.06151822,0.19113934,0.67015380,0.02935668,-0.73167202,0.73226072
62.714215,0.21306303,-0.06424243,0.22805875,0.49077074,-0.01499572,-0.55501317,0.55521571
62.734275,0.20555435,-0.06687276,0.15444183,0.73057905,0.05111252,-0.79745181,0.79908815
62.754307,0.19797263,-0.06940827,0.22289594,0.40225634,-0.02492331,-0.47166461,0.47232264
62.774343,0.19032057,-0.07184806,0.18892543,0.48769463,0.00139514,-0.55954269,0.55954443
62.794346,0.18260089,-0.07419127,0.07953826,0.88552348,0.10306263,-0.95971475,0.96523278
62.814551,0.17481634,-0.07643705,0.12035660,0.70219906,0.05445974,-0.77863611,0.78053831
62.834326,0.16696967,-0.07858462,0.17526657,0.45564312,-0.00829690,-0.53422774,0.53429217
62.854212,0.15906368,-0.08063321,0.08024324,0.79370950,0.07882044,-0.87434271,0.87788829
62.874246,0.15110118,-0.08258209,0.09456462,0.70796673,0.05653656,-0.79054882,0.79256787
62.894182,0.14308499,-0.08443057,0.16243899,0.40173195,-0.01935400,-0.48616252,0.48654761
62.914228,0.13501796,-0.08617800,0.05047548,0.80372113,0.08454248,-0.88989913,0.89390597
62.934305,0.12690296,-0.08782374,0.03332810,0.85515468,0.09357486,-0.94297842,0.94760991
62.954434,0.11874287,-0.08936723,0.11521903,0.51015877,0.00352384,-0.59952600,0.59953635
62.974340,0.11054060,-0.09080790,0.06784624,0.67074334,0.04269436,-0.76155124,0.76274707
62.994795,0.10229905,-0.09214525,0.05671188,0.67011422,0.04558717,-0.76225947,0.76362143
63.014869,0.09402115,-0.09337880,0.12022726,0.38523604,-0.02620611,-0.47861484,0.47933174
63.034364,0.08570985,-0.09450812,0.00455260,0.81002936,0.08115725,-0.90453748,0.90817099
63.054322,0.07736810,-0.09553280,-0.01353886,0.87683835,0.09090696,-0.97237115,0.97661135
63.074258,0.06899885,-0.09645248,0.07325241,0.51901347,-0.00425356,-0.61546595,0.61548064
63.094166,0.06060510,-0.09726683,0.03887017,0.63333227,0.02173493,-0.73059910,0.73092233
63.114296,0.05218981,-0.09797556,-0.01252282,0.81075422,0.06471263,-0.90872978,0.91103103
63.134307,0.04375597,-0.09857842,0.07420579,0.43710459,-0.03044982,-0.53568301,0.53654774
63.154304,0.03530659,-0.09907520,0.04936379,0.49516321,-0.01405720,-0.59423841,0.59440466
63.174758,0.02684467,-0.09946572,-0.05402164,0.87190611,0.08086631,-0.97137183,0.97473206
63.194728,0.01837321,-0.09974984,-0.00573896,0.65996149,0.02411217,-0.75971133,0.76009388
63.214889,0.00989522,-0.09992746,0.03139683,0.48967238,-0.02150161,-0.58959984,0.58999177
63.234563,0.00141371,-0.09999852,-0.03646313,0.71485748,0.03787684,-0.81485600,0.81573584
63.254488,-0.00706829,-0.09996299,0.04284089,0.34909488,-0.04990918,-0.44905787,0.45182286
63.274335,-0.01554779,-0.09982088,0.00860132,0.42893234,-0.02414911,-0.52875322,0.52930440
63.294215,-0.02402176,-0.09957225,-0.10669159,0.83987994,0.08266983,-0.93945219,0.94308256
63.314361,-0.03248720,-0.09921719,-0.06029715,0.62634919,0.02780995,-0.72556638,0.72609915
63.334337,-0.04094109,-0.09875581,-0.02143713,0.44377432,-0.01950396,-0.54253013,0.54288060
63.354244,-0.04938044,-0.09818829,-0.09565512,0.68924388,0.04627468,-0.78743217,0.78879070
63.374397,-0.05780224,-0.09751482,-0.01842262,0.33282679,-0.03937962,-0.43034161,0.43213963
63.394369,-0.06620351,-0.09673564,-0.05291586,0.41944466,-0.01328765,-0.51618030,0.51635130
63.414369,-0.07458126,-0.09585104,-0.16721630,0.83278268,0.09263504,-0.92863372,0.93324264
63.434388,-0.08293250,-0.09486132,-0.11891958,0.62008416,0.03598708,-0.71494548,0.71585062
63.454272,-0.09125428,-0.09376684,-0.07894868,0.44075483,-0.01230560,-0.53452167,0.53466330
63.474221,-0.09954364,-0.09256799,-0.15051262,0.68309236,0.05096898,-0.77566035,0.77733314
63.494338,-0.10779763,-0.09126519,-0.06860759,0.31356015,-0.03919004,-0.40482534,0.40671786
63.514307,-0.11601332,-0.08985890,-0.10350225,0.40239282,-0.01251107,-0.49225172,0.49241069
63.534229,-0.12418780,-0.08834963,-0.21944230,0.82173203,0.09525450,-0.91008166,0.91505303
63.554764,-0.13231815,-0.08673790,-0.17120305,0.61005811,0.03888490,-0.69679601,0.69788016
63.573985,-0.14040148,-0.08502431,-0.13276427,0.43762881,-0.00763721,-0.52265312,0.52270892
63.594228,-0.14843494,-0.08320944,-0.20337418,0.67652313,0.05493924,-0.75973257,0.76171642
63.614268,-0.15641565,-0.08129395,-0.11816450,0.29479824,-0.03825115,-0.37609219,0.37803238
63.634277,-0.16434079,-0.07927852,-0.15624228,0.39404477,-0.00809851,-0.47332329,0.47339257
63.654218,-0.17220754,-0.07716386,-0.27351846,0.81882505,0.10131092,-0.89598891,0.90169841
63.674414,-0.18001311,-0.07495073,-0.22512270,0.60698426,0.04510959,-0.68193499,0.68342535
63.694337,-0.18775472,-0.07263990,-0.18764441,0.44080201,-0.00011031,-0.51344191,0.51344192
63.714263,-0.19542962,-0.07023222,-0.25843411,0.68294108,0.06300449,-0.75317330,0.75580393
63.734294,-0.20303509,-0.06772851,-0.17249527,0.29966586,-0.03053982,-0.36739437,0.36866151
63.754777,-0.21056842,-0.06512969,-0.21042440,0.39902091,-0.00014402,-0.46415060,0.46415062
63.774533,-0.21802693,-0.06243667,-0.32807802,0.82553524,0.11005109,-0.88797191,0.89476553
63.794651,-0.22540798,-0.05965040,-0.28196376,0.62287445,0.05655578,-0.68252485,0.68486402
63.814357,-0.23270895,-0.05677188,-0.24334341,0.45185957,0.01063446,-0.50863145,0.50874261
63.834522,-0.23992723,-0.05380213,-0.31435656,0.69573184,0.07442933,-0.74953397,0.75322035
63.854524,-0.24706027,-0.05074221,-0.23336328,0.33447819,-0.01369699,-0.38522040,0.38546383
63.874399,-0.25410553,-0.04759320,-0.26749951,0.42773318,0.01339398,-0.47532638,0.47551505
63.894369,-0.26106050,-0.04435622,-0.38139263,0.85015631,0.12033213,-0.89451253,0.90256994
63.914405,-0.26792273,-0.04103242,-0.33646896,0.66167343,0.06854623,-0.70270585,0.70604114
63.934272,-0.27468976,-0.03762298,-0.28749159,0.45485789,0.01280183,-0.49248087,0.49264723
63.954256,-0.28135920,-0.03412912,-0.37076478,0.75829970,0.08940558,-0.79242882,0.79745645
63.974447,-0.28792867,-0.03055208,-0.32550673,0.55746324,0.03757806,-0.58801532,0.58921484
63.994380,-0.29439584,-0.02689311,-0.28858286,0.39118787,-0.00581298,-0.41808098,0.41812139
64.014423,-0.30075841,-0.02315354,-0.36576819,0.65568789,0.06500978,-0.67884143,0.68194718
64.034466,-0.30701412,-0.01933468,-0.27908000,0.27099944,-0.02793412,-0.29033412,0.29167485
64.054323,-0.31316076,-0.01543789,-0.31801148,0.37655823,0.00485072,-0.39199612,0.39202614
64.074309,-0.31919613,-0.01146456,-0.43944665,0.82129627,0.12025052,-0.83276083,0.84139811
64.094316,-0.32511809,-0.00741609,-0.39552338,0.63140777,0.07040529,-0.63882386,0.64269186
64.114362,-0.33092454,-0.00329393,-0.35248308,0.44525960,0.02155854,-0.44855353,0.44907131
64.134581,-0.33661341,0.00090046,-0.43157035,0.72643300,0.09495694,-0.72553254,0.73172008
64.154372,-0.34218268,0.00516559,-0.36840547,0.44874310,0.02622279,-0.44357751,0.44435194
64.174335,-0.34763038,0.00949994,-0.39535078,0.54574763,0.04772040,-0.53624769,0.53836681
64.194348,-0.35295457,0.01390197,-0.49361557,0.94512289,0.14066100,-0.93122092,0.94178444
64.214572,-0.35815336,0.01837013,-0.45085643,0.80088704,0.09270307,-0.78251691,0.78798895
64.234330,-0.36322489,0.02290282,-0.38289996,0.53772677,0.01967507,-0.51482395,0.51519977
64.254334,-0.36816737,0.02749842,-0.47426260,0.90659245,0.10609523,-0.87909403,0.88547304
64.274169,-0.37297905,0.03215532,-0.48022150,0.96198853,0.10724245,-0.92983321,0.93599719
64.294288,-0.37765820,0.03687186,-0.40056133,0.65922422,0.02290313,-0.62235236,0.62277365
64.314294,-0.38220318,0.04164635,-0.43180044,0.79153478,0.04959726,-0.74988843,0.75152681
64.334204,-0.38661236,0.04647710,-0.44718214,0.84596872,0.06056978,-0.79949162,0.80178273
64.354336,-0.39088418,0.05136240,-0.37172851,0.53967980,-0.01915567,-0.48831740,0.48869297
64.374322,-0.39501712,0.05630051,-0.43137487,0.76464268,0.03635775,-0.70834217,0.70927464
64.394357,-0.39900972,0.06128967,-0.43013282,0.73151524,0.03112310,-0.67022557,0.67094781
64.414268,-0.40286054,0.06632812,-0.48936922,0.95605293,0.08650868,-0.88972481,0.89392057
64.434106,-0.40656823,0.07141406,-0.49016495,0.94401462,0.08359672,-0.87260056,0.87659578
64.454104,-0.41013147,0.07654569,-0.43200028,0.69391490,0.02186881,-0.61736921,0.61775642
64.474329,-0.41354900,0.08172118,-0.49984707,0.95679663,0.08629807,-0.87507545,0.87932042
64.494325,-0.41681959,0.08693870,-0.50472493,0.97136975,0.08790534,-0.88443105,0.88878886
64.514447,-0.41994208,0.09219638,-0.43927849,0.69810369,0.01933641,-0.60590731,0.60621577
64.534297,-0.42291538,0.09749237,-0.49324700,0.90418706,0.07033162,-0.80669469,0.80975481
64.554329,-0.42573841,0.10282477,-0.49336870,0.87911542,0.06763029,-0.77629065,0.77923106
64.574062,-0.42841018,0.10819171,-0.43847062,0.63876315,0.01006044,-0.53057144,0.53066682
64.594387,-0.43092974,0.11359126,-0.52228534,0.96744345,0.09135560,-0.85385219,0.85872545
64.614256,-0.43329619,0.11902151,-0.52959568,1.01638796,0.09629949,-0.89736645,0.90251878
64.634057,-0.43550870,0.12448054,-0.45539049,0.72473458,0.01988179,-0.60025404,0.60058321
64.654258,-0.43756646,0.12996639,-0.48396855,0.84138877,0.04640209,-0.71142238,0.71293405
64.673771,-0.43946877,0.13547713,-0.50280164,0.91025256,0.06333287,-0.77477543,0.77735965
64.693782,-0.44121493,0.14101079,-0.42630217,0.60002464,-0.01491276,-0.45901385,0.45925603
64.714362,-0.44280433,0.14656541,-0.46739802,0.75439801,0.02459369,-0.60783260,0.60832994
64.734374,-0.44423641,0.15213902,-0.48601290,0.81120339,0.04177649,-0.65906437,0.66038709
64.754324,-0.44551065,0.15772963,-0.41372235,0.51787130,-0.03178830,-0.36014167,0.36154186
64.774108,-0.44662660,0.16333526,-0.48488281,0.79151358,0.03825621,-0.62817832,0.62934215
64.794140,-0.44758387,0.16895392,-0.48560807,0.78199416,0.03802420,-0.61304024,0.61421835
64.813782,-0.44838211,0.17458360,-0.53825293,1.00434475,0.08987082,-0.82976115,0.83461388
64.833754,-0.44902104,0.18022232,-0.53261782,0.99383031,0.08359678,-0.81360799,0.81789143
64.854292,-0.44950044,0.18586806,-0.47062580,0.75086658,0.02112536,-0.56499852,0.56539332
64.874168,-0.44982014,0.19151883,-0.52735311,0.99432449,0.07753297,-0.80280566,0.80654094
64.894404,-0.44998001,0.19717261,-0.52551199,1.00239858,0.07553198,-0.80522597,0.80876074
64.914342,-0.44998001,0.20282739,-0.53118278,1.04735329,0.08120277,-0.84452590,0.84842082
64.934982,-0.44982014,0.20848117,-0.48860785,0.85427685,0.03878771,-0.64579568,0.64695946
64.954349,-0.44950044,0.21413194,-0.47384439,0.77865255,0.02434395,-0.56452061,0.56504526
64.974085,-0.44902104,0.21977768,-0.52864180,0.97680980,0.07962076,-0.75703212,0.76120766
64.994323,-0.44838211,0.22541640,-0.46885874,0.70473854,0.02047663,-0.47932214,0.47975932
65.014181,-0.44758387,0.23104608,-0.47702025,0.72448217,0.02943638,-0.49343609,0.49431334
65.034316,-0.44662660,0.23666474,-0.54574260,1.00157489,0.09911600,-0.76491015,0.77130507
65.054036,-0.44551065,0.24227037,-0.49197815,0.79012322,0.04646750,-0.54785285,0.54981995
65.074097,-0.44423641,0.24786098,-0.47729944,0.75011430,0.03306303,-0.50225332,0.50334041
65.094306,-0.44280433,0.25343459,-0.53170688,0.98682948,0.08890255,-0.73339489,0.73876364
65.114679,-0.44121493,0.25898921,-0.47878030,0.76901397,0.03756537,-0.51002476,0.51140631
65.134337,-0.43946877,0.26452287,-0.47758528,0.77239519,0.03811651,-0.50787232,0.50930066
65.154289,-0.43756646,0.27003361,-0.53780110,1.03159112,0.10023464,-0.76155751,0.76812552
65.174325,-0.43550870,0.27551946,-0.48291951,0.82473526,0.04741081,-0.54921580,0.55125836
65.194259,-0.43329619,0.28097849,-0.46595069,0.77843359,0.03265450,-0.49745510,0.49852572
65.214228,-0.43092974,0.28640874,-0.39320301,0.48783908,-0.03772673,-0.20143034,0.20493288
65.234724,-0.42841018,0.29180829,-0.41655678,0.57878752,-0.01185340,-0.28697923,0.28722393
65.254269,-0.42573841,0.29717523,-0.50471388,0.94675926,0.07897547,-0.64958403,0.65436728
65.273788,-0.42291538,0.30250763,-0.45278338,0.76974203,0.02986800,-0.46723440,0.46818808
65.294302,-0.41994208,0.30780362,-0.41698557,0.65587599,-0.00295651,-0.34807237,0.34808493
65.314305,-0.41681959,0.31306130,-0.32553239,0.28897844,-0.09128720,0.02408286,0.09441047
65.334354,-0.41354900,0.31827882,-0.36552540,0.42100546,-0.04802360,-0.10272664,0.11339765
65.354419,-0.41013147,0.32345431,-0.47629803,0.85280540,0.06616656,-0.52935109,0.53347033
65.374320,-0.40656823,0.32858594,-0.42648615,0.66803219,0.01991792,-0.33944625,0.34003011
65.394331,-0.40286054,0.33367188,-0.39720657,0.57164603,-0.00565397,-0.23797415,0.23804131
65.414374,-0.39900972,0.33871033,-0.45988996,0.82536934,0.06088024,-0.48665901,0.49045224
65.434249,-0.39501712,0.34369949,-0.38455554,0.52566953,-0.01046158,-0.18197004,0.18227051
65.454316,-0.39088418,0.34863760,-0.39967388,0.59218089,0.00878970,-0.24354329,0.24370185
65.474244,-0.38661236,0.35352290,-0.48314884,0.94677670,0.09653648,-0.59325380,0.60105687
65.494392,-0.38220318,0.35835365,-0.42907201,0.76597885,0.04686883,-0.40762520,0.41031085
65.514349,-0.37765820,0.36312814,-0.39880524,0.68350098,0.02114704,-0.32037284,0.32107001
65.534329,-0.37297905,0.36784468,-0.45173545,0.91869796,0.07875640,-0.55085328,0.55645477
65.554679,-0.36816737,0.37250158,-0.38301672,0.65749945,0.01484935,-0.28499787,0.28538446
65.574439,-0.36322489,0.37709718,-0.39013121,0.70963256,0.02690632,-0.33253538,0.33362213
65.594253,-0.35815336,0.38162987,-0.45754252,1.02141006,0.09938916,-0.63978019,0.64745417
65.614234,-0.35295457,0.38609803,-0.40303764,0.85146440,0.05008307,-0.46536637,0.46805360
65.634234,-0.34763038,0.39050006,-0.36880237,0.75859033,0.02117199,-0.36809027,0.36869865
65.654185,-0.34218268,0.39483441,-0.41240634,0.96151182,0.07022366,-0.56667741,0.57101195
65.673815,-0.33661341,0.39909954,-0.34385185,0.69781407,0.00723844,-0.29871453,0.29880222
65.694490,-0.33092454,0.40329393,-0.34932611,0.73953111,0.01840157,-0.33623718,0.33674035
65.714442,-0.32511809,0.40741609,-0.28105128,0.49192353,-0.04406681,-0.08450744,0.09530683
65.734147,-0.31919613,0.41146456,-0.29953698,0.60135051,-0.01965915,-0.18988595,0.19090091
65.754258,-0.31316076,0.41543789,-0.38242968,0.99059859,0.06926892,-0.57516070,0.57931685
65.774408,-0.30701412,0.41933468,-0.33016971,0.85687682,0.02315559,-0.43754214,0.43815443
65.793981,-0.30075841,0.42315354,-0.27364601,0.68612784,-0.02711240,-0.26297430,0.26436823
65.814149,-0.29439584,0.42689311,-0.25251029,0.64063269,-0.04188555,-0.21373958,0.21780498
65.834064,-0.28792867,0.43055208,-0.23343873,0.58318285,-0.05448994,-0.15263077,0.16206574
65.854298,-0.28135920,0.43412912,-0.30059682,0.86327355,0.01923762,-0.42914443,0.42957540
65.874264,-0.27468976,0.43762298,-0.23409996,0.60920656,-0.04058980,-0.17158358,0.17631919
65.894745,-0.26792273,0.44103242,-0.24819338,0.68754008,-0.01972935,-0.24650766,0.24729593
65.914732,-0.26106050,0.44435622,-0.32225698,1.02771675,0.06119648,-0.58336053,0.58656161
65.934042,-0.25410553,0.44759320,-0.27168615,0.87962309,0.01758062,-0.43202989,0.43238745
65.954375,-0.24706027,0.45074221,-0.23119499,0.76317423,-0.01586528,-0.31243202,0.31283458
65.974222,-0.23992723,0.45380213,-0.27528495,0.97336075,0.03535772,-0.51955862,0.52076034
65.994245,-0.23270895,0.45677188,-0.21466777,0.75141496,-0.01804118,-0.29464308,0.29519490
66.014330,-0.22540798,0.45965040,-0.22173025,0.81549006,-0.00367773,-0.35583966,0.35585866
66.034316,-0.21802693,0.46243667,-0.27988823,1.10777710,0.06186130,-0.64534043,0.64829862
66.054257,-0.21056842,0.46512969,-0.23016601,0.96824582,0.01959759,-0.50311613,0.50349767
66.074658,-0.20303509,0.46772851,-0.18809122,0.84349543,-0.01494387,-0.37576692,0.37606395
66.094469,-0.19542962,0.47023222,-0.22967928,1.04684204,0.03424966,-0.57660982,0.57762611
66.114300,-0.18775472,0.47263990,-0.17965408,0.87003795,-0.00810064,-0.39739805,0.39748061
66.134175,-0.18001311,0.47495073,-0.16070978,0.82402553,-0.01930333,-0.34907480,0.34960812
66.154210,-0.17220754,0.47716386,-0.20983993,1.04790295,0.03763239,-0.57073909,0.57197842
66.174160,-0.16434079,0.47927852,-0.15409622,0.83901492,-0.01024457,-0.35973640,0.35988224
66.194347,-0.15641565,0.48129395,-0.15510835,0.87636029,-0.00130730,-0.39506634,0.39506850
66.214264,-0.14843494,0.48320944,-0.20785826,1.14269497,0.05942332,-0.65948553,0.66215730
66.234683,-0.14040148,0.48502431,-0.15897185,0.99561463,0.01857037,-0.51059032,0.51092791
66.254370,-0.13231815,0.48673790,-0.12149296,0.88389255,-0.01082519,-0.39715465,0.39730216
66.274283,-0.12418780,0.48834963,-0.15967126,1.06781855,0.03548346,-0.57946892,0.58055431
66.294430,-0.11601332,0.48985890,-0.10551848,0.86454042,-0.01049484,-0.37468152,0.37482847
66.314305,-0.10779763,0.49126519,-0.10287156,0.88566983,-0.00492607,-0.39440464,0.39443540
66.334146,-0.09954364,0.49256799,-0.15395996,1.14136434,0.05441632,-0.64879635,0.65107438
66.354257,-0.09125428,0.49376684,-0.10500797,0.98757537,0.01375369,-0.49380853,0.49400003
66.374076,-0.08293250,0.49486132,-0.07188977,0.89125263,-0.01104273,-0.39639131,0.39654510
66.394231,-0.07458126,0.49585104,-0.10906177,1.06605244,0.03448051,-0.57020140,0.57124298
66.414279,-0.06620351,0.49673564,-0.05072937,0.83577369,-0.01547414,-0.33903805,0.33939099
66.434243,-0.05780224,0.49751482,-0.05360819,0.86966277,-0.00419405,-0.37214795,0.37217158
66.454705,-0.04938044,0.49818829,-0.10762407,1.13079913,0.05824363,-0.63261084,0.63528639
66.474401,-0.04094109,0.49875581,-0.05839308,0.97159240,0.01745199,-0.47283659,0.47315855
66.494349,-0.03248720,0.49921719,-0.02620333,0.87771073,-0.00628387,-0.37849354,0.37854570
66.514379,-0.02402176,0.49957225,-0.06335914,1.05120295,0.03933738,-0.55163070,0.55303152
66.534159,-0.01554779,0.49982088,-0.00188889,0.80680840,-0.01365890,-0.30698752,0.30729124
66.554083,-0.00706829,0.49996299,-0.00476195,0.83736583,-0.00230634,-0.33740284,0.33741072
66.574314,0.00141371,0.49999852,-0.06156025,1.10473083,0.06297396,-0.60473231,0.60800238
66.594162,0.00989522,0.49992746,-0.01233900,0.94385103,0.02223422,-0.44392357,0.44448003
66.614263,0.01837321,0.49974984,0.01952023,0.85174190,-0.00114702,-0.35199206,0.35199393
66.634239,0.02684467,0.49946572,-0.01862587,1.02884435,0.04547054,-0.52937863,0.53132787
66.654466,0.03530659,0.49907520,0.04523055,0.77658787,-0.00992396,-0.27751267,0.27769006
66.674332,0.04375597,0.49857842,0.04231385,0.80720541,0.00144212,-0.30862699,0.30863036
66.694346,0.05218981,0.49797556,-0.01652476,1.08152336,0.06871457,-0.58354780,0.58757955
66.714248,0.06060510,0.49726683,0.03432152,0.91422922,0.02628358,-0.41696239,0.41778998
66.734271,0.06899885,0.49645248,0.06273864,0.83806824,0.00626021,-0.34161576,0.34167312
66.754122,0.07736810,0.49553280,0.13689319,0.54685058,-0.05952509,-0.05131778,0.07859231
66.774293,0.08570985,0.49450812,0.11772083,0.62574438,-0.03201098,-0.13123626,0.13508389
66.793850,0.09402115,0.49337880,0.03484240,0.97901096,0.05917875,-0.48563216,0.48922461
66.814264,0.10229905,0.49214525,0.05322703,0.94174007,0.04907202,-0.44959482,0.45226493
66.834570,0.11054060,0.49080790,0.06622176,0.91674542,0.04431884,-0.42593752,0.42823701
66.854403,0.11874287,0.48936723,0.10965006,0.74631165,0.00909281,-0.25694442,0.25710526
66.874397,0.12690296,0.48782374,0.05703839,0.97700880,0.06986457,-0.48918506,0.49414884
66.894410,0.13501796,0.48617800,0.06667904,0.96179201,0.06833892,-0.47561401,0.48049859
66.914250,0.14308499,0.48443057,0.12885970,0.73500714,0.01422529,-0.25057657,0.25098003
66.934150,0.15110118,0.48258209,0.06762594,1.01902451,0.08347524,-0.53644242,0.54289832
66.954298,0.15906368,0.48063321,0.07402051,1.04904338,0.08504317,-0.56841017,0.57473687
66.974281,0.16696967,0.47858462,0.14460453,0.80977569,0.02236514,-0.33119107,0.33194536
66.994280,0.17481634,0.47643705,0.10991777,0.99552784,0.06489857,-0.51909079,0.52313199
67.014425,0.18260089,0.47419127,0.12323878,0.96968173,0.05936211,-0.49549046,0.49903372
67.034671,0.19032057,0.47184806,0.18545912,0.74206505,0.00486145,-0.27021699,0.27026072
67.054238,0.19797263,0.46940827,0.12306082,1.02951198,0.07491181,-0.56010371,0.56509109
67.074316,0.20555435,0.46687276,0.12829147,1.06161235,0.07726288,-0.59473959,0.59973722
67.094269,0.21306303,0.46424243,0.19786019,0.82041233,0.01520284,-0.35616990,0.35649421
67.114192,0.22049602,0.46151822,0.16598859,0.98685159,0.05450743,-0.52533337,0.52815359
67.134363,0.22785066,0.45870109,0.17978768,0.94578203,0.04806298,-0.48708094,0.48944652
67.154385,0.23512435,0.45579205,0.24306793,0.70067705,-0.00794358,-0.24488500,0.24501380
67.174651,0.24231451,0.45279212,0.17625716,0.98969973,0.06605735,-0.53690761,0.54095597
67.194225,0.24941857,0.44970238,0.17867861,1.01737242,0.07073996,-0.56767004,0.57206068
67.214497,0.25643401,0.44652392,0.24734393,0.77191435,0.00909008,-0.32539043,0.32551738
67.234398,0.26335834,0.44325787,0.20705729,0.96578145,0.05630105,-0.52252358,0.52554800
67.254492,0.27018910,0.43990540,0.21838076,0.93703440,0.05180834,-0.49712900,0.49982132
67.274286,0.27692387,0.43646768,0.28130410,0.69859285,-0.00438023,-0.26212517,0.26216177
67.294203,0.28356024,0.43294595,0.21478833,0.99103634,0.06877191,-0.55809039,0.56231171
67.313998,0.29009587,0.42934146,0.22121004,1.01468537,0.06888583,-0.58534391,0.58938336
67.334249,0.29652843,0.42565548,0.27305422,0.84182457,0.02347421,-0.41616909,0.41683061
67.354306,0.30285563,0.42188933,0.22854905,1.05484917,0.07430658,-0.63295984,0.63730654
67.374327,0.30907523,0.41804434,0.26493747,0.94207309,0.04413776,-0.52402875,0.52588428
67.394280,0.31518502,0.41412188,0.33290296,0.68433312,-0.01771794,-0.27021124,0.27079151
67.413970,0.32118282,0.41012335,0.27325757,0.95662955,0.04792525,-0.54650620,0.54860355
67.434354,0.32706651,0.40605015,0.28053193,0.96932878,0.04653458,-0.56327863,0.56519756
67.454257,0.33283399,0.40190375,0.34761292,0.73486723,-0.01477893,-0.33296348,0.33329131
67.474427,0.33848322,0.39768562,0.29542465,0.98294813,0.04305857,-0.58526251,0.58684432
67.494302,0.34401219,0.39339725,0.30206133,0.99250221,0.04195086,-0.59910496,0.60057192
67.514128,0.34941893,0.38904016,0.36788249,0.75547693,-0.01846356,-0.36643677,0.36690164
67.534640,0.35470153,0.38461591,0.31751473,0.98932080,0.03718680,-0.60470489,0.60584723
67.554266,0.35985810,0.38012607,0.32343174,0.99142639,0.03642636,-0.61130032,0.61238465
67.574263,0.36488681,0.37557223,0.38638600,0.75687091,-0.02149919,-0.38129868,0.38190430
67.594295,0.36978588,0.37095600,0.33265174,0.99853977,0.03713414,-0.62758377,0.62868142
67.614398,0.37455357,0.36627904,0.33697759,1.00610001,0.03757598,-0.63982097,0.64092342
67.634334,0.37918819,0.36154300,0.40109088,0.76428012,-0.02190269,-0.40273712,0.40333226
67.654167,0.38368807,0.35674957,0.35089753,0.98660213,0.03279054,-0.62985256,0.63070553
67.674165,0.38805164,0.35190044,0.35504907,0.98274238,0.03300257,-0.63084194,0.63170461
67.694336,0.39227733,0.34699735,0.41574688,0.74722225,-0.02346955,-0.40022490,0.40091244
67.714156,0.39636365,0.34204202,0.35766336,0.99874786,0.03870029,-0.65670584,0.65784518
67.734337,0.40030914,0.33703623,0.35971663,1.01124739,0.04059251,-0.67421116,0.67543204
67.754105,0.40411241,0.33198175,0.42577638,0.75672157,-0.02166397,-0.42473982,0.42529194
67.774063,0.40777209,0.32688038,0.37918161,0.95758702,0.02859048,-0.63070664,0.63135432
67.793947,0.41128690,0.32173393,0.38349523,0.93958090,0.02779167,-0.61784697,0.61847171
67.813930,0.41465558,0.31654422,0.43389578,0.72797044,-0.01924020,-0.41142622,0.41187586
67.833831,0.41787693,0.31131311,0.36613104,0.99329655,0.05174589,-0.68198344,0.68394375
67.854287,0.42094981,0.30604245,0.37937386,0.94673839,0.04157595,-0.64069594,0.64204349
67.874171,0.42387314,0.30073412,0.43936650,0.70634175,-0.01549336,-0.40560763,0.40590343
67.894221,0.42664586,0.29538999,0.36896522,1.00185041,0.05768064,-0.70646042,0.70881124
67.914100,0.42926699,0.29001197,0.36682583,1.04175774,0.06244116,-0.75174577,0.75433454
67.934339,0.43173561,0.28460197,0.43890216,0.76809542,-0.00716655,-0.48349345,0.48354656
67.954346,0.43405084,0.27916191,0.40996754,0.89685731,0.02408330,-0.61769540,0.61816472
67.974133,0.43621185,0.27369373,0.40594969,0.90947716,0.03026216,-0.63578343,0.63650324
67.994341,0.43821787,0.26819936,0.46900050,0.65560873,-0.03078263,-0.38740937,0.38863040
68.014315,0.44006820,0.26268077,0.40048101,0.93238771,0.03958719,-0.66970694,0.67087595
68.034336,0.44176218,0.25713990,0.39625421,0.95687104,0.04550797,-0.69973114,0.70120941
68.054358,0.44329920,0.25157873,0.46427522,0.68640775,-0.02097602,-0.43482902,0.43533466
68.073969,0.44467871,0.24599924,0.41276094,0.89293984,0.03191777,-0.64694060,0.64772747
68.094299,0.44590024,0.24040340,0.41014997,0.88135841,0.03575027,-0.64095501,0.64195125
68.113790,0.44696334,0.23479320,0.37016263,1.04229395,0.07680071,-0.80750075,0.81114475
68.133833,0.44786763,0.22917065,0.38467107,0.97725192,0.06319656,-0.74808127,0.75074590
68.154080,0.44861280,0.22353773,0.43878724,0.73890233,0.00982556,-0.51536460,0.51545825
68.174293,0.44919858,0.21789645,0.44093274,0.72177194,0.00826584,-0.50387549,0.50394329
68.194493,0.44962476,0.21224881,0.49926382,0.47629041,-0.04963906,-0.26404160,0.26866708
68.213821,0.44989119,0.20659681,0.39739247,0.87048649,0.05249872,-0.66388968,0.66596218
68.234349,0.44999778,0.20094248,0.38844260,0.92431356,0.06155518,-0.72337108,0.72598537
68.254374,0.44994448,0.19528780,0.46627314,0.62440143,-0.01632866,-0.42911363,0.42942419
68.274128,0.44973133,0.18963481,0.42453887,0.79502249,0.02519246,-0.60538768,0.60591163
68.294319,0.44935838,0.18398549,0.42704892,0.76882760,0.02230946,-0.58484211,0.58526747
68.314480,0.44882578,0.17834187,0.48832137,0.51084198,-0.03949559,-0.33250011,0.33483761
68.333870,0.44813372,0.17270594,0.38755235,0.90241209,0.06058137,-0.72970615,0.73221661
68.354409,0.44728243,0.16707971,0.37244507,0.98467398,0.07483736,-0.81759427,0.82101219
68.374407,0.44627223,0.16146517,0.45484186,0.66164019,-0.00856963,-0.50017502,0.50024843
68.394365,0.44510347,0.15586433,0.43807690,0.72601039,0.00702657,-0.57014606,0.57018936
68.414250,0.44377656,0.15027916,0.49612502,0.50060913,-0.05234846,-0.35032997,0.35421949
68.434268,0.44229199,0.14471167,0.50671295,0.46497100,-0.06442096,-0.32025933,0.32667430
68.454386,0.44065026,0.13916381,0.41773438,0.81450764,0.02291588,-0.67534383,0.67573251
68.474342,0.43885198,0.13363757,0.47837421,0.57730307,-0.03952223,-0.44366550,0.44542237
68.494325,0.43689778,0.12813491,0.47657469,0.58991564,-0.03967691,-0.46178073,0.46348214
68.514335,0.43478835,0.12265778,0.55392878,0.28797201,-0.11914043,-0.16531423,0.20377252
68.534282,0.43252444,0.11720814,0.51174122,0.45377767,-0.07921678,-0.33656953,0.34576632
68.554325,0.43010686,0.11178790,0.42482029,0.80293559,0.00528657,-0.69114769,0.69116791
68.574290,0.42753646,0.10639901,0.49182762,0.55275209,-0.06429116,-0.44635308,0.45095945
68.594305,0.42481416,0.10104338,0.47788802,0.62156503,-0.05307386,-0.52052165,0.52322044
68.614327,0.42194092,0.09572290,0.54792532,0.36370986,-0.12598440,-0.26798696,0.29612342
68.634043,0.41891778,0.09043947,0.53657700,0.42204946,-0.11765922,-0.33160999,0.35186485
68.654272,0.41574579,0.08519497,0.43269561,0.84684705,-0.01694982,-0.76165208,0.76184065
68.674086,0.41242609,0.07999126,0.48475840,0.67002278,-0.07233231,-0.59003152,0.59444862
68.694353,0.40895986,0.07483019,0.53177738,0.49078826,-0.12281752,-0.41595807,0.43371103
68.714331,0.40534832,0.06971359,0.59285393,0.22011128,-0.18750561,-0.15039769,0.24037017
68.734308,0.40159277,0.06464327,0.50034240,0.52693460,-0.09874963,-0.46229133,0.47272059
68.754503,0.39769453,0.05962106,0.49581285,0.47947964,-0.09811832,-0.41985858,0.43117100
68.774313,0.39365500,0.05464871,0.56464483,0.14632281,-0.17098983,-0.09167410,0.19401459
68.794336,0.38947560,0.04972801,0.41307551,0.66712413,-0.02359991,-0.61739612,0.61784700
68.814328,0.38515782,0.04486070,0.38198948,0.74753994,0.00316834,-0.70267924,0.70268638
68.834257,0.38070320,0.04004851,0.46214806,0.39481990,-0.08144486,-0.35477139,0.36400001
68.854263,0.37611331,0.03529315,0.39342913,0.62217059,-0.01731582,-0.58687744,0.58713284
68.874224,0.37138980,0.03059631,0.39645298,0.54887805,-0.02506318,-0.51828174,0.51888739
68.894298,0.36653433,0.02595966,0.46775231,0.20783737,-0.10121798,-0.18187771,0.20814558
68.914311,0.36154863,0.02138485,0.33844810,0.65954541,0.02310053,-0.63816056,0.63857853
68.934233,0.35643448,0.01687349,0.32391878,0.68735197,0.03251570,-0.67047848,0.67126647
68.954345,0.35119368,0.01242720,0.39101043,0.40544333,-0.03981675,-0.39301613,0.39502791
68.974377,0.34582811,0.00804756,0.28605825,0.80278109,0.05976986,-0.79473353,0.79697793
68.994330,0.34033967,0.00373611,0.27584953,0.85064953,0.06449014,-0.84691342,0.84936524
69.014244,0.33473031,-0.00050561,0.28740833,0.79520259,0.04732198,-0.79570820,0.79711411
69.034245,0.32900202,-0.00467608,0.31122387,0.66005178,0.01777815,-0.66472786,0.66496555
69.054248,0.32315683,-0.00877384,0.29765922,0.66584399,0.02549761,-0.67461783,0.67509950
69.073935,0.31719683,-0.01279742,0.22186176,0.93667026,0.09533507,-0.94946768,0.95424192
69.094269,0.31112414,-0.01674539,0.23020545,0.88107481,0.08091869,-0.89782020,0.90145935
69.114244,0.30494090,-0.02061636,0.21167139,0.93043378,0.09326951,-0.95105014,0.95561267
69.134222,0.29864931,-0.02440894,0.28717202,0.58034425,0.01147729,-0.60475319,0.60486209
69.154297,0.29225162,-0.02812179,0.25597063,0.65306436,0.03628099,-0.68118615,0.68215166
69.174271,0.28575009,-0.03175359,0.18112256,0.91050265,0.10462753,-0.94225624,0.94804733
69.194314,0.27914704,-0.03530305,0.23970441,0.63965946,0.03944263,-0.67496251,0.67611398
69.214222,0.27244481,-0.03876890,0.22819878,0.66499043,0.04424603,-0.70375933,0.70514885
69.234076,0.26564578,-0.04214993,0.14994402,0.96713951,0.11570176,-1.00928944,1.01589964
69.254185,0.25875236,-0.04544492,0.20051710,0.75909826,0.05823526,-0.80454318,0.80664805
69.274472,0.25176702,-0.04865270,0.23623121,0.60553709,0.01553581,-0.65418979,0.65437424
69.294414,0.24469222,-0.05177214,0.18015486,0.79809182,0.06453736,-0.84986396,0.85231087
69.314341,0.23753048,-0.05480212,0.25854274,0.44172744,-0.02101226,-0.49652956,0.49697396
69.334174,0.23028435,-0.05774157,0.23303698,0.49634653,-0.00275263,-0.55408810,0.55409494
69.354402,0.22295640,-0.06058945,0.13064321,0.86460545,0.09231319,-0.92519490,0.92978886
69.374362,0.21554924,-0.06334475,0.18062312,0.64170862,0.03492612,-0.70505337,0.70591790
69.394392,0.20806549,-0.06600648,0.21198231,0.49620791,-0.00391682,-0.56221439,0.56222804
69.414382,0.20050782,-0.06857369,0.14232039,0.73140132,0.05818743,-0.79997501,0.80208840
69.434412,0.19287890,-0.07104549,0.22243216,0.36658532,-0.02955326,-0.43763081,0.43862755
69.454330,0.18518146,-0.07342098,0.19036213,0.44329970,-0.00518067,-0.51672068,0.51674665
69.474322,0.17741823,-0.07569933,0.07964254,0.84157647,0.09777569,-0.91727580,0.92247221
69.494403,0.16959195,-0.07787973,0.12786110,0.62581990,0.04173085,-0.70369963,0.70493591
69.514363,0.16170543,-0.07996139,0.16544900,0.45374093,-0.00374357,-0.53370232,0.53371545
69.534419,0.15376145,-0.08194359,0.09566285,0.68621262,0.05809860,-0.76815621,0.77035018
69.554368,0.14576284,-0.08382561,0.18092683,0.29941668,-0.03516399,-0.38324229,0.38485213
69.574341,0.13771244,-0.08560679,0.14331069,0.39213156,-0.00559825,-0.47773835,0.47777115
69.594328,0.12961311,-0.08728649,0.02334882,0.82097854,0.10626429,-0.90826503,0.91446020
69.614244,0.12146773,-0.08886413,0.06846553,0.61469851,0.05300220,-0.70356264,0.70555625
69.634153,0.11327920,-0.09033913,0.11010828,0.42284012,0.00317092,-0.51317925,0.51318904
69.654219,0.10505041,-0.09171098,0.03207607,0.68577070,0.07297434,-0.77748168,0.78089885
69.674334,0.09678431,-0.09297918,0.10461097,0.35261774,-0.00782666,-0.44559692,0.44566565
69.694180,0.08848381,-0.09414329,0.07051601,0.44770800,0.01796780,-0.54185129,0.54214912
69.714308,0.08015188,-0.09520289,-0.04105638,0.86327851,0.12120826,-0.95848140,0.96611492
69.734320,0.07179147,-0.09615760,0.00444885,0.67361388,0.06734262,-0.76977148,0.77271156
69.754439,0.06340555,-0.09700710,0.05935030,0.43924970,0.00405525,-0.53625680,0.53627214
69.774316,0.05499711,-0.09775107,-0.02933251,0.76038486,0.08432962,-0.85813593,0.86226954
69.794122,0.04656913,-0.09838924,0.00294915,0.60939952,0.04361998,-0.70778876,0.70913161
69.814288,0.03812459,-0.09892141,0.08488353,0.24673040,-0.04675894,-0.34565181,0.34880019
69.834310,0.02966652,-0.09934736,-0.04454853,0.70463230,0.07421505,-0.80397966,0.80739778
69.854316,0.02119790,-0.09966696,-0.06710746,0.76812909,0.08830536,-0.86779605,0.87227737
69.874238,0.01272176,-0.09988009,0.01662982,0.41571322,-0.00390806,-0.51559331,0.51560812
69.894310,0.00424109,-0.09998668,-0.04800197,0.64111586,0.05224306,-0.74110254,0.74294166
69.914310,-0.00424109,-0.09998668,-0.04482061,0.58093258,0.04057952,-0.68091926,0.68212736
69.934680,-0.01272176,-0.09988009,0.02476648,0.26019566,-0.03748824,-0.36007575,0.36202198
69.954490,-0.02119790,-0.09966696,-0.10941976,0.73561366,0.08822186,-0.83528062,0.83992666
69.973814,-0.02966652,-0.09934736,-0.13592508,0.81838891,0.10625856,-0.91773627,0.92386728
69.994181,-0.03812459,-0.09892141,-0.04838240,0.44885704,0.01025781,-0.54777845,0.54787449
70.014226,-0.04656913,-0.09838924,-0.09315431,0.59500466,0.04658518,-0.69339390,0.69495703
70.034254,-0.05499711,-0.09775107,-0.14339460,0.75940195,0.08839749,-0.85715302,0.86169914
70.054281,-0.06340555,-0.09700710,-0.04895585,0.34958629,-0.01444970,-0.44659339,0.44682709
70.073993,-0.07179147,-0.09615760,-0.07898443,0.41971285,0.00719296,-0.51587045,0.51592060
70.094291,-0.08015188,-0.09520289,-0.19347912,0.83156691,0.11332724,-0.92676980,0.93367303
70.114331,-0.08848381,-0.09414329,-0.14816985,0.62834540,0.05968604,-0.72248869,0.72494988
70.134529,-0.09678431,-0.09297918,-0.10755457,0.44434329,0.01077026,-0.53732247,0.53743040
70.154396,-0.10505041,-0.09171098,-0.18286974,0.70053443,0.07781933,-0.79224541,0.79605819
70.174352,-0.11327920,-0.09033913,-0.11048390,0.37108361,-0.00279530,-0.46142274,0.46143120
70.194320,-0.12146773,-0.08886413,-0.14524521,0.47144845,0.02377748,-0.56031258,0.56081687
70.214296,-0.12961311,-0.08728649,-0.25706873,0.89363655,0.12745562,-0.98092304,0.98916881
70.234277,-0.13771244,-0.08560679,-0.21746170,0.73363738,0.07974926,-0.81924417,0.82311661
70.254328,-0.14576284,-0.08382561,-0.14794552,0.44033669,0.00218268,-0.52416230,0.52416684
70.274437,-0.15376145,-0.08194359,-0.25653686,0.85055102,0.10277541,-0.93249461,0.93814124
70.294349,-0.16170543,-0.07996139,-0.27419932,0.93168539,0.11249389,-1.01164678,1.01788215
70.314637,-0.16959195,-0.07787973,-0.18639637,0.58062990,0.01680442,-0.65850963,0.65872401
70.334369,-0.17741823,-0.07569933,-0.20676751,0.65164880,0.02934928,-0.72734813,0.72794003
70.354662,-0.18518146,-0.07342098,-0.28660710,0.97161030,0.10142564,-1.04503128,1.04994168
70.374355,-0.19287890,-0.07104549,-0.23805262,0.78611705,0.04517372,-0.85716254,0.85835208
70.394096,-0.20050782,-0.06857369,-0.19542668,0.61012656,-0.00508114,-0.67870025,0.67871927
70.414237,-0.20806549,-0.06600648,-0.25687808,0.83237924,0.04881259,-0.89838572,0.89971082
70.434185,-0.21554924,-0.06334475,-0.19879115,0.57020984,-0.01675809,-0.63355459,0.63377619
70.454105,-0.22295640,-0.06058945,-0.21757638,0.62407173,-0.00538002,-0.68466118,0.68468232
70.474239,-0.23028435,-0.05774157,-0.30774020,0.97480576,0.07745585,-1.03254733,1.03544840
70.494342,-0.23753048,-0.05480212,-0.26602476,0.80897156,0.02849428,-0.86377368,0.86424354
70.514332,-0.24469222,-0.05177214,-0.21267319,0.57966828,-0.03201903,-0.63144042,0.63225171
70.534336,-0.25176702,-0.04865270,-0.29349439,0.87915645,0.04172737,-0.92780915,0.92874700
70.554356,-0.25875236,-0.04544492,-0.27848137,0.80570649,0.01972901,-0.85115141,0.85138003
70.574150,-0.26564578,-0.04214993,-0.21661351,0.53297166,-0.04903227,-0.57512159,0.57720794
70.594273,-0.27244481,-0.03876890,-0.31545777,0.90135794,0.04301296,-0.94012684,0.94111030
70.614360,-0.27914704,-0.03530305,-0.33070516,0.96296612,0.05155812,-0.99826917,0.99959970
70.634247,-0.28575009,-0.03175359,-0.25347813,0.63946029,-0.03227196,-0.67121388,0.67198925
70.654215,-0.29225162,-0.02812179,-0.28295058,0.73560255,-0.00930104,-0.76372434,0.76378098
70.673739,-0.29864931,-0.02440894,-0.32916115,0.89490374,0.03051184,-0.91931268,0.91981888
70.694079,-0.30494090,-0.02061636,-0.31152664,0.80537264,0.00658574,-0.82598900,0.82601525
70.714638,-0.31112414,-0.01674539,-0.24683974,0.49709758,-0.06428440,-0.51384297,0.51784852
70.734324,-0.31719683,-0.01279742,-0.28207943,0.58378287,-0.03511740,-0.59658029,0.59761298
70.754327,-0.32315683,-0.00877384,-0.38304931,0.94907765,0.05989248,-0.95785149,0.95972214
70.774260,-0.32900202,-0.00467608,-0.34456014,0.77042141,0.01555812,-0.77509749,0.77525362
70.794136,-0.33473031,-0.00050561,-0.30026779,0.56444898,-0.03446252,-0.56495459,0.56600473
70.814239,-0.34033967,0.00373611,-0.37957998,0.84125450,0.03924031,-0.83751839,0.83843715
70.834099,-0.34582811,0.00804756,-0.34829328,0.68268605,0.00246517,-0.67463849,0.67464299
70.854305,-0.35119368,0.01242720,-0.28728761,0.39800200,-0.06390607,-0.38557480,0.39083489
70.874353,-0.35643448,0.01687349,-0.40778846,0.82778003,0.05135398,-0.81090654,0.81253102
70.894363,-0.36154863,0.02138485,-0.43062799,0.90089778,0.06907936,-0.87951293,0.88222160
70.914342,-0.36653433,0.02595966,-0.35067061,0.56311180,-0.01586372,-0.53715214,0.53738634
70.934381,-0.37138980,0.03059631,-0.38917043,0.69203494,0.01778063,-0.66143863,0.66167757
70.954292,-0.37611331,0.03529315,-0.43193385,0.83462387,0.05582054,-0.79933072,0.80127743
70.974305,-0.38070320,0.04004851,-0.34224609,0.44637495,-0.03845711,-0.40632644,0.40814228
70.994296,-0.38515782,0.04486070,-0.36470312,0.49362310,-0.02045470,-0.44876240,0.44922833
71.014230,-0.38947560,0.04972801,-0.28675961,0.15669801,-0.10271599,-0.10697000,0.14830090
71.034307,-0.39365500,0.05464871,-0.32938918,0.29543297,-0.06426582,-0.24078426,0.24921307
71.054252,-0.39769453,0.05962106,-0.45397936,0.77042741,0.05628483,-0.71080635,0.71303131
71.074249,-0.40159277,0.06464327,-0.39956902,0.56204083,-0.00202375,-0.49739756,0.49740168
71.094369,-0.40534832,0.06971359,-0.36867228,0.44648936,-0.03667604,-0.37677577,0.37855662
71.114476,-0.40895986,0.07483019,-0.44241152,0.72665512,0.03345166,-0.65182493,0.65268274
71.134283,-0.41242609,0.07999126,-0.36278425,0.39584227,-0.04964184,-0.31585101,0.31972828
71.154321,-0.41574579,0.08519497,-0.39266081,0.49467418,-0.02308498,-0.40947921,0.41012942
71.174256,-0.41891778,0.09043947,-0.49609381,0.89877004,0.07717603,-0.80833057,0.81200643
71.194283,-0.42194092,0.09572290,-0.44919992,0.72205743,0.02725900,-0.62633453,0.62692743
71.214237,-0.42481416,0.10104338,-0.40128174,0.53416935,-0.02353242,-0.43312597,0.43376477
71.234296,-0.42753646,0.10639901,-0.47452038,0.81414946,0.04698392,-0.70775045,0.70930825
71.254390,-0.43010686,0.11178790,-0.42854608,0.62366691,-0.00156078,-0.51187901,0.51188138
71.274408,-0.43252444,0.11720814,-0.39250078,0.47276094,-0.04002366,-0.35555280,0.35779839
71.294455,-0.43478835,0.12265778,-0.46268794,0.72305751,0.02789959,-0.60039973,0.60104761
71.314385,-0.43689778,0.12813491,-0.38321799,0.37538298,-0.05367979,-0.24724807,0.25300816
71.334330,-0.43885198,0.13363757,-0.41251532,0.45675582,-0.02633666,-0.32311825,0.32418979
71.354303,-0.44065026,0.13916381,-0.51909696,0.85410278,0.07844670,-0.71493897,0.71922988
71.374206,-0.44229199,0.14471167,-0.46976121,0.65015080,0.02746922,-0.50543913,0.50618502
71.394219,-0.44377656,0.15027916,-0.44415789,0.54780069,0.00038133,-0.39752153,0.39752171
71.413867,-0.44510347,0.15586433,-0.51387599,0.80920091,0.06877252,-0.65333658,0.65694623
71.434306,-0.44627223,0.16146517,-0.44268516,0.50677147,-0.00358707,-0.34530630,0.34532493
71.454581,-0.44728243,0.16707971,-0.46165219,0.56984096,0.01436976,-0.40276125,0.40301751
71.474844,-0.44813372,0.17270594,-0.55064827,0.92442867,0.10251455,-0.75172273,0.75868063
71.494347,-0.44882578,0.17834187,-0.49896051,0.73052885,0.05013473,-0.55218698,0.55445825
71.514726,-0.44935838,0.18398549,-0.46774310,0.62058888,0.01838472,-0.43660339,0.43699029
71.534411,-0.44973133,0.18963481,-0.52580395,0.85033895,0.07607262,-0.66070414,0.66506918
71.554221,-0.44994448,0.19528780,-0.45385574,0.55375030,0.00391126,-0.35846250,0.35848384
71.574427,-0.44999778,0.20094248,-0.47068388,0.61685672,0.02068610,-0.41591424,0.41642835
71.594326,-0.44989119,0.20659681,-0.55371082,0.96018711,0.10381963,-0.75359030,0.76070813
71.614251,-0.44962476,0.21224881,-0.50286922,0.78046068,0.05324446,-0.56821187,0.57070107
71.634227,-0.44919858,0.21789645,-0.46630288,0.65618839,0.01710430,-0.43829194,0.43862556
71.654403,-0.44861280,0.22353773,-0.51690292,0.86165684,0.06829012,-0.63811911,0.64176283
71.674376,-0.44786763,0.22917065,-0.44322808,0.55914912,-0.00463955,-0.32997847,0.33001108
71.694299,-0.44696334,0.23479320,-0.45934410,0.61900153,0.01238076,-0.38420833,0.38440776
71.714222,-0.44590024,0.24040340,-0.54234526,0.96169959,0.09644502,-0.72129619,0.72771549
71.734060,-0.44467871,0.24599924,-0.49166411,0.78240172,0.04698540,-0.53640248,0.53845636
71.754204,-0.44329920,0.25157873,-0.45818807,0.67219240,0.01488887,-0.42061367,0.42087711
71.774255,-0.44176218,0.25713990,-0.51038892,0.88918435,0.06862674,-0.63204445,0.63575925
71.794267,-0.44006820,0.26268077,-0.43929850,0.60289710,-0.00076970,-0.34021633,0.34021721
71.814132,-0.43821787,0.26819936,-0.45131827,0.65541121,0.01310040,-0.38721185,0.38743339
71.834422,-0.43621185,0.27369373,-0.52804393,0.98336504,0.09183208,-0.70967131,0.71558822
71.853893,-0.43405084,0.27916191,-0.50778456,0.93559703,0.07373372,-0.65643512,0.66056319
71.874416,-0.43173561,0.28460197,-0.49766228,0.91509472,0.06592667,-0.63049275,0.63393015
71.894405,-0.42926699,0.29001197,-0.49163515,0.90099116,0.06236816,-0.61097919,0.61415418
71.914317,-0.42664586,0.29538999,-0.45843952,0.75648129,0.03179366,-0.46109130,0.46218613
71.934145,-0.42387314,0.30073412,-0.45129819,0.71388830,0.02742505,-0.41315418,0.41406342
71.954203,-0.42094981,0.30604245,-0.51320404,0.95397991,0.09225423,-0.64793746,0.65447215
71.974278,-0.41787693,0.31131311,-0.45369452,0.70599872,0.03581759,-0.39468561,0.39630749
71.994357,-0.41465558,0.31654422,-0.46215026,0.75195324,0.04749468,-0.43540902,0.43799174
72.014440,-0.41128690,0.32173393,-0.52846543,1.05330313,0.11717853,-0.73156920,0.74089426
72.034469,-0.40777209,0.32688038,-0.47734633,0.88978193,0.06957424,-0.56290155,0.56718492
72.054378,-0.40411241,0.33198175,-0.43863110,0.77183211,0.03451869,-0.43985036,0.44120277
72.074850,-0.40030914,0.33703623,-0.48071132,0.96494917,0.08040218,-0.62791294,0.63303963
72.094294,-0.39636365,0.34204202,-0.41626635,0.71788196,0.01990270,-0.37583994,0.37636655
72.114224,-0.39227733,0.34699735,-0.43382139,0.79594406,0.04154406,-0.44894671,0.45086479
72.134096,-0.38805164,0.35190044,-0.48965817,1.04894391,0.10160653,-0.69704347,0.70441003
72.154269,-0.38368807,0.35674957,-0.43281937,0.85041460,0.04913130,-0.49366503,0.49610386
72.174305,-0.37918819,0.36154300,-0.41872428,0.83307063,0.03953609,-0.47152763,0.47318221
72.193800,-0.37455357,0.36627904,-0.46748046,1.07294003,0.09292689,-0.70666099,0.71274481
72.213823,-0.36978588,0.37095600,-0.41155575,0.88301611,0.04176987,-0.51206011,0.51376091
72.233936,-0.36488681,0.37557223,-0.39323933,0.84938789,0.02835252,-0.47381566,0.47466319
72.253956,-0.35985810,0.38012607,-0.44002093,1.07784495,0.08016283,-0.69771888,0.70230885
72.273866,-0.35470153,0.38461591,-0.38483603,0.88370908,0.03013450,-0.49909317,0.50000208
72.293921,-0.34941893,0.38904016,-0.37041129,0.86077126,0.02099236,-0.47173110,0.47219795
72.313999,-0.34401219,0.39339725,-0.41801332,1.09081566,0.07400113,-0.69741841,0.70133345
72.334063,-0.33848322,0.39768562,-0.36453654,0.90113656,0.02605332,-0.50345094,0.50412461
72.353861,-0.33283399,0.40190375,-0.34906567,0.87047764,0.01623168,-0.46857389,0.46885494
72.373848,-0.32706651,0.40605015,-0.39099211,1.08320154,0.06392560,-0.67715139,0.68016211
72.393802,-0.32118282,0.41012335,-0.37174652,1.06312358,0.05056370,-0.65300023,0.65495495
72.413853,-0.31518502,0.41412188,-0.35522937,1.04121852,0.04004435,-0.62709664,0.62837389
72.434025,-0.30907523,0.41804434,-0.34264818,1.02390676,0.03357295,-0.60586242,0.60679191
72.453787,-0.30285563,0.42188933,-0.28820013,0.81428710,-0.01465550,-0.39239777,0.39267135
72.473807,-0.29652843,0.42565548,-0.29613279,0.86703668,-0.00039564,-0.44138120,0.44138138
72.494175,-0.29009587,0.42934146,-0.35001499,1.12478035,0.05991912,-0.69543889,0.69801543
72.514114,-0.28356024,0.43294595,-0.30073700,0.96211118,0.01717676,-0.52916523,0.52944394
72.534175,-0.27692387,0.43646768,-0.27038489,0.87001676,-0.00653898,-0.43354908,0.43359839
72.554204,-0.27018910,0.43990540,-0.31057274,1.04895680,0.04038364,-0.60905140,0.61038876
72.573905,-0.26335834,0.44325787,-0.25270481,0.81249806,-0.01065353,-0.36924019,0.36939385
72.594028,-0.25643401,0.44652392,-0.25823280,0.84679265,0.00179879,-0.40026873,0.40027278
72.614052,-0.24941857,0.44970238,-0.31645533,1.11308169,0.06703676,-0.66337931,0.66675786
72.634150,-0.24231451,0.45279212,-0.26951061,0.95282132,0.02719610,-0.50002920,0.50076823
72.654025,-0.23512435,0.45579205,-0.23891376,0.85629937,0.00378941,-0.40050732,0.40052524
72.674020,-0.22785066,0.45870109,-0.27899940,1.03068874,0.05114874,-0.57198765,0.57427003
72.693811,-0.22049602,0.46151822,-0.21772546,0.77760187,-0.00277056,-0.31608365,0.31609580
72.713872,-0.21306303,0.46424243,-0.22205526,0.80448754,0.00899223,-0.34024511,0.34036391
72.734093,-0.20555435,0.46687276,-0.28176262,1.07127537,0.07620827,-0.60440261,0.60918816
72.754048,-0.19797263,0.46940827,-0.26443398,1.03645685,0.06646135,-0.56704858,0.57093013
72.774036,-0.19032057,0.47184806,-0.26040184,1.05195205,0.07008127,-0.58010399,0.58432185
72.793921,-0.18260089,0.47419127,-0.20136464,0.81591422,0.01876375,-0.34172295,0.34223771
72.814159,-0.17481634,0.47643705,-0.23959346,0.98184319,0.06477712,-0.50540614,0.50954043
72.834055,-0.16696967,0.47858462,-0.22805459,0.93179391,0.06108492,-0.45320929,0.45730736
72.853965,-0.15906368,0.48063321,-0.16483318,0.67522759,0.00576950,-0.19459438,0.19467989
72.874186,-0.15110118,0.48258209,-0.23468727,0.96572199,0.08358609,-0.48313990,0.49031704
72.893881,-0.14308499,0.48443057,-0.23212580,0.98499031,0.08904081,-0.50055974,0.50841746
72.914345,-0.13501796,0.48617800,-0.16699001,0.75474598,0.03197205,-0.26856798,0.27046436
72.934179,-0.12690296,0.48782374,-0.21763048,0.99999137,0.09072752,-0.51216763,0.52014149
72.954292,-0.11874287,0.48936723,-0.20815850,1.00718392,0.08941563,-0.51781669,0.52548004
72.974001,-0.11054060,0.49080790,-0.14291112,0.78557456,0.03237052,-0.29476666,0.29653876
72.993915,-0.10229905,0.49214525,-0.19207831,1.03676870,0.08977926,-0.54462345,0.55197375
73.013985,-0.09402115,0.49337880,-0.18131064,1.05266215,0.08728949,-0.55928335,0.56605417
73.033987,-0.08570985,0.49450812,-0.11338644,0.82709977,0.02767659,-0.33259165,0.33374122
73.053979,-0.07736810,0.49553280,-0.15213524,1.03806384,0.07476714,-0.54253104,0.54765870
73.073840,-0.06899885,0.49645248,-0.13805752,1.02868145,0.06905867,-0.53222897,0.53669058
73.093927,-0.06060510,0.49726683,-0.07715123,0.82419246,0.01654613,-0.32692563,0.32734408
73.113895,-0.05218981,0.49797556,-0.12830989,1.08895639,0.07612008,-0.59098083,0.59586291
73.133909,-0.04375597,0.49857842,-0.11798054,1.11826996,0.07422457,-0.61969154,0.62412089
73.153884,-0.03530659,0.49907520,-0.04780226,0.88543854,0.01249567,-0.38636334,0.38656536
73.174240,-0.02684467,0.49946572,-0.07177739,1.03196822,0.04493272,-0.53250250,0.53439485
73.193883,-0.01837321,0.49974984,-0.05515311,0.98780949,0.03677990,-0.48805965,0.48944354
73.213852,-0.00989522,0.49992746,0.00734534,0.75127777,-0.01724056,-0.25135031,0.25194090
73.234274,-0.00141371,0.49999852,-0.05238213,1.02018464,0.05096842,-0.52018612,0.52267713
73.253904,0.00706829,0.49996299,-0.04633172,1.03697636,0.05340001,-0.53701337,0.53966186
73.273878,0.01554779,0.49982088,0.01879381,0.80862753,-0.00324602,-0.30880665,0.30882371
73.293862,0.02402176,0.49957225,-0.02388388,1.02288579,0.04790564,-0.52331354,0.52550167
73.313882,0.03248720,0.49921719,-0.01264651,1.01402807,0.04513371,-0.51481088,0.51678554
73.333873,0.04094109,0.49875581,0.04773535,0.80247029,-0.00679426,-0.30371448,0.30379047
73.353889,0.04938044,0.49818829,-0.00656707,1.07046019,0.05594751,-0.57227190,0.57500022
73.373784,0.05780224,0.49751482,0.00184002,1.09816383,0.05596222,-0.60064901,0.60325037
73.394154,0.06620351,0.49673564,0.05198559,0.94047022,0.01421792,-0.44373458,0.44396230
73.414341,0.07458126,0.49585104,0.01616529,1.13171146,0.05841597,-0.63586042,0.63853810
73.433912,0.08293250,0.49486132,0.05214717,1.02353625,0.03078533,-0.52867493,0.52957050
73.454099,0.09125428,0.49376684,0.11343441,0.79538554,-0.02218013,-0.30161870,0.30243313
73.474227,0.09954364,0.49256799,0.05562361,1.05853492,0.04392003,-0.56596693,0.56766851
73.493715,0.10779763,0.49126519,0.06044659,1.08224109,0.04735104,-0.59097590,0.59286983
73.513847,0.11601332,0.48985890,0.12603061,0.84796058,-0.01001729,-0.35810168,0.35824176
73.534245,0.12418780,0.48834963,0.09171236,1.02181808,0.03247544,-0.53346845,0.53445602
73.554237,0.13231815,0.48673790,0.10471824,0.98569903,0.02759991,-0.49896113,0.49972389
73.573769,0.14040148,0.48502431,0.16484376,0.75436302,-0.02444228,-0.26933871,0.27044550
73.594754,0.14843494,0.48320944,0.10292208,1.02874181,0.04551286,-0.54553237,0.54742761
73.613945,0.15641565,0.48129395,0.10661892,1.05385093,0.04979673,-0.57255698,0.57471837
73.633920,0.16434079,0.47927852,0.17300899,0.81648762,-0.00866820,-0.33720910,0.33732049
73.653865,0.17220754,0.47716386,0.13594061,0.99946338,0.03626693,-0.52229952,0.52355714
73.674196,0.18001311,0.47495073,0.14735662,0.97007132,0.03265649,-0.49512059,0.49619638
73.694187,0.18775472,0.47263990,0.20715472,0.74254470,-0.01940000,-0.26990480,0.27060111
73.714302,0.19542962,0.47023222,0.14332519,1.02676669,0.05210443,-0.55653447,0.55896823
73.733756,0.20303509,0.46772851,0.14664480,1.05883399,0.05639029,-0.59110548,0.59378915
73.753847,0.21056842,0.46512969,0.19231376,0.90849138,0.01825466,-0.44336169,0.44373734
73.774299,0.21802693,0.46243667,0.15368885,1.09681124,0.06433808,-0.63437457,0.63762880
73.793928,0.22540798,0.45965040,0.19445670,0.95727203,0.03095128,-0.49762163,0.49858326
73.813973,0.23270895,0.45677188,0.23927349,0.79430397,-0.00656454,-0.33753209,0.33759592
73.833913,0.23992723,0.45380213,0.18621959,1.02357765,0.05370764,-0.56977552,0.57230119
73.853800,0.24706027,0.45074221,0.22079478,0.90377938,0.02626549,-0.45303717,0.45379792
73.873970,0.25410553,0.44759320,0.27983253,0.67621640,-0.02572700,-0.22862320,0.23006618
73.893890,0.26106050,0.44435622,0.20307250,0.99966204,0.05798800,-0.55530582,0.55832532
73.913906,0.26792273,0.44103242,0.20206628,1.04873956,0.06585645,-0.60770714,0.61126512
73.933874,0.27468976,0.43762298,0.27360450,0.79386777,0.00108526,-0.35624479,0.35624645
73.954152,0.28135920,0.43412912,0.24458735,0.94073021,0.03677185,-0.50660109,0.50793389
73.974083,0.28792867,0.43055208,0.24835108,0.93728726,0.03957759,-0.50673518,0.50827840
73.993924,0.29439584,0.42689311,0.30537630,0.72240856,-0.01098046,-0.29551545,0.29571938
74.013946,0.30075841,0.42315354,0.23654155,1.02842504,0.06421686,-0.60527150,0.60866855
74.034007,0.30701412,0.41933468,0.23725425,1.07885824,0.06975987,-0.65952356,0.66320265
74.053905,0.31316076,0.41543789,0.30955896,0.82290792,0.00360180,-0.40747003,0.40748595
74.073804,0.31919613,0.41146456,0.28743480,0.94235205,0.03176133,-0.53088749,0.53183673
74.093860,0.32511809,0.40741609,0.28219993,0.98085806,0.04291816,-0.57344197,0.57504579
74.114339,0.33092454,0.40329393,0.34957473,0.72441991,-0.01865019,-0.32112598,0.32166710
74.133891,0.33661341,0.39909954,0.30184303,0.92883301,0.03477038,-0.52973347,0.53087337
74.154493,0.34218268,0.39483441,0.30514667,0.91393752,0.03703601,-0.51910311,0.52042262
74.174368,0.34763038,0.39050006,0.36125895,0.69052381,-0.01362857,-0.30002375,0.30033313
74.194377,0.35295457,0.38609803,0.28568565,1.01063057,0.06726892,-0.62453254,0.62814489
74.214387,0.35815336,0.38162987,0.28330002,1.06476756,0.07485334,-0.68313769,0.68722640
74.234223,0.36322489,0.37709718,0.35694879,0.79632956,0.00627610,-0.41923238,0.41927935
74.254689,0.36816737,0.37250158,0.33453560,0.90928677,0.03363177,-0.53678519,0.53783774
74.274300,0.37297905,0.36784468,0.32244111,0.97177000,0.05053794,-0.60392532,0.60603620
74.294358,0.37765820,0.36312814,0.39604966,0.68735468,-0.01839146,-0.32422654,0.32474774
74.314167,0.38220318,0.35835365,0.35913042,0.84211949,0.02307276,-0.48376584,0.48431574
74.334244,0.38661236,0.35352290,0.35411919,0.85629266,0.03249317,-0.50276976,0.50381866
74.354075,0.39088418,0.34863760,0.41401049,0.61960983,-0.02312631,-0.27097223,0.27195730
74.374441,0.39501712,0.34369949,0.33541989,0.94529542,0.05959723,-0.60159593,0.60454073
74.394133,0.39900972,0.33871033,0.33245322,0.99151437,0.06655650,-0.65280404,0.65618814
74.414403,0.40286054,0.33367188,0.40620084,0.72030079,-0.00334030,-0.38662891,0.38664334
74.434364,0.40656823,0.32858594,0.36851150,0.89212071,0.03805673,-0.56353477,0.56481833
74.454345,0.41013147,0.32345431,0.37844769,0.85035592,0.03168378,-0.52690161,0.52785336
74.474351,0.41354900,0.31827882,0.44053270,0.59872509,-0.02698370,-0.28044627,0.28174143
74.494332,0.41681959,0.31306130,0.35576113,0.94227178,0.06105846,-0.62921048,0.63216609
74.514252,0.41994208,0.30780362,0.35033926,0.99700988,0.06960282,-0.68920626,0.69271193
74.533784,0.42291538,0.30250763,0.42573763,0.71654516,-0.00282225,-0.41403753,0.41404715
74.554041,0.42573841,0.29717523,0.39505715,0.85714568,0.03068126,-0.55997045,0.56081035
74.573947,0.42841018,0.29180829,0.39047890,0.87911634,0.03793128,-0.58730805,0.58853168
74.594052,0.43092974,0.28640874,0.45623603,0.62243507,-0.02530629,-0.33602633,0.33697790
74.614188,0.43329619,0.28097849,0.38763856,0.90511834,0.04565763,-0.62413985,0.62580762
74.633904,0.43550870,0.27551946,0.38628098,0.92368094,0.04922772,-0.64816148,0.65002821
74.653975,0.43756646,0.27003361,0.45409294,0.66295513,-0.01652648,-0.39292152,0.39326892
74.673866,0.43946877,0.26452287,0.39415740,0.91352784,0.04531137,-0.64900497,0.65058479
74.693836,0.44121493,0.25898921,0.39418118,0.91920014,0.04703375,-0.66021093,0.66188416
74.713782,0.44280433,0.25343459,0.45781295,0.66941442,-0.01500862,-0.41597983,0.41625050
74.733850,0.44423641,0.24786098,0.39251700,0.94033457,0.05171941,-0.69247359,0.69440231
74.753862,0.44551065,0.24227037,0.39199384,0.95524801,0.05351681,-0.71297764,0.71498333
74.773901,0.44662660,0.23666474,0.45941185,0.69192197,-0.01278525,-0.45525723,0.45543673
74.793974,0.44758387,0.23104608,0.40435198,0.91999386,0.04323189,-0.68894778,0.69030286
74.814208,0.44838211,0.22541640,0.40594994,0.91088573,0.04243217,-0.68546933,0.68678140
74.833871,0.44902104,0.21977768,0.46609517,0.66722340,-0.01707413,-0.44744572,0.44777137
74.853821,0.44950044,0.21413194,0.39414498,0.96079274,0.05535546,-0.74666080,0.74870994
74.873822,0.44982014,0.20848117,0.39164448,0.98823349,0.05817566,-0.77975232,0.78191949
74.893866,0.44998001,0.20282739,0.46407395,0.70347647,-0.01409394,-0.50064908,0.50084742
74.913880,0.44998001,0.19717261,0.42385676,0.86778516,0.02612325,-0.67061255,0.67112116
74.933970,0.44982014,0.19151883,0.43366255,0.80607482,0.01615759,-0.61455599,0.61476836
74.953917,0.44950044,0.18586806,0.49830204,0.52233924,-0.04880160,-0.33647118,0.33999184
74.973938,0.44902104,0.18022232,0.40503557,0.87038888,0.04398547,-0.69016656,0.69156677
74.994300,0.44838211,0.17458360,0.39732974,0.90113335,0.05105237,-0.72654975,0.72834118
75.014336,0.44758387,0.16895392,0.46954973,0.61014100,-0.02196586,-0.44118708,0.44173356
75.034375,0.44662660,0.16333526,0.41381452,0.82641337,0.03281208,-0.66307811,0.66388946
75.054403,0.44551065,0.15772963,0.41840589,0.78687827,0.02710476,-0.62914864,0.62973223
75.074327,0.44423641,0.15213902,0.48192377,0.51385902,-0.03768736,-0.36172000,0.36367801
75.094286,0.44280433,0.14656541,0.38669547,0.87625272,0.05610886,-0.72968731,0.73184136
75.114282,0.44121493,0.14101079,0.37715386,0.92351186,0.06406107,-0.78250107,0.78511894
75.134396,0.43946877,0.13547713,0.45506538,0.61477160,-0.01559661,-0.47929447,0.47954816
75.154346,0.43756646,0.12996639,0.41379155,0.77547022,0.02377491,-0.64550383,0.64594151
75.174343,0.43550870,0.12448054,0.41541355,0.74455819,0.02009515,-0.62007765,0.62040318
75.194335,0.43329619,0.11902151,0.48043439,0.46368290,-0.04713820,-0.34466139,0.34786992
75.214519,0.43092974,0.11359126,0.37779495,0.84972703,0.05313479,-0.73613577,0.73805093
75.234403,0.42841018,0.10819171,0.36548772,0.90319454,0.06292246,-0.79500283,0.79748902
75.254548,0.42573841,0.10282477,0.44538090,0.58258150,-0.01964249,-0.47975673,0.48015867
75.274374,0.42291538,0.09749237,0.40356304,0.74031973,0.01935234,-0.64282736,0.64311860
75.294234,0.41994208,0.09219638,0.39580180,0.74510466,0.02414028,-0.65290828,0.65335440
75.314239,0.41681959,0.08693870,0.45535505,0.49151788,-0.03853546,-0.40457918,0.40641025
75.334268,0.41354900,0.08172118,0.35526336,0.87583608,0.05828564,-0.79411490,0.79625102
75.354339,0.41013147,0.07654569,0.34601424,0.92470962,0.06411723,-0.84816393,0.85058396
75.374515,0.40656823,0.07141406,0.42545472,0.60870373,-0.01888649,-0.53728967,0.53762151
75.394092,0.40286054,0.06632812,0.38734851,0.75330141,0.01551203,-0.68697329,0.68714840
75.414360,0.39900972,0.06128967,0.37576254,0.77418945,0.02324718,-0.71289978,0.71327872
75.434310,0.39501712,0.05630051,0.44274861,0.48859968,-0.04773149,-0.43229917,0.43492628
75.454298,0.39088418,0.05136240,0.35334755,0.81982526,0.03753663,-0.76846286,0.76937908
75.474197,0.38661236,0.04647710,0.34265326,0.84592216,0.04395910,-0.79944506,0.80065273
75.494224,0.38220318,0.04164635,0.41379874,0.54505528,-0.03159556,-0.50340893,0.50439948
75.514190,0.37765820,0.03687186,0.34416820,0.79872796,0.03349000,-0.76185610,0.76259183
75.534344,0.37297905,0.03215532,0.33961913,0.78231335,0.03335992,-0.75015803,0.75089943
75.554348,0.36816737,0.02749842,0.39727669,0.52255054,-0.02910932,-0.49505212,0.49590721
75.574316,0.36322489,0.02290282,0.29773786,0.89336561,0.06548703,-0.87046279,0.87292269
75.594189,0.35815336,0.01837013,0.28373558,0.94848941,0.07441778,-0.93011928,0.93309158
75.614292,0.35295457,0.01390197,0.36231202,0.62153264,-0.00935745,-0.60763067,0.60770271
75.634862,0.34763038,0.00949994,0.33032218,0.72813038,0.01730820,-0.71863044,0.71883884
75.654312,0.34218268,0.00516559,0.29468514,0.84073583,0.04749754,-0.83557024,0.83691914
75.674161,0.33661341,0.00090046,0.38264034,0.45715921,-0.04602693,-0.45625875,0.45857445
75.694184,0.33092454,-0.00329393,0.35261385,0.53192549,-0.02168931,-0.53521942,0.53565871
75.714391,0.32511809,-0.00741609,0.24883731,0.91147854,0.07628078,-0.91889463,0.92205537
75.733856,0.31919613,-0.01146456,0.28907065,0.73214689,0.03012548,-0.74361145,0.74422143
75.754335,0.31316076,-0.01543789,0.33963309,0.50450253,-0.02647233,-0.51994042,0.52061389
75.774290,0.30701412,-0.01933468,0.25424619,0.80611041,0.05276793,-0.82544509,0.82713001
75.794117,0.30075841,-0.02315354,0.28057542,0.67014451,0.02018299,-0.69329805,0.69359176
75.814121,0.29439584,-0.02689311,0.35574106,0.32692877,-0.06134522,-0.35382188,0.35910048
75.834215,0.28792867,-0.03055208,0.23371192,0.75407184,0.05421675,-0.78462392,0.78649485
75.854225,0.28135920,-0.03412912,0.21131240,0.81320761,0.07004680,-0.84733673,0.85022708
75.874260,0.27468976,-0.03762298,0.29175931,0.46848923,-0.01706955,-0.50611221,0.50639997
75.894446,0.26792273,-0.04103242,0.23283260,0.66998727,0.03509013,-0.71101969,0.71188505
75.914616,0.26106050,-0.04435622,0.23713190,0.60033345,0.02392860,-0.64468967,0.64513359
75.934349,0.25410553,-0.04759320,0.30606608,0.27696446,-0.05196055,-0.32455766,0.32869070
75.954402,0.24706027,-0.05074221,0.17330597,0.74399530,0.07375430,-0.79473751,0.79815249
75.974269,0.23992723,-0.05380213,0.14745437,0.82034226,0.09247286,-0.87414439,0.87902198
75.994203,0.23270895,-0.05677188,0.23302619,0.45737590,-0.00031724,-0.51414778,0.51414787
76.014150,0.22540798,-0.05965040,0.18571584,0.61481061,0.03969214,-0.67446101,0.67562795
76.034184,0.21802693,-0.06243667,0.15114570,0.71447320,0.06688123,-0.77690987,0.77978334
76.054332,0.21056842,-0.06512969,0.24092412,0.32857618,-0.03035570,-0.39370587,0.39487439
76.074495,0.20303509,-0.06772851,0.17888184,0.53138595,0.02415325,-0.59911446,0.59960113
76.094371,0.19542962,-0.07023222,0.15158760,0.58890833,0.04384202,-0.65914055,0.66059699
76.114462,0.18775472,-0.07263990,0.22244162,0.27723688,-0.03468690,-0.34987678,0.35159201
76.134356,0.18001311,-0.07495073,0.10294391,0.70899902,0.07706920,-0.78394975,0.78772893
76.154320,0.17220754,-0.07716386,0.08499610,0.76706995,0.08721144,-0.84423381,0.84872643
76.174178,0.16434079,-0.07927852,0.17021841,0.42297604,-0.00587762,-0.50225456,0.50228895
76.193791,0.15641565,-0.08129395,0.10470321,0.66762098,0.05171244,-0.74891493,0.75069817
76.213795,0.14843494,-0.08320944,0.10957265,0.62125066,0.03886229,-0.70446010,0.70553122
76.234366,0.14040148,-0.08502431,0.17785886,0.32564116,-0.03745738,-0.41066547,0.41237020
76.254238,0.13231815,-0.08673790,0.05272972,0.78998269,0.07958843,-0.87672059,0.88032569
76.274074,0.12418780,-0.08834963,0.03090394,0.88076915,0.09328386,-0.96911878,0.97359801
76.294309,0.11601332,-0.08985890,0.12337986,0.51016248,-0.00736654,-0.60002138,0.60006660
76.314375,0.10779763,-0.09126519,0.10110686,0.58492040,0.00669077,-0.67618559,0.67621869
76.334289,0.09954364,-0.09256799,0.00798783,0.95550785,0.09155581,-1.04807584,1.05206722
76.354696,0.09125428,-0.09376684,0.05149861,0.79455022,0.03975567,-0.88831706,0.88920622
76.373942,0.08293250,-0.09486132,0.11585582,0.52745149,-0.03292332,-0.62231281,0.62318310
76.394186,0.07458126,-0.09585104,0.02439431,0.87574690,0.05018695,-0.97159794,0.97289326
76.413881,0.06620351,-0.09673564,0.02206384,0.88858640,0.04413967,-0.98532204,0.98631021
76.434265,0.05780224,-0.09751482,0.06804638,0.69934747,-0.01024414,-0.79686229,0.79692813
76.454177,0.04938044,-0.09818829,0.01208115,0.90578655,0.03729929,-1.00397484,1.00466747
76.474608,0.04094109,-0.09875581,0.05743742,0.69810911,-0.01649633,-0.79686492,0.79703565
76.494208,0.03248720,-0.09921719,0.08338272,0.56307056,-0.05089552,-0.66228775,0.66424048
76.514107,0.02402176,-0.09957225,0.01151754,0.79857795,0.01250422,-0.89815020,0.89823724
76.534194,0.01554779,-0.09982088,0.07597769,0.48335697,-0.06042990,-0.58317785,0.58630042
76.554120,0.00706829,-0.09996299,0.04353121,0.55864108,-0.03646292,-0.65860407,0.65961267
76.574138,-0.00141371,-0.09999852,-0.06122505,0.93572362,0.05981134,-1.03572214,1.03744771
76.594227,-0.00989522,-0.09992746,-0.02558926,0.76610736,0.01569404,-0.86603482,0.86617701
76.614278,-0.01837321,-0.09974984,0.03057638,0.50221287,-0.04894959,-0.60196271,0.60394964
76.633874,-0.02684467,-0.09946572,-0.06881855,0.85200657,0.04197388,-0.95147229,0.95239767
76.654163,-0.03530659,-0.09907520,-0.07759444,0.85007398,0.04228785,-0.94914918,0.95009075
76.674469,-0.04375597,-0.09857842,-0.01707720,0.56134066,-0.02667877,-0.65991908,0.66045813
76.694303,-0.05218981,-0.09797556,-0.09822481,0.83482177,0.04603500,-0.93279733,0.93393259
76.714289,-0.06060510,-0.09726683,-0.11230164,0.83652977,0.05169654,-0.93379660,0.93522651
76.734043,-0.06899885,-0.09645248,-0.05109147,0.54352330,-0.01790738,-0.63997578,0.64022627
76.754135,-0.07736810,-0.09553280,-0.13555782,0.83020780,0.05818972,-0.92574060,0.92756763
76.774178,-0.08570985,-0.09450812,-0.14910197,0.83398057,0.06339212,-0.92848869,0.93065021
76.794358,-0.09402115,-0.09337880,-0.08634863,0.53907792,-0.00767252,-0.63245672,0.63250326
76.814292,-0.10229905,-0.09214525,-0.17013018,0.82661801,0.06783113,-0.91876326,0.92126380
76.834301,-0.11054060,-0.09080790,-0.18222486,0.82916307,0.07168426,-0.91997097,0.92275957
76.854341,-0.11874287,-0.08936723,-0.11932312,0.53814074,0.00058025,-0.62750797,0.62750823
76.874339,-0.12690296,-0.08782374,-0.20439235,0.83481113,0.07748939,-0.92263487,0.92588320
76.894351,-0.13501796,-0.08617800,-0.21623386,0.84170555,0.08121590,-0.92788355,0.93143111
76.914299,-0.14308499,-0.08443057,-0.15057191,0.54365764,0.00748692,-0.62808821,0.62813284
76.934097,-0.15110118,-0.08258209,-0.22938457,0.81774956,0.07828339,-0.90033165,0.90372859
76.954165,-0.15906368,-0.08063321,-0.23922759,0.81230559,0.08016391,-0.89293880,0.89652995
76.974312,-0.16696967,-0.07858462,-0.17821304,0.53124829,0.01124337,-0.60983291,0.60993655
76.994013,-0.17481634,-0.07643705,-0.26843957,0.85524895,0.09362323,-0.93168600,0.93637819
77.014551,-0.18260089,-0.07419127,-0.27888792,0.87489069,0.09628703,-0.94908196,0.95395375
77.034457,-0.19032057,-0.07184806,-0.20801788,0.56897795,0.01769731,-0.64082601,0.64107033
77.054398,-0.19797263,-0.06940827,-0.27272372,0.79889518,0.07475109,-0.86830345,0.87151512
77.074706,-0.20555435,-0.06687276,-0.27364991,0.76003627,0.06809556,-0.82690903,0.82970811
77.094300,-0.21306303,-0.06424243,-0.21269685,0.47868268,-0.00036618,-0.54292511,0.54292524
77.114327,-0.22049602,-0.06151822,-0.31542612,0.85058957,0.09493010,-0.91210779,0.91703454
77.134249,-0.22785066,-0.05870109,-0.32946101,0.89353113,0.10161035,-0.95223222,0.95763817
77.154094,-0.23512435,-0.05579205,-0.25214482,0.56853186,0.01702047,-0.62432391,0.62455587
77.174272,-0.24231451,-0.05279212,-0.29956649,0.73431479,0.05725198,-0.78710691,0.78918634
77.194288,-0.24941857,-0.04970238,-0.29980317,0.69087745,0.05038460,-0.74057983,0.74229179
77.214312,-0.25643401,-0.04652392,-0.23503083,0.39330215,-0.02140318,-0.43982607,0.44034653
77.234515,-0.26335834,-0.04325787,-0.34864816,0.80043795,0.08528982,-0.84369582,0.84799587
77.254371,-0.27018910,-0.03990540,-0.36635399,0.85391898,0.09616489,-0.89382438,0.89898260
77.274290,-0.27692387,-0.03646768,-0.28545980,0.51586510,0.00853593,-0.55233278,0.55239874
77.294312,-0.28356024,-0.03294595,-0.33684467,0.69748238,0.05328443,-0.73042833,0.73236929
77.314308,-0.29009587,-0.02934146,-0.33814900,0.66210674,0.04805313,-0.69144820,0.69311595
77.334290,-0.29652843,-0.02565548,-0.27088541,0.36145935,-0.02564302,-0.38711483,0.38796322
77.354289,-0.30285563,-0.02188933,-0.38778087,0.78641131,0.08492524,-0.80830064,0.81274979
77.374106,-0.30907523,-0.01804434,-0.40371695,0.83952312,0.09464172,-0.85756746,0.86277401
77.394292,-0.31518502,-0.01412188,-0.32255822,0.50882957,0.00737320,-0.52295145,0.52300342
77.414398,-0.32118282,-0.01012335,-0.37678072,0.70997124,0.05559790,-0.72009459,0.72223774
77.434336,-0.32706651,-0.00605015,-0.36801024,0.64011366,0.04094373,-0.64616381,0.64745969
77.454346,-0.33283399,-0.00190375,-0.29665642,0.32142314,-0.03617757,-0.32332689,0.32534458
77.474427,-0.33848322,0.00231438,-0.41831196,0.75928728,0.07982874,-0.75697290,0.76117055
77.494021,-0.34401219,0.00660275,-0.43649341,0.81727235,0.09248122,-0.81066960,0.81592768
77.514250,-0.34941893,0.01095984,-0.35720720,0.49515529,0.00778827,-0.48419545,0.48425808
77.534281,-0.35470153,0.01538409,-0.41770500,0.72207375,0.06300347,-0.70668966,0.70949258
77.554277,-0.35985810,0.01987393,-0.41207534,0.67194971,0.05221724,-0.65207578,0.65416317
77.574368,-0.36488681,0.02442777,-0.34166853,0.36737696,-0.02321828,-0.34294919,0.34373425
77.594226,-0.36978588,0.02904400,-0.45538106,0.78840016,0.08559518,-0.75935616,0.76416511
77.614334,-0.37455357,0.03372096,-0.46995993,0.84623204,0.09540636,-0.81251108,0.81809329
77.634400,-0.37918819,0.03845700,-0.38866758,0.52606324,0.00947939,-0.48760624,0.48769837
77.654355,-0.38368807,0.04325043,-0.44155571,0.73380224,0.05786764,-0.69055181,0.69297220
77.674117,-0.38805164,0.04809956,-0.43244734,0.67674563,0.04439570,-0.62864607,0.63021175
77.694224,-0.39227733,0.05300265,-0.36128831,0.37251762,-0.03098902,-0.31951497,0.32101423
77.714254,-0.39636365,0.05795798,-0.47506120,0.79739950,0.07869755,-0.73944152,0.74361755
77.734257,-0.40030914,0.06296377,-0.49044805,0.86342164,0.09013891,-0.80045787,0.80551712
77.754525,-0.40411241,0.06801825,-0.40889967,0.54576066,0.00478726,-0.47774241,0.47776640
77.774329,-0.40777209,0.07311962,-0.45612383,0.73430945,0.04835174,-0.66118983,0.66295542
77.794311,-0.41128690,0.07826607,-0.45008508,0.69311492,0.03879818,-0.61484885,0.61607175
77.814584,-0.41465558,0.08345578,-0.38090164,0.40311285,-0.03375394,-0.31965707,0.32143424
77.834348,-0.41787693,0.08868689,-0.49204764,0.82708376,0.07417071,-0.73839687,0.74211268
77.854352,-0.42094981,0.09395755,-0.50741378,0.90442965,0.08646397,-0.81047210,0.81507119
77.874329,-0.42387314,0.09926588,-0.42376720,0.58453903,-0.00010594,-0.48527315,0.48527316
77.894241,-0.42664586,0.10461001,-0.45791712,0.72679124,0.03127126,-0.62218123,0.62296659
77.914203,-0.42926699,0.10998803,-0.48389686,0.83008990,0.05462987,-0.72010187,0.72217112
77.934212,-0.43173561,0.11539803,-0.39773321,0.48970505,-0.03400240,-0.37430702,0.37584825
77.954238,-0.43405084,0.12083809,-0.43904946,0.64634216,0.00499862,-0.52550407,0.52552785
77.974283,-0.43621185,0.12630627,-0.48493533,0.82228754,0.04872348,-0.69598127,0.69768468
77.994233,-0.43821787,0.13180064,-0.39637817,0.46247595,-0.04183970,-0.33067531,0.33331175
78.014357,-0.44006820,0.13731923,-0.42072254,0.54025778,-0.01934566,-0.40293855,0.40340269
78.034377,-0.44176218,0.14286010,-0.51932593,0.92776693,0.07756375,-0.78490683,0.78872991
78.054312,-0.44329920,0.14842127,-0.47475003,0.76214832,0.03145083,-0.61372705,0.61453238
78.074305,-0.44467871,0.15400076,-0.42878899,0.58576496,-0.01588972,-0.43176420,0.43205648
78.094238,-0.44590024,0.15959660,-0.49618118,0.84944169,0.05028094,-0.68984509,0.69167509
78.114254,-0.44696334,0.16520680,-0.44821161,0.65624762,0.00124827,-0.49104082,0.49104241
78.134273,-0.44786763,0.17082935,-0.42206635,0.55432264,-0.02580128,-0.38349329,0.38436026
78.154295,-0.44861280,0.17646227,-0.49320789,0.82435990,0.04459509,-0.64789763,0.64943057
78.174272,-0.44919858,0.18210355,-0.42806170,0.54992883,-0.02113688,-0.36782528,0.36843209
78.194361,-0.44962476,0.18775119,-0.45051349,0.63513210,0.00088873,-0.44738091,0.44738180
78.214298,-0.44989119,0.19340319,-0.53841055,1.00196006,0.08851936,-0.80855687,0.81338791
78.234303,-0.44999778,0.19905752,-0.49642679,0.86391092,0.04642901,-0.66485340,0.66647258
78.254346,-0.44994448,0.20471220,-0.43912386,0.64710408,-0.01082062,-0.44239188,0.44252420
78.274227,-0.44973133,0.21036519,-0.51386776,0.95618113,0.06413643,-0.74581594,0.74856857
78.294223,-0.44935838,0.21601451,-0.50393760,0.94311476,0.05457922,-0.72710025,0.72914584
78.314247,-0.44882578,0.22165813,-0.44527083,0.72608955,-0.00355495,-0.50443142,0.50444395
78.334246,-0.44813372,0.22729406,-0.51247009,1.02312524,0.06433637,-0.79583118,0.79842748
78.354249,-0.44728243,0.23292029,-0.51300325,1.06740463,0.06572082,-0.83448434,0.83706830
78.373879,-0.44627223,0.23853483,-0.44274994,0.80474345,-0.00352229,-0.56620862,0.56621958
78.394549,-0.44510347,0.24413567,-0.47058102,0.93260573,0.02547755,-0.68847006,0.68894131
78.414378,-0.44377656,0.24972084,-0.47579142,0.95041345,0.03201486,-0.70069261,0.70142362
78.434105,-0.44229199,0.25528833,-0.41557722,0.70402210,-0.02671477,-0.44873377,0.44952828
78.454347,-0.44065026,0.26083619,-0.47815957,0.95427761,0.03750931,-0.69344142,0.69445515
78.474265,-0.43885198,0.26636243,-0.48291156,0.97041041,0.04405958,-0.70404798,0.70542527
78.494218,-0.43689778,0.27186509,-0.42254326,0.72281223,-0.01435452,-0.45094714,0.45117554
78.514257,-0.43478835,0.27734222,-0.48145288,0.95985631,0.04666453,-0.68251409,0.68410750
78.534327,-0.43252444,0.28279186,-0.48389270,0.96577585,0.05136826,-0.68298399,0.68491301
78.554304,-0.43010686,0.28821210,-0.42507456,0.72595596,-0.00503230,-0.43774386,0.43777279
78.574317,-0.42753646,0.29360099,-0.48779227,0.98340876,0.06025581,-0.68980777,0.69243449
78.594457,-0.42481416,0.29895662,-0.48990670,1.00154964,0.06509254,-0.70259302,0.70560186
78.614300,-0.42194092,0.30427710,-0.42782220,0.75752874,0.00588128,-0.45325164,0.45328979
78.634276,-0.41891778,0.30956053,-0.47940810,0.97540851,0.06049032,-0.66584798,0.66859002
78.654321,-0.41574579,0.31480503,-0.47727401,0.96870501,0.06152822,-0.65389998,0.65678833
78.674284,-0.41242609,0.32000874,-0.42123732,0.74598662,0.00881123,-0.42597788,0.42606900
78.694328,-0.40895986,0.32516981,-0.48586638,1.02321943,0.07690652,-0.69804962,0.70227337
78.714135,-0.40534832,0.33028641,-0.48501958,1.05174108,0.07967126,-0.72145467,0.72584045
78.734283,-0.40159277,0.33535673,-0.41858887,0.80481360,0.01699610,-0.46945687,0.46976443
78.754238,-0.39769453,0.34037894,-0.45616762,0.97793195,0.05847309,-0.63755301,0.64022882
78.774270,-0.39365500,0.34535129,-0.44750981,0.94416088,0.05385481,-0.59880959,0.60122646
78.794281,-0.38947560,0.35027199,-0.38806126,0.70530897,-0.00141434,-0.35503698,0.35503980
78.814278,-0.38515782,0.35513930,-0.45660449,0.99376805,0.07144667,-0.63862875,0.64261287
78.834280,-0.38070320,0.35995149,-0.45602932,1.02289963,0.07532612,-0.66294814,0.66721381
78.854176,-0.37611331,0.36470685,-0.38918625,0.77890848,0.01307294,-0.41420163,0.41440788
78.873815,-0.37138980,0.36940369,-0.43082924,0.97344092,0.05943944,-0.60403723,0.60695471
78.894277,-0.36653433,0.37404034,-0.42208219,0.95005941,0.05554786,-0.57601907,0.57869122
78.914328,-0.36154863,0.37861515,-0.36106634,0.71530474,-0.00048229,-0.33668959,0.33668993
78.934239,-0.35643448,0.38312651,-0.42661516,1.00240771,0.07018068,-0.61928120,0.62324517
78.954188,-0.35119368,0.38757280,-0.42316819,1.02987122,0.07197451,-0.64229842,0.64631849
78.974671,-0.34582811,0.39195244,-0.35482978,0.78674349,0.00900167,-0.39479105,0.39489366
78.994337,-0.34033967,0.39626389,-0.39459078,0.98080534,0.05425111,-0.58454145,0.58705356
79.014452,-0.33473031,0.40050561,-0.38384613,0.95613916,0.04911582,-0.55563355,0.55780015
79.034286,-0.32900202,0.40467608,-0.32275642,0.72536534,-0.00624560,-0.32068926,0.32075007
79.054237,-0.32315683,0.40877384,-0.38793780,1.01557605,0.06478097,-0.60680221,0.61025036
79.074294,-0.31719683,0.41279742,-0.38427071,1.04673993,0.06707388,-0.63394251,0.63748099
79.094369,-0.31112414,0.41674539,-0.31549917,0.80528189,0.00437503,-0.38853650,0.38856113
79.114333,-0.30494090,0.42061636,-0.35129337,0.98653457,0.04635247,-0.56591821,0.56781333
79.133738,-0.29864931,0.42440894,-0.33885344,0.95377293,0.04020413,-0.52936399,0.53088850
79.153831,-0.29225162,0.42812179,-0.28268767,0.73307216,-0.00956395,-0.30495037,0.30510031
79.174440,-0.28575009,0.43175359,-0.35326625,1.02943351,0.06751616,-0.59767992,0.60148127
79.194341,-0.27914704,0.43530305,-0.35062298,1.05603250,0.07147594,-0.62072945,0.62483107
79.214200,-0.27244481,0.43876890,-0.28406066,0.81646637,0.01161585,-0.37769747,0.37787604
79.234403,-0.26564578,0.44214993,-0.32101956,0.99836855,0.05537378,-0.55621862,0.55896816
79.254280,-0.25875236,0.44544492,-0.30888622,0.96637743,0.05013386,-0.52093251,0.52333936
79.274376,-0.25176702,0.44865270,-0.24665178,0.73007355,-0.00511524,-0.28142085,0.28146733
79.294373,-0.24469222,0.45177214,-0.30930736,1.00946174,0.06461514,-0.55768960,0.56142035
79.314291,-0.23753048,0.45480212,-0.30452255,1.03274115,0.06699207,-0.57793903,0.58180879
79.334306,-0.23028435,0.45774157,-0.23718515,0.79710950,0.00690080,-0.33936793,0.33943809
79.354358,-0.22295640,0.46058945,-0.27783175,1.00089069,0.05487535,-0.54030124,0.54308078
79.374109,-0.21554924,0.46334475,-0.26643171,0.98437910,0.05088247,-0.52103435,0.52351296
79.393967,-0.20806549,0.46600648,-0.20515966,0.76358691,-0.00290583,-0.29758043,0.29759462
79.413974,-0.20050782,0.46857369,-0.20723803,0.80375226,0.00673021,-0.33517857,0.33524613
79.434481,-0.19287890,0.47104549,-0.19885944,0.80921293,0.00598054,-0.33816744,0.33822032
79.454179,-0.18518146,0.47342098,-0.13635765,0.58901702,-0.04882381,-0.11559604,0.12548390
79.474193,-0.17741823,0.47569933,-0.21878364,0.95591374,0.04136541,-0.48021441,0.48199271
79.494383,-0.16959195,0.47787973,-0.21758478,1.02287194,0.04799283,-0.54499221,0.54710129
79.514209,-0.16170543,0.47996139,-0.13997228,0.76805903,-0.02173315,-0.28809764,0.28891622
79.534562,-0.15376145,0.48194359,-0.16546981,0.92066897,0.01170836,-0.43872538,0.43888158
79.554419,-0.14576284,0.48382561,-0.16278510,0.94391693,0.01702226,-0.46009132,0.46040610
79.574270,-0.13771244,0.48560679,-0.09976927,0.72337512,-0.03794317,-0.23776833,0.24077679
79.594336,-0.12961311,0.48728649,-0.15969084,1.00376255,0.03007773,-0.51647606,0.51735113
79.614697,-0.12146773,0.48886413,-0.15514262,1.03374937,0.03367489,-0.54488524,0.54592483
79.633918,-0.11327920,0.49033913,-0.08876020,0.80451771,-0.02451900,-0.31417858,0.31513388
79.653982,-0.10505041,0.49171098,-0.07140019,0.76807379,-0.03365022,-0.27636281,0.27840392
79.673995,-0.09678431,0.49297918,-0.00853928,0.52559334,-0.08824503,-0.03261416,0.09407906
79.693838,-0.08848381,0.49414329,-0.10280063,0.91264717,0.01431682,-0.41850388,0.41874870
79.714305,-0.08015188,0.49520289,-0.11130712,0.98764032,0.03115524,-0.49243743,0.49342200
79.734259,-0.07179147,0.49615760,-0.03823121,0.72604463,-0.03356026,-0.22988703,0.23232378
79.754974,-0.06340555,0.49700710,-0.07086083,0.88355236,0.00745528,-0.38654526,0.38661715
79.774383,-0.05499711,0.49775107,-0.07527659,0.91627277,0.02027948,-0.41852170,0.41901273
79.794457,-0.04656913,0.49838924,-0.01263070,0.68560513,-0.03393843,-0.18721589,0.19026720
79.814338,-0.03812459,0.49892141,-0.07599734,0.96706387,0.03787275,-0.46814246,0.46967191
79.833890,-0.02966652,0.49934736,-0.06889976,0.98605960,0.03923324,-0.48671224,0.48829095
79.853820,-0.02119790,0.49966696,-0.01822556,0.81729496,-0.00297234,-0.31762800,0.31764191
79.874070,-0.01272176,0.49988009,-0.03315216,0.91260930,0.02043040,-0.41272921,0.41323456
79.894033,-0.00424109,0.49998668,0.04616407,0.63276767,-0.05040516,-0.13278099,0.14202630
79.913776,0.00424109,0.49998668,0.00788104,0.81534411,-0.00363995,-0.31535743,0.31537844
79.934687,0.01272176,0.49988009,0.00038954,0.86682409,0.01233222,-0.36694400,0.36715117
79.954355,0.02119790,0.49966696,0.06716593,0.62851398,-0.04596803,-0.12884702,0.13680137
79.974519,0.02966652,0.49934736,-0.00001665,0.92807826,0.02968317,-0.42873090,0.42975723
79.994326,0.03812459,0.49892141,0.00120686,0.96495494,0.03691773,-0.46603353,0.46749350
80.014075,0.04656913,0.49838924,0.06797309,0.73556384,-0.02140396,-0.23717460,0.23813845
80.034116,0.05499711,0.49775107,0.01770435,0.97936004,0.03729276,-0.48160897,0.48305067
80.054184,0.06340555,0.49700710,0.02471031,0.98978807,0.03869524,-0.49278097,0.49429790
80.074263,0.07179147,0.49615760,0.08614391,0.77739490,-0.01435244,-0.28123730,0.28160329
80.094391,0.08015188,0.49520289,0.03175657,1.04198571,0.04839531,-0.54678282,0.54892036
80.114394,0.08848381,0.49414329,0.03799520,1.07030958,0.05048861,-0.57616629,0.57837418
80.134453,0.09678431,0.49297918,0.10520152,0.83869364,-0.00841721,-0.34571446,0.34581691
80.154350,0.10505041,0.49171098,0.06956117,1.02449567,0.03548924,-0.53278469,0.53396536
80.174346,0.11327920,0.49033913,0.07955935,1.00890909,0.03371985,-0.51856996,0.51966511
80.194186,0.12146773,0.48886413,0.13648435,0.80044756,-0.01501662,-0.31158343,0.31194508
80.214143,0.12961311,0.48728649,0.07695567,1.08068165,0.05265744,-0.59339516,0.59572697
80.234019,0.13771244,0.48560679,0.07976462,1.12896115,0.05794782,-0.64335436,0.64595881
80.254016,0.14576284,0.48382561,0.14977766,0.88461831,-0.00401482,-0.40079270,0.40081281
80.273933,0.15376145,0.48194359,0.16953196,0.83503007,-0.01577051,-0.35308648,0.35343849
80.293982,0.16170543,0.47996139,0.18160905,0.79735037,-0.01990362,-0.31738898,0.31801245
80.314349,0.16959195,0.47787973,0.13475069,1.01177469,0.03484126,-0.53389496,0.53503060
80.334478,0.17741823,0.47569933,0.18933301,0.79466525,-0.01191478,-0.31896592,0.31918837
80.354324,0.18518146,0.47342098,0.17991759,0.85119574,0.00526387,-0.37777476,0.37781143
80.374291,0.19287890,0.47104549,0.12497964,1.11470157,0.06789926,-0.64365608,0.64722752
80.393829,0.20050782,0.46857369,0.17533699,0.95373320,0.02517083,-0.48515951,0.48581202
80.413834,0.20806549,0.46600648,0.19670222,0.90185459,0.01136327,-0.43584811,0.43599622
80.434165,0.21554924,0.46334475,0.21803364,0.83572509,-0.00248440,-0.37238034,0.37238863
80.454441,0.22295640,0.46058945,0.27791261,0.58840568,-0.05495621,-0.12781623,0.13913006
80.474151,0.23028435,0.45774157,0.18947652,0.94236409,0.04080783,-0.48462252,0.48633761
80.494425,0.23753048,0.45480212,0.18248214,1.00202011,0.05504834,-0.54721799,0.54997987
80.514367,0.24469222,0.45177214,0.19932601,0.95965326,0.04536621,-0.50788112,0.50990325
80.534492,0.25176702,0.44865270,0.21976376,0.89013650,0.03200326,-0.44148380,0.44264224
80.554376,0.25875236,0.44544492,0.21996051,0.90549836,0.03879185,-0.46005344,0.46168602
80.574342,0.26564578,0.44214993,0.22457428,0.90214751,0.04107150,-0.45999758,0.46182750
80.594298,0.27244481,0.43876890,0.27934788,0.69117374,-0.00690307,-0.25240484,0.25249922
80.614178,0.27914704,0.43530305,0.20541649,1.01381540,0.07373055,-0.57851235,0.58319185
80.634057,0.28575009,0.43175359,0.20630109,1.06735681,0.07944900,-0.63560322,0.64054945
80.654408,0.29225162,0.42812179,0.28142147,0.80700158,0.01083015,-0.37887979,0.37903455
80.674296,0.29864931,0.42440894,0.26112554,0.92705836,0.03752377,-0.50264942,0.50404808
80.693779,0.30494090,0.42061636,0.25682462,0.97264115,0.04811628,-0.55202479,0.55411781
80.715034,0.31112414,0.41674539,0.32823351,0.71099856,-0.01710937,-0.29425317,0.29475017
80.734795,0.31719683,0.41279742,0.28630132,0.90246122,0.03089551,-0.48966380,0.49063752
80.754417,0.32315683,0.40877384,0.29672002,0.86637085,0.02643681,-0.45759701,0.45836004
80.774321,0.32900202,0.40467608,0.36107178,0.61388102,-0.03206976,-0.20920494,0.21164871
80.794139,0.33473031,0.40050561,0.28208843,0.94362229,0.05264188,-0.54311668,0.54566189
80.814153,0.34033967,0.39626389,0.28160417,0.98531119,0.05873550,-0.58904730,0.59196840
80.834071,0.34582811,0.39195244,0.35594177,0.71894730,-0.01011366,-0.32699486,0.32715122
80.854352,0.35119368,0.38757280,0.31629579,0.90732074,0.03489789,-0.51974794,0.52091822
80.874177,0.35643448,0.38312651,0.32786284,0.87018522,0.02857164,-0.48705871,0.48789602
80.894142,0.36154863,0.37861515,0.39179501,0.62040223,-0.03024638,-0.24178708,0.24367157
80.914651,0.36653433,0.37404034,0.31322725,0.94866505,0.05330708,-0.57462471,0.57709202
80.934172,0.37138980,0.36940369,0.31186736,0.99268969,0.05952244,-0.62328600,0.62612168
80.954776,0.37611331,0.36470685,0.38590841,0.72486170,-0.00979510,-0.36015485,0.36028803
80.974222,0.38070320,0.35995149,0.34978871,0.89470083,0.03091449,-0.53474934,0.53564220
80.994087,0.38515782,0.35513930,0.36199442,0.84647171,0.02316340,-0.49133241,0.49187811
81.014081,0.38947560,0.35027199,0.32149527,1.02792471,0.06798033,-0.67765272,0.68105399
81.034100,0.39365500,0.34535129,0.33252288,0.99137047,0.06113212,-0.64601918,0.64890517
81.054277,0.39769453,0.34037894,0.39198137,0.75462064,0.00571316,-0.41424170,0.41428110
81.074296,0.40159277,0.33535673,0.33004795,1.01991708,0.07154482,-0.68456035,0.68828885
81.095011,0.40534832,0.33028641,0.33308627,1.03342899,0.07226205,-0.70314258,0.70684602
81.114341,0.40895986,0.32516981,0.40049900,0.77615648,0.00846086,-0.45098667,0.45106603
81.134369,0.41242609,0.32000874,0.35923865,0.95619902,0.05318744,-0.63619028,0.63840972
81.154274,0.41574579,0.31480503,0.36805332,0.91412172,0.04769247,-0.59931669,0.60121133
81.173889,0.41891778,0.30956053,0.42866890,0.66149164,-0.00975112,-0.35193111,0.35206617
81.193890,0.42194092,0.30427710,0.41944858,0.69524009,0.00249234,-0.39096299,0.39097093
81.214124,0.42481416,0.29895662,0.47648271,0.46742886,-0.05166855,-0.16847224,0.17621729
81.234347,0.42753646,0.29360099,0.38187472,0.83377078,0.04566174,-0.54016979,0.54209629
81.254324,0.43010686,0.28821210,0.39262837,0.80001595,0.03747849,-0.51180385,0.51317426
81.274320,0.43252444,0.28279186,0.46006318,0.53719983,-0.02753874,-0.25440797,0.25589412
81.294681,0.43478835,0.27734222,0.37112464,0.89956572,0.06366371,-0.62222350,0.62547194
81.314357,0.43689778,0.27186509,0.36672130,0.95191093,0.07017648,-0.68004584,0.68365713
81.334381,0.43885198,0.26636243,0.44531592,0.66211755,-0.00646394,-0.39575512,0.39580790
81.354297,0.44065026,0.26083619,0.40889704,0.82451012,0.03175322,-0.56367393,0.56456759
81.374157,0.44229199,0.25528833,0.41453749,0.79681352,0.02775450,-0.54152519,0.54223596
81.394161,0.44377656,0.24972084,0.47825948,0.53708950,-0.03448292,-0.28736866,0.28943016
81.414251,0.44510347,0.24413567,0.38665052,0.89972967,0.05845295,-0.65559400,0.65819468
81.434289,0.44627223,0.23853483,0.37902490,0.95428920,0.06724733,-0.71575437,0.71890648
81.454341,0.44728243,0.23292029,0.45786347,0.65306528,-0.01058104,-0.42014499,0.42027821
81.474713,0.44813372,0.22729406,0.42338626,0.79783693,0.02474746,-0.57054287,0.57107933
81.494350,0.44882578,0.22165813,0.41361370,0.82894925,0.03521208,-0.60729112,0.60831110
81.514395,0.44935838,0.21601451,0.48273890,0.55116337,-0.03338052,-0.33514886,0.33680709
81.534346,0.44973133,0.21036519,0.40777721,0.84413880,0.04195412,-0.63377361,0.63516072
81.554082,0.44994448,0.20471220,0.40311065,0.85844765,0.04683383,-0.65373545,0.65541090
81.574158,0.44999778,0.19905752,0.46839864,0.59695162,-0.01840086,-0.39789410,0.39831935
81.594229,0.44989119,0.19340319,0.39407530,0.89385962,0.05581589,-0.70045643,0.70267675
81.614238,0.44962476,0.18775119,0.39051046,0.91586385,0.05911430,-0.72811266,0.73050842
81.634243,0.44919858,0.18210355,0.46082105,0.63816344,-0.01162247,-0.45605989,0.45620797
81.654636,0.44861280,0.17646227,0.40288454,0.87004058,0.04572826,-0.69357831,0.69508413
81.674799,0.44786763,0.17082935,0.40259645,0.85961884,0.04527118,-0.68878949,0.69027563
81.694307,0.44696334,0.16520680,0.46160665,0.61537925,-0.01464331,-0.45017245,0.45041055
81.714361,0.44590024,0.15959660,0.37948743,0.94438416,0.06641281,-0.78478756,0.78759264
81.734083,0.44467871,0.15400076,0.37426839,0.98831016,0.07041032,-0.83430940,0.83727521
81.754125,0.44329920,0.14842127,0.45005204,0.69333812,-0.00675284,-0.54491685,0.54495869
81.774227,0.44176218,0.14286010,0.41754862,0.82581209,0.02421356,-0.68295199,0.68338110
81.794295,0.44006820,0.13731923,0.41221495,0.83057988,0.02785325,-0.69326065,0.69381996
81.814355,0.43821787,0.13180064,0.47480033,0.56827434,-0.03658246,-0.43647370,0.43800407
81.834312,0.43621185,0.12630627,0.39202975,0.88848503,0.04418210,-0.76217876,0.76345826
81.854343,0.43405084,0.12083809,0.38382110,0.92591427,0.05022974,-0.80507618,0.80664161
81.874353,0.43173561,0.11539803,0.45785871,0.62664042,-0.02612310,-0.51124239,0.51190936
81.894378,0.42926699,0.10998803,0.41130727,0.80445365,0.01795972,-0.69446562,0.69469781
81.914274,0.42664586,0.10461001,0.41806022,0.74634299,0.00858564,-0.64173298,0.64179041
81.934171,0.42387314,0.09926588,0.48118874,0.46380961,-0.05731560,-0.36454373,0.36902196
81.954182,0.42094981,0.09395755,0.37523503,0.85450830,0.04571478,-0.76055075,0.76192341
81.974204,0.41787693,0.08868689,0.35896616,0.91711798,0.05891077,-0.82843109,0.83052306
81.994195,0.41465558,0.08345578,0.43943986,0.58850192,-0.02478428,-0.50504614,0.50565390
82.014262,0.41128690,0.07826607,0.40312660,0.72002700,0.00816030,-0.64176093,0.64181281
82.034085,0.40777209,0.07311962,0.37327031,0.81844697,0.03450178,-0.74532735,0.74612548
82.054395,0.40411241,0.06801825,0.46006743,0.45488484,-0.05595502,-0.38686659,0.39089221
82.074566,0.40030914,0.06296377,0.41758991,0.59568541,-0.01728077,-0.53272164,0.53300185
82.094209,0.39636365,0.05795798,0.35737256,0.80973107,0.03899109,-0.75177309,0.75278356
82.114295,0.39227733,0.05300265,0.43784164,0.46773306,-0.04556431,-0.41473041,0.41722586
82.134163,0.38805164,0.04809956,0.40978781,0.55093049,-0.02173617,-0.50283093,0.50330051
82.154245,0.38368807,0.04325043,0.30922534,0.93784986,0.07446273,-0.89459943,0.89769307
82.174298,0.37918819,0.03845700,0.35092057,0.77390558,0.02826762,-0.73544858,0.73599162
82.194447,0.37455357,0.03372096,0.41059199,0.52501575,-0.03603842,-0.49129479,0.49261479
82.214329,0.36978588,0.02904400,0.32137464,0.86370388,0.04841124,-0.83465988,0.83606265
82.234302,0.36488681,0.02442777,0.32772478,0.83800605,0.03716203,-0.81357828,0.81442657
82.254307,0.35985810,0.01987393,0.38563284,0.60235574,-0.02577474,-0.58248181,0.58305180
82.274596,0.35470153,0.01538409,0.30733249,0.91224779,0.04736904,-0.89686370,0.89811376
82.294259,0.34941893,0.01095984,0.31601718,0.88830755,0.03340175,-0.87734771,0.87798331
82.314395,0.34401219,0.00660275,0.37607705,0.64612808,-0.03206486,-0.63952533,0.64032867
82.334124,0.33848322,0.00231438,0.29747785,0.96065217,0.04100537,-0.95833779,0.95921466
82.354108,0.33283399,-0.00190375,0.28711535,1.01413656,0.04571864,-1.01604031,1.01706839
82.374479,0.32706651,-0.00605015,0.36320779,0.69659823,-0.03614128,-0.70264838,0.70357725
82.394513,0.32118282,-0.01012335,0.34074779,0.76604825,-0.01956497,-0.77617160,0.77641815
82.414376,0.31518502,-0.01412188,0.38970869,0.55645815,-0.07452367,-0.57058003,0.57542623
82.434401,0.30907523,-0.01804434,0.41928247,0.41847598,-0.11020724,-0.43652032,0.45021731
82.454299,0.30285563,-0.02188933,0.33567849,0.70890356,-0.03282286,-0.73079289,0.73152962
82.474374,0.29652843,-0.02565548,0.40668883,0.38424003,-0.11016040,-0.40989551,0.42444039
82.494340,0.29009587,-0.02934146,0.36660311,0.49793239,-0.07650724,-0.52727385,0.53279552
82.514166,0.28356024,-0.03294595,0.25880620,0.89152249,0.02475404,-0.92446844,0.92479980
82.534332,0.27692387,-0.03646768,0.29922397,0.71064240,-0.02230010,-0.74711008,0.74744282
82.554297,0.27018910,-0.03990540,0.34923418,0.47991330,-0.07904508,-0.51981870,0.52579426
82.574345,0.26335834,-0.04325787,0.25778813,0.79875614,0.00557021,-0.84201401,0.84203244
82.594350,0.25643401,-0.04652392,0.27808962,0.67993617,-0.02165561,-0.72646009,0.72678279
82.614327,0.24941857,-0.04970238,0.34509117,0.36206260,-0.09567260,-0.41176498,0.42273353
82.634349,0.24231451,-0.05279212,0.22077103,0.79390160,0.02154348,-0.84669372,0.84696775
82.654264,0.23512435,-0.05579205,0.19364109,0.86791949,0.04148326,-0.92371154,0.92464256
82.674185,0.22785066,-0.05870109,0.27503889,0.50758622,-0.04718823,-0.56628731,0.56824998
82.694339,0.22049602,-0.06151822,0.23470739,0.62291583,-0.01421137,-0.68443405,0.68458158
82.714321,0.21306303,-0.06424243,0.17181427,0.82648226,0.04124876,-0.89072469,0.89167927
82.734265,0.20555435,-0.06687276,0.24723926,0.47963116,-0.04168491,-0.54650392,0.54809139
82.754353,0.19797263,-0.06940827,0.21815826,0.54414052,-0.02018563,-0.61354879,0.61388076
82.774313,0.19032057,-0.07184806,0.11438067,0.91572707,0.07593990,-0.98757513,0.99049054
82.794353,0.18260089,-0.07419127,0.15404236,0.72812459,0.02855853,-0.80231586,0.80282398
82.814403,0.17481634,-0.07643705,0.20211447,0.50089634,-0.02729813,-0.57733339,0.57797840
82.834334,0.16696967,-0.07858462,0.11506823,0.79886081,0.05190144,-0.87744543,0.87897909
82.854331,0.15906368,-0.08063321,0.14201169,0.64866751,0.01705199,-0.72930072,0.72950005
82.874346,0.15110118,-0.08258209,0.21801587,0.28980685,-0.06691469,-0.37238894,0.37835314
82.894267,0.14308499,-0.08443057,0.08951776,0.72765629,0.05356723,-0.81208686,0.81385166
82.914262,0.13501796,-0.08617800,0.06444836,0.78185072,0.07056960,-0.86802872,0.87089261
82.934294,0.12690296,-0.08782374,0.14236859,0.43460092,-0.01546563,-0.52242466,0.52265353
82.954335,0.11874287,-0.08936723,0.07372310,0.66098683,0.04501977,-0.75035406,0.75170339
82.974328,0.11054060,-0.09080790,0.07530913,0.59305787,0.03523147,-0.68386577,0.68477270
82.994243,0.10229905,-0.09214525,0.14520205,0.25877257,-0.04290300,-0.35091782,0.35353074
83.014568,0.09402115,-0.09337880,0.01221809,0.71792453,0.08180306,-0.81130333,0.81541697
83.034378,0.08570985,-0.09450812,-0.01237333,0.77739252,0.09808318,-0.87190064,0.87740016
83.054725,0.07736810,-0.09553280,0.06929587,0.42252298,0.00807223,-0.51805578,0.51811866
83.074446,0.06899885,-0.09645248,0.00539879,0.63754596,0.06360006,-0.73399844,0.73674872
83.094272,0.06060510,-0.09726683,0.01318695,0.55152850,0.04741815,-0.64879533,0.65052583
83.114232,0.05218981,-0.09797556,-0.06281822,0.79800251,0.11500803,-0.89597807,0.90332915
83.134275,0.04375597,-0.09857842,-0.06762839,0.75766691,0.11138436,-0.85624533,0.86345964
83.154305,0.03530659,-0.09907520,-0.00530497,0.46250666,0.04061156,-0.56158186,0.56304839
83.174332,0.02684467,-0.09946572,-0.10643167,0.82214150,0.13327634,-0.92160722,0.93119410
83.194381,0.01837321,-0.09974984,-0.11677050,0.84367840,0.13514371,-0.94342824,0.95305859
83.214193,0.00989522,-0.09992746,-0.04090172,0.52581549,0.05079694,-0.62574295,0.62780138
83.234392,0.00141371,-0.09999852,-0.10433730,0.75799258,0.10575101,-0.85799110,0.86448366
83.254368,-0.00706829,-0.09996299,-0.10089251,0.71232993,0.09382422,-0.81229292,0.81769356
83.274368,-0.01554779,-0.09982088,-0.03318559,0.41540429,0.01763780,-0.51522517,0.51552698
83.294344,-0.02402176,-0.09957225,-0.14128228,0.81565585,0.11726052,-0.91522810,0.92270933
83.314359,-0.03248720,-0.09921719,-0.15400443,0.86508025,0.12151723,-0.96429744,0.97192386
83.334339,-0.04094109,-0.09875581,-0.06947976,0.52480742,0.02853867,-0.62356323,0.62421595
83.354477,-0.04938044,-0.09818829,-0.11256786,0.68406966,0.06318742,-0.78225795,0.78480580
83.374397,-0.05780224,-0.09751482,-0.12148661,0.69116411,0.06368437,-0.78867893,0.79124595
83.394309,-0.06620351,-0.09673564,-0.05791359,0.42113541,-0.00828992,-0.51787105,0.51793740
83.414351,-0.07458126,-0.09585104,-0.16538750,0.82991945,0.09080624,-0.92577049,0.93021329
83.434287,-0.08293250,-0.09486132,-0.17731275,0.88843639,0.09438025,-0.98329771,0.98781679
83.454323,-0.09125428,-0.09376684,-0.09234721,0.55103157,0.00109293,-0.64479841,0.64479934
83.474261,-0.09954364,-0.09256799,-0.12784393,0.68291649,0.02830029,-0.77548448,0.77600070
83.494315,-0.10779763,-0.09126519,-0.15341654,0.76189180,0.04561891,-0.85315699,0.85437575
83.514089,-0.11601332,-0.08985890,-0.06733299,0.40322406,-0.04868033,-0.49308296,0.49548015
83.534288,-0.12418780,-0.08834963,-0.12663513,0.60910965,0.00244733,-0.69745928,0.69746358
83.554188,-0.13231815,-0.08673790,-0.12379762,0.54914286,-0.00852053,-0.63588076,0.63593784
83.574330,-0.14040148,-0.08502431,-0.05312563,0.22168637,-0.08727585,-0.30671068,0.31888637
83.594317,-0.14843494,-0.08320944,-0.19256847,0.71162451,0.04413353,-0.79483395,0.79605827
83.614352,-0.15641565,-0.08129395,-0.21908026,0.78918590,0.06266461,-0.87047985,0.87273251
83.634351,-0.16434079,-0.07927852,-0.13430808,0.42930359,-0.03003271,-0.50858211,0.50946808
83.654465,-0.17220754,-0.07716386,-0.18847159,0.61080739,0.01626405,-0.68797125,0.68816347
83.674282,-0.18001311,-0.07495073,-0.20865479,0.64522999,0.02864168,-0.72018072,0.72075003
83.694311,-0.18775472,-0.07263990,-0.14413318,0.36248906,-0.04362154,-0.43512896,0.43731002
83.713818,-0.19542962,-0.07023222,-0.25983241,0.79062766,0.06440279,-0.86085988,0.86326558
83.734278,-0.20303509,-0.06772851,-0.27814800,0.85976946,0.07511291,-0.92749797,0.93053449
83.754267,-0.21056842,-0.06512969,-0.19408104,0.51528086,-0.01648738,-0.58041055,0.58064468
83.774539,-0.21802693,-0.06243667,-0.23625293,0.66306274,0.01822600,-0.72549941,0.72572831
83.794467,-0.22540798,-0.05965040,-0.26853792,0.76233928,0.04312994,-0.82198968,0.82312042
83.814363,-0.23270895,-0.05677188,-0.18081096,0.38951008,-0.05189799,-0.44628196,0.44928943
83.834355,-0.23992723,-0.05380213,-0.23429388,0.56397687,-0.00563335,-0.61777900,0.61780468
83.854240,-0.24706027,-0.05074221,-0.27910429,0.69863729,0.03204402,-0.74937950,0.75006430
83.874388,-0.25410553,-0.04759320,-0.18711271,0.29693115,-0.06699282,-0.34452435,0.35097730
83.894307,-0.26106050,-0.04435622,-0.24162448,0.46013811,-0.01943602,-0.50449433,0.50486858
83.914521,-0.26792273,-0.04103242,-0.32704778,0.75260628,0.05912505,-0.79363870,0.79583803
83.934543,-0.27468976,-0.03762298,-0.25432455,0.42844176,-0.02036521,-0.46606474,0.46650947
83.954318,-0.28135920,-0.03412912,-0.28627806,0.52238102,0.00491886,-0.55651014,0.55653188
83.974160,-0.28792867,-0.03055208,-0.39133085,0.92222546,0.10340218,-0.95277754,0.95837209
83.994305,-0.29439584,-0.02689311,-0.35178000,0.76365345,0.05738416,-0.79054656,0.79262653
84.013996,-0.30075841,-0.02315354,-0.29007400,0.50380454,-0.01068441,-0.52695808,0.52706639
84.034352,-0.30701412,-0.01933468,-0.38765310,0.87317075,0.08063898,-0.89250543,0.89614094
84.054389,-0.31316076,-0.01543789,-0.39349622,0.89922439,0.08033546,-0.91466228,0.91818347
84.074410,-0.31919613,-0.01146456,-0.32285033,0.61237641,0.00365420,-0.62384097,0.62385168
84.094410,-0.32511809,-0.00741609,-0.38154688,0.83585356,0.05642879,-0.84326965,0.84515555
84.114345,-0.33092454,-0.00329393,-0.36683152,0.77621982,0.03590698,-0.77951375,0.78034031
84.134305,-0.33661341,0.00090046,-0.30353456,0.51192386,-0.03307885,-0.51102340,0.51209289
84.154266,-0.34218268,0.00516559,-0.40373011,0.89667109,0.06154743,-0.89150550,0.89362752
84.174718,-0.34763038,0.00949994,-0.41772511,0.96534685,0.07009473,-0.95584691,0.95841357
84.194286,-0.35295457,0.01390197,-0.33904159,0.64721680,-0.01391298,-0.63331483,0.63346763
84.214160,-0.35815336,0.01837013,-0.36616081,0.74261875,0.00800745,-0.72424862,0.72429288
84.234363,-0.36322489,0.02290282,-0.41548087,0.92595427,0.05225598,-0.90305145,0.90456211
84.254285,-0.36816737,0.02749842,-0.34544231,0.62749260,-0.02272506,-0.59999418,0.60042439
84.274041,-0.37297905,0.03215532,-0.36496684,0.68556433,-0.00801221,-0.65340901,0.65345813
84.294322,-0.37765820,0.03687186,-0.44853713,1.01618499,0.07087893,-0.97931313,0.98187476
84.314341,-0.38220318,0.04164635,-0.40875678,0.86055131,0.02655360,-0.81890496,0.81933536
84.334203,-0.38661236,0.04647710,-0.36099552,0.65514224,-0.02561684,-0.60866514,0.60920397
84.354319,-0.39088418,0.05136240,-0.43199333,0.91768381,0.04110915,-0.86632141,0.86729622
84.374343,-0.39501712,0.05630051,-0.40905088,0.80817464,0.01403376,-0.75187413,0.75200509
84.394390,-0.39900972,0.06128967,-0.34434278,0.51516587,-0.05466694,-0.45387620,0.45715652
84.414321,-0.40286054,0.06632812,-0.43710692,0.86078713,0.03424638,-0.79445901,0.79519679
84.434328,-0.40656823,0.07141406,-0.44843201,0.90279541,0.04186378,-0.83138135,0.83243470
84.454389,-0.41013147,0.07654569,-0.37895155,0.61733501,-0.03117992,-0.54078932,0.54168744
84.474338,-0.41354900,0.08172118,-0.43610428,0.83222420,0.02255528,-0.75050302,0.75084188
84.494408,-0.41681959,0.08693870,-0.43744570,0.80764842,0.02062611,-0.72070972,0.72100481
84.513779,-0.41994208,0.09219638,-0.38177391,0.55862528,-0.03816817,-0.46642890,0.46798796
84.534268,-0.42291538,0.09749237,-0.47803717,0.92313995,0.05512179,-0.82564758,0.82748556
84.554291,-0.42573841,0.10282477,-0.49138051,0.98436472,0.06564210,-0.88153995,0.88398053
84.574349,-0.42841018,0.10819171,-0.41709779,0.68308457,-0.01131239,-0.57489286,0.57500415
84.594402,-0.43092974,0.11359126,-0.44913546,0.80246298,0.01820572,-0.68887172,0.68911225
84.614334,-0.43329619,0.11902151,-0.47648735,0.89649104,0.04319116,-0.77746953,0.77866831
84.634078,-0.43550870,0.12448054,-0.39696443,0.56341989,-0.03854427,-0.43893935,0.44062843
84.654340,-0.43756646,0.12996639,-0.43082053,0.67568943,-0.00674593,-0.54572304,0.54576473
84.674370,-0.43946877,0.13547713,-0.49417258,0.91411272,0.05470381,-0.77863559,0.78055486
84.694320,-0.44121493,0.14101079,-0.42892128,0.64091766,-0.01229365,-0.49990687,0.50005801
84.713875,-0.44280433,0.14656541,-0.44385660,0.69615389,0.00105227,-0.54958848,0.54958949
84.734291,-0.44423641,0.15213902,-0.51993739,1.01307956,0.07570098,-0.86094054,0.86426226
84.754322,-0.44551065,0.15772963,-0.47672234,0.84891774,0.03121169,-0.69118811,0.69189246
84.774389,-0.44662660,0.16333526,-0.43519351,0.68170398,-0.01143309,-0.51836872,0.51849479
84.794363,-0.44758387,0.16895392,-0.49583030,0.91317982,0.04824643,-0.74422590,0.74578811
84.814331,-0.44838211,0.17458360,-0.45107781,0.72332303,0.00269570,-0.54873943,0.54874606
84.834269,-0.44902104,0.18022232,-0.42289354,0.60501424,-0.02612750,-0.42479192,0.42559467
84.854297,-0.44950044,0.18586806,-0.48562456,0.83236364,0.03612412,-0.64649558,0.64750404
84.874300,-0.44982014,0.19151883,-0.41506396,0.52161275,-0.03475618,-0.33009392,0.33191865
84.894032,-0.44998001,0.19717261,-0.43581356,0.58145159,-0.01416645,-0.38427898,0.38454002
84.914298,-0.44998001,0.20282739,-0.52606565,0.93268108,0.07608564,-0.72985369,0.73380886
84.934285,-0.44982014,0.20848117,-0.47632039,0.73854094,0.02650025,-0.53005977,0.53072180
84.954337,-0.44950044,0.21413194,-0.44860573,0.63778948,-0.00089471,-0.42365754,0.42365848
84.974418,-0.44902104,0.21977768,-0.50778807,0.86787941,0.05876703,-0.64810173,0.65076064
84.994368,-0.44838211,0.22541640,-0.43802403,0.57490376,-0.01035808,-0.34948736,0.34964082
85.014386,-0.44758387,0.23104608,-0.45314727,0.62953861,0.00556340,-0.39849253,0.39853137
85.033935,-0.44662660,0.23666474,-0.53413801,0.96273243,0.08751141,-0.72606769,0.73132246
85.054358,-0.44551065,0.24227037,-0.51760088,0.91977957,0.07209023,-0.67750920,0.68133378
85.074208,-0.44423641,0.24786098,-0.51089079,0.90352772,0.06665438,-0.65566674,0.65904604
85.094309,-0.44280433,0.25343459,-0.45368081,0.65866017,0.01087648,-0.40522558,0.40537151
85.114314,-0.44121493,0.25898921,-0.52036301,0.91516018,0.07914808,-0.65617097,0.66092720
85.134423,-0.43946877,0.26452287,-0.51983733,0.90678555,0.08036856,-0.64226268,0.64727154
85.154335,-0.43756646,0.27003361,-0.46149691,0.67397557,0.02393045,-0.40394196,0.40465018
85.174593,-0.43550870,0.27551946,-0.53357111,0.97809629,0.09806241,-0.70257683,0.70938737
85.194413,-0.43329619,0.28097849,-0.53190415,1.00858376,0.09860796,-0.72760527,0.73425674
85.214341,-0.43092974,0.28640874,-0.46034596,0.74888522,0.02941622,-0.46247648,0.46341106
85.234302,-0.42841018,0.29180829,-0.49927577,0.93181981,0.07086559,-0.64001152,0.64392288
85.254360,-0.42573841,0.29717523,-0.48741769,0.89062919,0.06167928,-0.59345396,0.59665060
85.274369,-0.42291538,0.30250763,-0.42254816,0.63407749,-0.00036722,-0.33156986,0.33157007
85.294327,-0.41994208,0.30780362,-0.49773159,0.94576910,0.07778951,-0.63796548,0.64269057
85.314331,-0.41681959,0.31306130,-0.49728772,0.97433144,0.08046813,-0.66127014,0.66614812
85.334253,-0.41354900,0.31827882,-0.42889365,0.72502955,0.01534465,-0.40675073,0.40704007
85.354286,-0.41013147,0.32345431,-0.47713978,0.94437260,0.06700831,-0.62091829,0.62452353
85.374390,-0.40656823,0.32858594,-0.47070084,0.93320279,0.06413261,-0.60461685,0.60800866
85.394320,-0.40286054,0.33367188,-0.41097294,0.70753111,0.00811240,-0.37385923,0.37394724
85.414291,-0.39900972,0.33871033,-0.47865927,1.00569856,0.07964955,-0.66698823,0.67172714
85.434753,-0.39501712,0.34369949,-0.47611685,1.04004467,0.08109973,-0.69634518,0.70105191
85.454713,-0.39088418,0.34863760,-0.40621707,0.79001351,0.01533289,-0.44137591,0.44164215
85.474656,-0.38661236,0.35352290,-0.44089132,0.95838989,0.05427896,-0.60486699,0.60729752
85.494363,-0.38220318,0.35835365,-0.42857826,0.91298291,0.04637508,-0.55462926,0.55656470
85.514331,-0.37765820,0.36312814,-0.36613022,0.66193375,-0.01152798,-0.29880561,0.29902790
85.534184,-0.37297905,0.36784468,-0.44037510,0.96918286,0.06739605,-0.60133818,0.60510316
85.554242,-0.36816737,0.37250158,-0.44056403,0.99938459,0.07239666,-0.62688301,0.63104959
85.573898,-0.36322489,0.37709718,-0.37283572,0.75049213,0.00961083,-0.37339495,0.37351862
85.594275,-0.35815336,0.38162987,-0.35693936,0.70397089,-0.00121400,-0.32234102,0.32234330
85.614133,-0.35295457,0.38609803,-0.29151135,0.44124833,-0.06144322,-0.05515030,0.08256407
85.634748,-0.34763038,0.39050006,-0.39717216,0.85800649,0.04954178,-0.46750643,0.47012408
85.654717,-0.34218268,0.39483441,-0.40954319,0.93795549,0.06736051,-0.54312108,0.54728233
85.674351,-0.33661341,0.39909954,-0.33157269,0.65741633,-0.00504072,-0.25831679,0.25836597
85.694359,-0.33092454,0.40329393,-0.36878109,0.83197053,0.03785655,-0.42867660,0.43034491
85.714145,-0.32511809,0.40741609,-0.37092909,0.85392574,0.04581100,-0.44650965,0.44885356
85.733867,-0.31919613,0.41146456,-0.31056875,0.63492369,-0.00862738,-0.22345913,0.22362561
85.754185,-0.31316076,0.41543789,-0.38871517,0.98241494,0.07555441,-0.56697705,0.57198902
85.774227,-0.30701412,0.41933468,-0.38782735,1.04575252,0.08081323,-0.62641784,0.63160913
85.794269,-0.30075841,0.42315354,-0.31128407,0.78931778,0.01052566,-0.36616424,0.36631549
85.813903,-0.29439584,0.42689311,-0.33350185,0.92408098,0.03910601,-0.49718787,0.49872343
85.834667,-0.28792867,0.43055208,-0.33811483,0.97124370,0.05018616,-0.54069162,0.54301572
85.854459,-0.28135920,0.43412912,-0.27052280,0.72047716,-0.01083640,-0.28634804,0.28655301
85.874337,-0.27468976,0.43762298,-0.31745423,0.92873331,0.04276447,-0.49111033,0.49296872
85.894140,-0.26792273,0.44103242,-0.31098944,0.91016301,0.04306671,-0.46913059,0.47110323
85.914461,-0.26106050,0.44435622,-0.25106220,0.68037296,-0.00999830,-0.23601674,0.23622842
85.934241,-0.25410553,0.44759320,-0.32396106,0.99738398,0.06985553,-0.54979078,0.55421088
85.954528,-0.24706027,0.45074221,-0.32324535,1.04566218,0.07618508,-0.59491997,0.59977824
85.974331,-0.23992723,0.45380213,-0.25114293,0.79663305,0.01121570,-0.34283092,0.34301433
85.994264,-0.23270895,0.45677188,-0.28160583,0.95954347,0.04889688,-0.50277159,0.50514372
86.014553,-0.22540798,0.45965040,-0.27202412,0.94249675,0.04661614,-0.48284635,0.48509139
86.034656,-0.21802693,0.46243667,-0.21234410,0.72440457,-0.00568283,-0.26196790,0.26202953
86.054330,-0.21056842,0.46512969,-0.27872569,1.02944934,0.06815727,-0.56431965,0.56842069
86.074276,-0.20303509,0.46772851,-0.27525387,1.07928780,0.07221878,-0.61155929,0.61580867
86.094267,-0.19542962,0.47023222,-0.20323230,0.83747544,0.00780268,-0.36724322,0.36732610
86.114444,-0.18775472,0.47263990,-0.22724251,0.98051932,0.03948779,-0.50787942,0.50941220
86.134128,-0.18001311,0.47495073,-0.21950039,0.97788340,0.03948728,-0.50293267,0.50448045
86.154338,-0.17220754,0.47716386,-0.16181609,0.77438869,-0.01039145,-0.29722483,0.29740643
86.174310,-0.16434079,0.47927852,-0.22286634,1.06635897,0.05852555,-0.58708045,0.58999042
86.194077,-0.15641565,0.48129395,-0.21824431,1.11683861,0.06182866,-0.63554466,0.63854506
86.214607,-0.14843494,0.48320944,-0.14679535,0.87743923,-0.00163959,-0.39422979,0.39423320
86.234656,-0.14040148,0.48502431,-0.16597175,1.00120540,0.02557027,-0.51618109,0.51681404
86.254396,-0.13231815,0.48673790,-0.16421329,1.02719720,0.03189514,-0.54045930,0.54139962
86.274340,-0.12418780,0.48834963,-0.10082232,0.79935100,-0.02336548,-0.31100137,0.31187786
86.294507,-0.11601332,0.48985890,-0.14623337,1.01625619,0.03022005,-0.52639729,0.52726403
86.314181,-0.10779763,0.49126519,-0.13957069,1.01818892,0.03177306,-0.52692373,0.52788081
86.334148,-0.09954364,0.49256799,-0.08137252,0.80985338,-0.01817112,-0.31728539,0.31780530
86.354188,-0.09125428,0.49376684,-0.13609023,1.07299937,0.04483595,-0.57923253,0.58096521
86.374139,-0.08293250,0.49486132,-0.13164535,1.10910214,0.04871285,-0.61424082,0.61616939
86.394153,-0.07458126,0.49585104,-0.06419851,0.87406882,-0.01038275,-0.37821778,0.37836027
86.414592,-0.06620351,0.49673564,-0.09174540,1.02354718,0.02554189,-0.52681154,0.52743036
86.434679,-0.05780224,0.49751482,-0.08188788,0.99889733,0.02408564,-0.50138251,0.50196069
86.454504,-0.04938044,0.49818829,-0.02513146,0.78314490,-0.02424898,-0.28495661,0.28598651
86.474316,-0.04094109,0.49875581,-0.08651610,1.06188011,0.04557501,-0.56312430,0.56496553
86.494140,-0.03248720,0.49921719,-0.08345971,1.09932714,0.05097251,-0.60010995,0.60227083
86.514163,-0.02402176,0.49957225,-0.01622992,0.86282599,-0.00779184,-0.36325374,0.36333730
86.534127,-0.01554779,0.49982088,-0.04548439,1.01698990,0.02993660,-0.51716902,0.51803475
86.554166,-0.00706829,0.49996299,-0.03358676,0.98103178,0.02651847,-0.48106879,0.48179913
86.573902,0.00141371,0.49999852,0.02570900,0.75083554,-0.02429529,-0.25083702,0.25201086
86.595000,0.00989522,0.49992746,-0.03805546,1.03265538,0.04795068,-0.53272792,0.53488158
86.614486,0.01837321,0.49974984,-0.03580172,1.06747065,0.05417493,-0.56772081,0.57029979
86.634319,0.02684467,0.49946572,0.03119848,0.83081597,-0.00435381,-0.33135025,0.33137885
86.654686,0.03530659,0.49907520,-0.00276578,1.00343937,0.03807237,-0.50436417,0.50579909
86.674223,0.04375597,0.49857842,0.00893968,0.97284698,0.03481629,-0.47426856,0.47554478
86.694278,0.05218981,0.49797556,0.06837454,0.74701609,-0.01618473,-0.24904053,0.24956589
86.714291,0.06060510,0.49726683,0.00395074,1.03568477,0.05665436,-0.53841794,0.54139043
86.734197,0.06899885,0.49645248,0.00607599,1.07638668,0.06292286,-0.57993420,0.58333778
86.754129,0.07736810,0.49553280,0.07480281,0.83577145,0.00256529,-0.34023865,0.34024832
86.774289,0.08570985,0.49450812,0.04561766,0.98892140,0.04009219,-0.49441328,0.49603616
86.794728,0.09402115,0.49337880,0.05729101,0.95454015,0.03673014,-0.46116135,0.46262176
86.814468,0.10229905,0.49214525,0.11879651,0.71691605,-0.01649746,-0.22477080,0.22537542
86.834455,0.11054060,0.49080790,0.05334312,1.00214577,0.05719748,-0.51133787,0.51452694
86.854367,0.11874287,0.48936723,0.05654448,1.02857235,0.06219839,-0.53920512,0.54278062
86.874214,0.12690296,0.48782374,0.12364172,0.79085701,0.00326124,-0.30303327,0.30305082
86.894031,0.13501796,0.48617800,0.08219961,0.99393976,0.05281835,-0.50776176,0.51050150
86.914152,0.14308499,0.48443057,0.09222224,0.97774596,0.05086275,-0.49331539,0.49593053
86.934259,0.15110118,0.48258209,0.15257216,0.75684951,-0.00147098,-0.27426742,0.27427137
86.954557,0.15906368,0.48063321,0.09150626,1.03879883,0.06755742,-0.55816562,0.56223915
86.974570,0.16696967,0.47858462,0.09681802,1.06923858,0.07015165,-0.59065396,0.59480531
86.994306,0.17481634,0.47643705,0.16597826,0.82746131,0.00883808,-0.35102426,0.35113550
87.014285,0.18260089,0.47419127,0.13328763,0.99554347,0.04931326,-0.52135220,0.52367921
87.034374,0.19032057,0.47184806,0.14639649,0.95611581,0.04392408,-0.48426775,0.48625567
87.054193,0.19797263,0.46940827,0.20868897,0.71364914,-0.01071634,-0.24424087,0.24447585
87.073850,0.20555435,0.46687276,0.14273061,0.99923172,0.06282374,-0.53235896,0.53605306
87.094070,0.21306303,0.46424243,0.14502086,1.02720469,0.06804217,-0.56296226,0.56705930
87.114193,0.22049602,0.46151822,0.21314403,0.78161235,0.00735199,-0.32009413,0.32017855
87.134441,0.22785066,0.45870109,0.17416869,0.96789344,0.05368197,-0.50919235,0.51201426
87.154198,0.23512435,0.45579205,0.18616455,0.93170083,0.04895980,-0.47590878,0.47842056
87.174787,0.24231451,0.45279212,0.24921552,0.68735536,-0.00690101,-0.23456324,0.23466473
87.194831,0.24941857,0.44970238,0.18221140,0.97588878,0.06720717,-0.52618640,0.53046106
87.214857,0.25643401,0.44652392,0.18664229,0.99476677,0.06979172,-0.54824285,0.55266727
87.235037,0.26335834,0.44325787,0.25436634,0.75359242,0.00899200,-0.31033455,0.31046480
87.254157,0.27018910,0.43990540,0.20777919,0.97525964,0.06240991,-0.53535424,0.53897974
87.274144,0.27692387,0.43646768,0.21772913,0.96213045,0.05919474,-0.52566277,0.52898522
87.294051,0.28356024,0.43294595,0.27944169,0.73837961,0.00411855,-0.30543366,0.30546143
87.314134,0.29009587,0.42934146,0.21787963,1.02382672,0.07221624,-0.59448526,0.59885550
87.334244,0.29652843,0.42565548,0.22356106,1.05548782,0.07296737,-0.62983234,0.63404496
87.354357,0.30285563,0.42188933,0.29587781,0.80249473,0.00697782,-0.38060540,0.38066936
87.374822,0.30907523,0.41804434,0.26624029,0.95698441,0.04283494,-0.53894007,0.54063965
87.394575,0.31518502,0.41412188,0.28123663,0.90596881,0.03394839,-0.49184693,0.49301713
87.414893,0.32118282,0.41012335,0.34623623,0.64875657,-0.02505341,-0.23863322,0.23994476
87.434524,0.32706651,0.40605015,0.27328737,0.95290378,0.05377914,-0.54685363,0.54949166
87.454159,0.33283399,0.40190375,0.27468227,0.97820774,0.05815172,-0.57630399,0.57923044
87.474136,0.33848322,0.39768562,0.34397273,0.72574330,-0.00548951,-0.32805768,0.32810360
87.494190,0.34401219,0.39339725,0.29656405,0.94274681,0.04744814,-0.54934956,0.55139483
87.513946,0.34941893,0.38904016,0.30371542,0.93042554,0.04570351,-0.54138538,0.54331109
87.534208,0.35470153,0.38461591,0.36438392,0.70335944,-0.00968239,-0.31874353,0.31889056
87.554763,0.35985810,0.38012607,0.29698567,1.00327264,0.06287243,-0.62314657,0.62631030
87.574814,0.36488681,0.37557223,0.29997747,1.03965355,0.06490934,-0.66408132,0.66724600
87.594866,0.36978588,0.37095600,0.37311073,0.77872410,-0.00332485,-0.40776810,0.40778166
87.614193,0.37455357,0.36627904,0.34311574,0.92960090,0.03143783,-0.56332186,0.56419842
87.634104,0.37918819,0.36154300,0.35525148,0.88719828,0.02393671,-0.52565528,0.52620000
87.654126,0.38368807,0.35674957,0.41814485,0.63747147,-0.03445678,-0.28072190,0.28282867
87.674185,0.38805164,0.35190044,0.34097780,0.95767937,0.04707384,-0.60577893,0.60760518
87.694179,0.39227733,0.34699735,0.33922253,0.99873237,0.05305480,-0.65173502,0.65389093
87.713922,0.39636365,0.34204202,0.41276646,0.72810105,-0.01640281,-0.38605903,0.38640734
87.734324,0.40030914,0.33703623,0.43908080,0.63419551,-0.03877166,-0.29715928,0.29967796
87.754878,0.40411241,0.33198175,0.50400069,0.35452436,-0.09988828,-0.02254261,0.10240037
87.774822,0.40777209,0.32688038,0.38152432,0.81303278,0.02624777,-0.48615240,0.48686046
87.794706,0.41128690,0.32173393,0.36151719,0.90333222,0.04976971,-0.58159829,0.58372390
87.814342,0.41465558,0.31654422,0.44387309,0.58537427,-0.02921751,-0.26883005,0.27041313
87.834338,0.41787693,0.31131311,0.41055674,0.72249043,0.00732019,-0.41117732,0.41124248
87.854258,0.42094981,0.30604245,0.37740681,0.85970567,0.04354300,-0.55366322,0.55537281
87.874190,0.42387314,0.30073412,0.46656276,0.50777653,-0.04268962,-0.20704241,0.21139765
87.894307,0.42664586,0.29538999,0.44401996,0.59150227,-0.01737410,-0.29611228,0.29662154
87.913904,0.42926699,0.29001197,0.35367626,0.96581121,0.07559073,-0.67579924,0.68001366
87.934447,0.43173561,0.28460197,0.37820468,0.88985272,0.05353093,-0.60525075,0.60761339
87.954422,0.43405084,0.27916191,0.40265317,0.79423100,0.03139767,-0.51506909,0.51602518
87.974823,0.43621185,0.27369373,0.36242704,0.96035905,0.07378481,-0.68666532,0.69061817
87.994609,0.43821787,0.26819936,0.42686351,0.69246928,0.01135436,-0.42426992,0.42442183
88.014299,0.44006820,0.26268077,0.41573186,0.74059354,0.02433634,-0.47791277,0.47853200
88.034095,0.44176218,0.25713990,0.34575975,1.04506565,0.09600243,-0.78792575,0.79375277
88.054068,0.44329920,0.25157873,0.39439243,0.87976622,0.04890677,-0.62818749,0.63008840
88.074073,0.44467871,0.24599924,0.43992598,0.71546133,0.00475273,-0.46946209,0.46948615
88.094126,0.44590024,0.24040340,0.38698710,0.93441853,0.05891314,-0.69401513,0.69651113
88.114401,0.44696334,0.23479320,0.43631890,0.73885129,0.01064444,-0.50405809,0.50417047
88.134822,0.44786763,0.22917065,0.45959373,0.65094011,-0.01172610,-0.42176946,0.42193244
88.154596,0.44861280,0.22353773,0.39508789,0.90063339,0.05352491,-0.67709566,0.67920796
88.174723,0.44919858,0.21789645,0.45499844,0.64711436,-0.00579986,-0.42921791,0.42925709
88.194869,0.44962476,0.21224881,0.43838654,0.71389916,0.01123822,-0.50165035,0.50177621
88.214251,0.44989119,0.20659681,0.36702377,1.01674913,0.08286742,-0.81015232,0.81437939
88.234212,0.44999778,0.20094248,0.41617463,0.84154831,0.03382315,-0.64060583,0.64149812
88.254155,0.44994448,0.19528780,0.45562516,0.69520824,-0.00568068,-0.49992044,0.49995271
88.274151,0.44973133,0.18963481,0.40322925,0.90104661,0.04650208,-0.71141180,0.71293001
88.294228,0.44935838,0.18398549,0.46284992,0.64719990,-0.01349154,-0.46321441,0.46341084
88.314271,0.44882578,0.17834187,0.44462455,0.71719348,0.00420123,-0.53885161,0.53886799
88.334415,0.44813372,0.17270594,0.37699334,0.99841247,0.07114038,-0.82570653,0.82876548
88.354163,0.44728243,0.16707971,0.42921056,0.80246344,0.01807187,-0.63538373,0.63564068
88.374376,0.44627223,0.16146517,0.45582603,0.70285566,-0.00955380,-0.54139049,0.54147478
88.394350,0.44510347,0.15586433,0.39794201,0.92630277,0.04716146,-0.77043844,0.77188056
88.414195,0.44377656,0.15027916,0.45746615,0.66687237,-0.01368959,-0.51659321,0.51677456
88.434151,0.44229199,0.14471167,0.44032314,0.72633977,0.00196885,-0.58162810,0.58163143
88.454143,0.44065026,0.13916381,0.36894179,1.01646691,0.07170847,-0.87730310,0.88022885
88.474150,0.43885198,0.13363757,0.41666558,0.83200002,0.02218640,-0.69836245,0.69871478
88.494290,0.43689778,0.12813491,0.45065380,0.69275376,-0.01375602,-0.56461885,0.56478639
88.514274,0.43478835,0.12265778,0.39785270,0.88174734,0.03693565,-0.75908956,0.75998763
88.534808,0.43252444,0.11720814,0.46337328,0.58113946,-0.03084884,-0.46393132,0.46495582
88.554584,0.43010686,0.11178790,0.44113876,0.63742536,-0.01103190,-0.52563746,0.52575322
88.573924,0.42753646,0.10639901,0.35191481,0.97614545,0.07562165,-0.86974644,0.87302778
88.594151,0.42481416,0.10104338,0.39258653,0.80509503,0.03222763,-0.70405165,0.70478887
88.614016,0.42194092,0.09572290,0.43908560,0.60156113,-0.01714468,-0.50583823,0.50612869
88.633779,0.41891778,0.09043947,0.40115492,0.73322204,0.01776286,-0.64278257,0.64302795
88.653887,0.41574579,0.08519497,0.49495130,0.34517629,-0.07920551,-0.25998132,0.27177896
88.673868,0.41242609,0.07999126,0.44816085,0.49878563,-0.03573476,-0.41879437,0.42031618
88.693853,0.40895986,0.07483019,0.36386378,0.80877636,0.04509608,-0.73394617,0.73533030
88.713954,0.40534832,0.06971359,0.43071652,0.52793057,-0.02536820,-0.45821698,0.45891868
88.734857,0.40159277,0.06464327,0.40747687,0.61190430,-0.00588410,-0.54726103,0.54729267
88.754929,0.39769453,0.05962106,0.32227730,0.95501095,0.07541723,-0.89538989,0.89856041
88.774341,0.39365500,0.05464871,0.36991859,0.77787142,0.02373641,-0.72322271,0.72361213
88.794175,0.38947560,0.04972801,0.41716976,0.58762420,-0.02769416,-0.53789619,0.53860865
88.814166,0.38515782,0.04486070,0.35058027,0.83607525,0.03457755,-0.79121455,0.79196974
88.834143,0.38070320,0.04004851,0.39922072,0.62458039,-0.01851752,-0.58453188,0.58482512
88.854239,0.37611331,0.03529315,0.42938867,0.48746148,-0.05327536,-0.45216833,0.45529602
88.874327,0.37138980,0.03059631,0.35773814,0.73549585,0.01365166,-0.70489954,0.70503172
88.894027,0.36653433,0.02595966,0.43540400,0.38593330,-0.06886967,-0.35997364,0.36650246
88.914588,0.36154863,0.02138485,0.40784828,0.45731523,-0.04629965,-0.43593038,0.43838220
88.934424,0.35643448,0.01687349,0.30771707,0.83300180,0.04871741,-0.81612831,0.81758107
88.954365,0.35119368,0.01242720,0.36382670,0.60306283,-0.01263302,-0.59063563,0.59077071
88.973813,0.34582811,0.00804756,0.38061034,0.52988819,-0.03478223,-0.52184063,0.52299852
88.993842,0.34033967,0.00373611,0.30294569,0.81743262,0.03739398,-0.81369651,0.81455529
89.013795,0.33473031,-0.00050561,0.36759950,0.53696103,-0.03286919,-0.53746664,0.53847077
89.033842,0.32900202,-0.00467608,0.34451947,0.61286634,-0.01551745,-0.61754242,0.61773735
89.053868,0.32315683,-0.00877384,0.26206132,0.93515388,0.06109551,-0.94392772,0.94590285
89.073776,0.31719683,-0.01279742,0.31398575,0.72826389,0.00321108,-0.74106131,0.74106827
89.093963,0.31112414,-0.01674539,0.34601159,0.59082340,-0.03488745,-0.60756879,0.60856961
89.114067,0.30494090,-0.02061636,0.28447465,0.80626058,0.02046625,-0.82687694,0.82713019
89.133880,0.29864931,-0.02440894,0.35713260,0.47500495,-0.05848329,-0.49941389,0.50282654
89.154035,0.29225162,-0.02812179,0.33106446,0.53590193,-0.03881284,-0.56402372,0.56535758
89.173827,0.28575009,-0.03175359,0.23145892,0.89851635,0.05429117,-0.93026994,0.93185283
89.193774,0.27914704,-0.03530305,0.27836119,0.69003298,0.00078585,-0.72533603,0.72533646
89.213724,0.27244481,-0.03876890,0.31154426,0.53377937,-0.03909945,-0.57254827,0.57388178
89.234220,0.26564578,-0.04214993,0.24610677,0.74867816,0.01953901,-0.79082809,0.79106943
89.254294,0.25875236,-0.04544492,0.32480205,0.38094391,-0.06604969,-0.42638883,0.43147421
89.274286,0.25176702,-0.04865270,0.29198925,0.45049203,-0.04022223,-0.49914473,0.50076271
89.294777,0.24469222,-0.05177214,0.17986172,0.84258652,0.06483050,-0.89435866,0.89670531
89.314490,0.23753048,-0.05480212,0.22645863,0.62190022,0.01107185,-0.67670234,0.67679291
89.334369,0.23028435,-0.05774157,0.25710603,0.46940844,-0.02682168,-0.52715001,0.52783192
89.354458,0.22295640,-0.06058945,0.18395280,0.70886483,0.03900360,-0.76945428,0.77044219
89.374265,0.21554924,-0.06334475,0.26444794,0.33442188,-0.04889870,-0.39776663,0.40076100
89.394135,0.20806549,-0.06600648,0.23044980,0.40961440,-0.02238431,-0.47562088,0.47614733
89.414206,0.20050782,-0.06857369,0.11558185,0.81248225,0.08492597,-0.88105594,0.88513953
89.434283,0.19287890,-0.07104549,0.16510162,0.58151954,0.02777728,-0.65256503,0.65315595
89.454243,0.18518146,-0.07342098,0.18957836,0.45662922,-0.00439690,-0.53005020,0.53006844
89.474307,0.17741823,-0.07569933,0.11217651,0.71742558,0.06524172,-0.79312491,0.79580375
89.494886,0.16959195,-0.07787973,0.19142414,0.35591350,-0.02183219,-0.43379323,0.43434227
89.514352,0.16170543,-0.07996139,0.15934687,0.43370660,0.00235856,-0.51366799,0.51367341
89.534217,0.15376145,-0.08194359,0.04780712,0.83580135,0.10595433,-0.91774494,0.92384094
89.554144,0.14576284,-0.08382561,0.09608500,0.62102315,0.04967784,-0.70484876,0.70659724
89.574095,0.13771244,-0.08560679,0.13305621,0.45251876,0.00465623,-0.53812555,0.53814570
89.594204,0.12961311,-0.08728649,0.23775751,-0.01066926,-0.10814440,-0.07661723,0.13253457
89.614670,0.12146773,-0.08886413,0.18245587,0.12449051,-0.06098814,-0.21335464,0.22190033
89.634416,0.11327920,-0.09033913,0.03979392,0.61376679,0.07348528,-0.70410592,0.70793025
89.654280,0.10505041,-0.09171098,0.10310081,0.31887239,0.00194960,-0.41058337,0.41058800
89.674223,0.09678431,-0.09297918,0.06858224,0.42333008,0.02820207,-0.51630926,0.51707892
89.694213,0.08848381,-0.09414329,-0.04485569,0.85381566,0.13333950,-0.94795895,0.95729076
89.714298,0.08015188,-0.09520289,0.00143753,0.67061687,0.07871435,-0.76581976,0.76985444
89.734341,0.07179147,-0.09615760,0.06343479,0.41458649,0.00835668,-0.51074409,0.51081246
89.754694,0.06340555,-0.09700710,-0.03398607,0.77850620,0.09739162,-0.87551330,0.88091354
89.774689,0.05499711,-0.09775107,-0.02067038,0.71775306,0.07566749,-0.81550413,0.81900706
89.794362,0.04656913,-0.09838924,0.04661721,0.43503913,-0.00004808,-0.53342837,0.53342837
89.814179,0.03812459,-0.09892141,-0.06102429,0.84273710,0.09914888,-0.94165851,0.94686390
89.834348,0.02966652,-0.09934736,-0.07556327,0.90852039,0.10522979,-1.00786775,1.01334630
89.854256,0.02119790,-0.09966696,0.01060207,0.56106418,0.01059583,-0.66073114,0.66081610
89.874161,0.01272176,-0.09988009,-0.01931860,0.66501648,0.03204036,-0.76489657,0.76556734
89.893854,0.00424109,-0.09998668,-0.06999291,0.84734175,0.07423400,-0.94732843,0.95023252
89.913780,-0.00424109,-0.09998668,-0.05342083,0.76780419,0.04917974,-0.86779087,0.86918332
89.934810,-0.01272176,-0.09988009,-0.10599931,0.96481171,0.09327755,-1.06469180,1.06877001
89.954550,-0.02119790,-0.09966696,-0.04151536,0.68781033,0.02031746,-0.78747729,0.78773935
89.974810,-0.02966652,-0.09934736,-0.05710291,0.73459733,0.02743639,-0.83394469,0.83439589
89.994720,-0.03812459,-0.09892141,-0.12193657,0.98192553,0.08381198,-1.08084694,1.08409159
90.014870,-0.04656913,-0.09838924,-0.06855682,0.75214891,0.02198769,-0.85053815,0.85082231
90.034370,-0.05499711,-0.09775107,-0.05879369,0.69388574,0.00379658,-0.79163681,0.79164592
90.054367,-0.06340555,-0.09700710,-0.13076053,0.95007642,0.06735498,-1.04708352,1.04924763
90.074263,-0.07179147,-0.09615760,-0.08439009,0.72553284,0.01259862,-0.82169044,0.82178702
90.094288,-0.08015188,-0.09520289,-0.07152465,0.63667866,-0.00862723,-0.73188155,0.73193240
90.113766,-0.08848381,-0.09414329,-0.14697518,0.88609510,0.05849137,-0.98023839,0.98198195
90.134255,-0.09678431,-0.09297918,-0.15041106,0.85281263,0.05362675,-0.94579181,0.94731092
90.154054,-0.10505041,-0.09171098,-0.20130376,1.02404982,0.09625335,-1.11576080,1.11990485
90.174140,-0.11327920,-0.09033913,-0.14856285,0.76446720,0.03528365,-0.85480633,0.85553422
90.194245,-0.12146773,-0.08886413,-0.16075688,0.78099936,0.03928915,-0.86986349,0.87075033
90.213731,-0.12961311,-0.08728649,-0.23055294,1.03832570,0.10093983,-1.12561219,1.13012904
90.234843,-0.13771244,-0.08560679,-0.21358939,0.94340515,0.07587695,-1.02901194,1.03180564
90.254551,-0.14576284,-0.08382561,-0.20360224,0.85640949,0.05783940,-0.94023510,0.94201244
90.274728,-0.15376145,-0.08194359,-0.20719849,0.81376270,0.05343704,-0.89570629,0.89729887
90.294360,-0.16170543,-0.07996139,-0.15774834,0.53097949,-0.00395709,-0.61094088,0.61095369
90.313893,-0.16959195,-0.07787973,-0.22458403,0.71269033,0.05499208,-0.79057006,0.79248037
90.333974,-0.17741823,-0.07569933,-0.23570194,0.65430557,0.05828371,-0.73000490,0.73232789
90.354088,-0.18518146,-0.07342098,-0.17631487,0.33043891,-0.00886659,-0.40385989,0.40395721
90.374094,-0.19287890,-0.07104549,-0.30378200,0.74995973,0.11090310,-0.82100522,0.82846187
90.394341,-0.20050782,-0.06857369,-0.33060150,0.79801979,0.13009368,-0.86659348,0.87630396
90.414352,-0.20806549,-0.06600648,-0.25719027,0.46125434,0.04912478,-0.52726082,0.52954435
90.434426,-0.21554924,-0.06334475,-0.32806227,0.69644750,0.11251303,-0.75979225,0.76807776
90.454502,-0.22295640,-0.06058945,-0.32776503,0.64158118,0.10480863,-0.70217063,0.70994961
90.474577,-0.23028435,-0.05774157,-0.25891881,0.32661333,0.02863446,-0.38435490,0.38542005
90.494359,-0.23753048,-0.05480212,-0.38101216,0.76749268,0.14348168,-0.82229480,0.83471896
90.514344,-0.24469222,-0.05177214,-0.40001228,0.83293944,0.15532006,-0.88471158,0.89824212
90.534160,-0.25176702,-0.04865270,-0.31329975,0.48270275,0.06153273,-0.53135545,0.53490644
90.554482,-0.25875236,-0.04544492,-0.35978367,0.65575280,0.10103131,-0.70119772,0.70843882
90.574113,-0.26564578,-0.04214993,-0.37304507,0.68721505,0.10739929,-0.72936498,0.73722987
90.594256,-0.27244481,-0.03876890,-0.30062490,0.39697773,0.02818009,-0.43574663,0.43665689
90.613807,-0.27914704,-0.03530305,-0.40200032,0.79339095,0.12285328,-0.82869400,0.83775097
90.634231,-0.28575009,-0.03175359,-0.41146045,0.85155655,0.12571036,-0.88331014,0.89221068
90.655001,-0.29225162,-0.02812179,-0.32519188,0.52319065,0.03294026,-0.55131244,0.55229564
90.675019,-0.29864931,-0.02440894,-0.37006879,0.70757541,0.07141948,-0.73198435,0.73546029
90.694253,-0.30494090,-0.02061636,-0.36317781,0.66738560,0.05823691,-0.68800196,0.69046233
90.713838,-0.31112414,-0.01674539,-0.29302503,0.37705317,-0.01809911,-0.39379856,0.39421426
90.734761,-0.31719683,-0.01279742,-0.32070564,0.47408269,0.00350881,-0.48688011,0.48689275
90.754385,-0.32315683,-0.00877384,-0.24565385,0.18484746,-0.07750298,-0.19362130,0.20855675
90.774492,-0.32900202,-0.00467608,-0.37766456,0.69981788,0.04866254,-0.70449396,0.70617262
90.794241,-0.33473031,-0.00050561,-0.39313745,0.79404339,0.05840714,-0.79454900,0.79669286
90.814276,-0.34033967,0.00373611,-0.29812844,0.44765549,-0.04221123,-0.44391938,0.44592175
90.834235,-0.34582811,0.00804756,-0.34031183,0.62958476,-0.00551628,-0.62153720,0.62156168
90.854188,-0.35119368,0.01242720,-0.35313810,0.67951459,0.00194442,-0.66708739,0.66709022
90.874225,-0.35643448,0.01687349,-0.28197692,0.40483380,-0.07445756,-0.38796031,0.39504067
90.894294,-0.36154863,0.02138485,-0.38453947,0.80915769,0.02299084,-0.78777284,0.78810826
90.914129,-0.36653433,0.02595966,-0.39607881,0.87632536,0.02954448,-0.85036570,0.85087878
90.934316,-0.37138980,0.03059631,-0.31439250,0.56102106,-0.05699730,-0.53042475,0.53347831
90.954463,-0.37611331,0.03529315,-0.35834032,0.73473217,-0.01777299,-0.69943902,0.69966479
90.974253,-0.38070320,0.04004851,-0.36064273,0.72040079,-0.02006047,-0.68035228,0.68064796
90.994052,-0.38515782,0.04486070,-0.30063366,0.45897128,-0.08452416,-0.41411058,0.42264868
91.014076,-0.38947560,0.04972801,-0.40886877,0.86479170,0.01939317,-0.81506369,0.81529437
91.034136,-0.39365500,0.05464871,-0.42549708,0.93491447,0.03184208,-0.88026576,0.88084149
91.054349,-0.39769453,0.05962106,-0.34744881,0.61500822,-0.05024572,-0.55538716,0.55765539
91.074333,-0.40159277,0.06464327,-0.38175292,0.73514439,-0.01983985,-0.67050112,0.67079458
91.094678,-0.40534832,0.06971359,-0.42027209,0.86484176,0.01492377,-0.79512817,0.79526821
91.114632,-0.40895986,0.07483019,-0.33455745,0.49371052,-0.07440241,-0.41888033,0.42543677
91.134941,-0.41242609,0.07999126,-0.35862116,0.54883022,-0.05380493,-0.46883896,0.47191624
91.154364,-0.41574579,0.08519497,-0.45681728,0.90771090,0.04107149,-0.82251593,0.82354073
91.174101,-0.41891778,0.09043947,-0.41175447,0.70721429,-0.00716331,-0.61677482,0.61681641
91.194111,-0.42194092,0.09572290,-0.38769060,0.59269252,-0.03425032,-0.49696962,0.49814846
91.214152,-0.42481416,0.10104338,-0.45469612,0.82286046,0.02988196,-0.72181708,0.72243535
91.234100,-0.42753646,0.10639901,-0.38571038,0.50253101,-0.04182608,-0.39613200,0.39833401
91.254312,-0.43010686,0.11178790,-0.40952928,0.55780493,-0.02057758,-0.44601703,0.44649146
91.274306,-0.43252444,0.11720814,-0.50550457,0.91171665,0.07298013,-0.79450851,0.79785329
91.294375,-0.43478835,0.12265778,-0.45895797,0.70927110,0.02416962,-0.58661332,0.58711102
91.314725,-0.43689778,0.12813491,-0.43680053,0.61096968,-0.00009725,-0.48283477,0.48283478
91.334206,-0.43885198,0.13363757,-0.50374576,0.85108166,0.06489378,-0.71744409,0.72037297
91.354121,-0.44065026,0.13916381,-0.43748643,0.55333441,-0.00316383,-0.41417060,0.41418268
91.374297,-0.44229199,0.14471167,-0.45572932,0.60236544,0.01343733,-0.45765377,0.45785100
91.394202,-0.44377656,0.15027916,-0.54190574,0.93326431,0.09812918,-0.78298515,0.78911031
91.414404,-0.44510347,0.15586433,-0.49114145,0.72684952,0.04603798,-0.57098519,0.57283818
91.434308,-0.44627223,0.16146517,-0.46990224,0.64561601,0.02363001,-0.48415084,0.48472715
91.454304,-0.44728243,0.16707971,-0.53399365,0.89090360,0.08671122,-0.72382389,0.72899922
91.474334,-0.44813372,0.17270594,-0.46988073,0.61781032,0.02174701,-0.44510438,0.44563532
91.494155,-0.44882578,0.17834187,-0.48308887,0.66676023,0.03426309,-0.48841836,0.48961868
91.514073,-0.44935838,0.18398549,-0.55929605,0.98289868,0.10993767,-0.79891319,0.80644193
91.533770,-0.44973133,0.18963481,-0.50751668,0.79423814,0.05778535,-0.60460333,0.60735849
91.554245,-0.44994448,0.19528780,-0.47637808,0.68854545,0.02643360,-0.49325765,0.49396543
91.574273,-0.44999778,0.20094248,-0.52855951,0.90004651,0.07856173,-0.69910403,0.70350436
91.593773,-0.44989119,0.20659681,-0.45876201,0.61121851,0.00887082,-0.40462170,0.40471893
91.614703,-0.44962476,0.21224881,-0.47153071,0.66012230,0.02190595,-0.44787349,0.44840889
91.634351,-0.44919858,0.21789645,-0.54878009,0.98201509,0.09958151,-0.76411864,0.77058016
91.654404,-0.44861280,0.22353773,-0.49704319,0.79645127,0.04843039,-0.57291354,0.57495689
91.674259,-0.44786763,0.22917065,-0.46598946,0.69409405,0.01812183,-0.46492340,0.46527644
91.694154,-0.44696334,0.23479320,-0.51868646,0.91108976,0.07172312,-0.67629656,0.68008914
91.714138,-0.44590024,0.24040340,-0.45169742,0.63777010,0.00579718,-0.39736670,0.39740899
91.734094,-0.44467871,0.24599924,-0.46486051,0.69443200,0.02018180,-0.44843276,0.44888668
91.754205,-0.44329920,0.25157873,-0.53938661,1.01515873,0.09608741,-0.76358000,0.76960198
91.774365,-0.44176218,0.25713990,-0.48948467,0.84613367,0.04772249,-0.58899377,0.59092394
91.794868,-0.44006820,0.26268077,-0.45210146,0.72248068,0.01203326,-0.45979991,0.45995734
91.814471,-0.43821787,0.26819936,-0.49886765,0.91977571,0.06064978,-0.65157635,0.65439296
91.834989,-0.43621185,0.27369373,-0.43138467,0.64576741,-0.00482718,-0.37207368,0.37210499
91.854334,-0.43405084,0.27916191,-0.44248550,0.69550128,0.00843466,-0.41633937,0.41642480
91.874145,-0.43173561,0.28460197,-0.51615110,1.01384113,0.08441549,-0.72923916,0.73410880
91.894038,-0.42926699,0.29001197,-0.46595168,0.84450037,0.03668469,-0.55448840,0.55570059
91.914031,-0.42664586,0.29538999,-0.43072887,0.73163266,0.00408301,-0.43624267,0.43626178
91.934186,-0.42387314,0.30073412,-0.47688885,0.92896447,0.05301571,-0.62823035,0.63046335
91.954177,-0.42094981,0.30604245,-0.40827821,0.65234899,-0.01267160,-0.34630654,0.34653830
91.974469,-0.41787693,0.31131311,-0.41956874,0.70375683,0.00169181,-0.39244372,0.39244737
91.994726,-0.41465558,0.31654422,-0.49270837,1.02277088,0.07805279,-0.70622666,0.71052680
92.014259,-0.41128690,0.32173393,-0.44323388,0.85929064,0.03194698,-0.53755671,0.53850517
92.034330,-0.40777209,0.32688038,-0.40574703,0.73838566,-0.00202506,-0.41150528,0.41151026
92.054281,-0.40411241,0.33198175,-0.45277309,0.94177731,0.04866068,-0.60979556,0.61173400
92.074123,-0.40030914,0.33703623,-0.38892110,0.68859114,-0.01138804,-0.35155491,0.35173931
92.093911,-0.39636365,0.34204202,-0.39984057,0.74770316,0.00347692,-0.40566114,0.40567604
92.113966,-0.39227733,0.34699735,-0.46833557,1.06084738,0.07605824,-0.71385003,0.71789047
92.134256,-0.38805164,0.35190044,-0.42005443,0.91244449,0.03200279,-0.56054405,0.56145687
92.154292,-0.38368807,0.35674957,-0.37778085,0.77654026,-0.00590722,-0.41979069,0.41983225
92.174297,-0.37918819,0.36154300,-0.42553636,0.99233029,0.04634817,-0.63078729,0.63248776
92.194849,-0.37455357,0.36627904,-0.37570975,0.80921309,0.00115618,-0.44293405,0.44293555
92.214860,-0.36978588,0.37095600,-0.35642678,0.75388304,-0.01335910,-0.38292704,0.38316000
92.234379,-0.36488681,0.37557223,-0.41277442,0.99405196,0.04788761,-0.61847973,0.62033088
92.254173,-0.35985810,0.38012607,-0.35632920,0.77373853,-0.00352890,-0.39361246,0.39362827
92.274259,-0.35470153,0.38461591,-0.36283640,0.82481475,0.00813487,-0.44019884,0.44027400
92.294067,-0.34941893,0.38904016,-0.42327924,1.11544087,0.07386031,-0.72640071,0.73014611
92.314149,-0.34401219,0.39339725,-0.37618164,0.97498650,0.03216945,-0.58158925,0.58247826
92.334269,-0.33848322,0.39768562,-0.33185601,0.82937775,-0.00662721,-0.43169213,0.43174300
92.354325,-0.33283399,0.40190375,-0.37739928,1.03982542,0.04456529,-0.63792167,0.63947644
92.374920,-0.32706651,0.40605015,-0.33445657,0.88930743,0.00739006,-0.48325728,0.48331378
92.394798,-0.32118282,0.41012335,-0.29665562,0.75610096,-0.02452720,-0.34597761,0.34684591
92.415156,-0.31518502,0.41412188,-0.35020322,0.98048023,0.03501820,-0.56635835,0.56743992
92.434304,-0.30907523,0.41804434,-0.30328677,0.79689158,-0.00578846,-0.37884724,0.37889146
92.454224,-0.30285563,0.42188933,-0.28623217,0.74341230,-0.01662346,-0.32152297,0.32195242
92.474178,-0.29652843,0.42565548,-0.34449417,0.98639420,0.04796574,-0.56073872,0.56278648
92.494140,-0.29009587,0.42934146,-0.28809252,0.76217207,-0.00200335,-0.33283061,0.33283664
92.514132,-0.28356024,0.43294595,-0.29718848,0.82054701,0.01362824,-0.38760106,0.38784057
92.534182,-0.27692387,0.43646768,-0.35810278,1.11230715,0.08117891,-0.67583947,0.68069744
92.554827,-0.27018910,0.43990540,-0.31034681,0.96884800,0.04015771,-0.52894260,0.53046481
92.574780,-0.26335834,0.44325787,-0.26882243,0.83819671,0.00546409,-0.39493884,0.39497664
92.594791,-0.25643401,0.44652392,-0.31162003,1.03769853,0.05518602,-0.59117461,0.59374483
92.614620,-0.24941857,0.44970238,-0.26291273,0.85978404,0.01349416,-0.41008166,0.41030362
92.634410,-0.24231451,0.45279212,-0.24196366,0.80040944,-0.00035085,-0.34761732,0.34761750
92.654140,-0.23512435,0.45579205,-0.29162104,1.01715714,0.05649669,-0.56136509,0.56420089
92.674304,-0.22785066,0.45870109,-0.23256284,0.78416295,0.00471218,-0.32546186,0.32549597
92.694198,-0.22049602,0.46151822,-0.23573616,0.81894996,0.01524014,-0.35743174,0.35775650
92.714279,-0.21306303,0.46424243,-0.29401625,1.09401793,0.08095322,-0.62977550,0.63495717
92.734391,-0.20555435,0.46687276,-0.24387637,0.93171524,0.03832202,-0.46484248,0.46641945
92.755048,-0.19797263,0.46940827,-0.21081973,0.83560710,0.01284710,-0.36619883,0.36642412
92.774764,-0.19032057,0.47184806,-0.25015587,1.01587966,0.05983530,-0.54403160,0.54731220
92.794859,-0.18260089,0.47419127,-0.18612321,0.76200343,0.00352232,-0.28781216,0.28783371
92.814625,-0.17481634,0.47643705,-0.18956678,0.79333974,0.01475044,-0.31690269,0.31724579
92.834136,-0.16696967,0.47858462,-0.24944713,1.06920309,0.08247746,-0.59061847,0.59634949
92.854097,-0.15906368,0.48063321,-0.19742222,0.89412281,0.03835854,-0.41348960,0.41526501
92.874202,-0.15110118,0.48258209,-0.17163621,0.82802630,0.02053503,-0.34544421,0.34605403
92.894151,-0.14308499,0.48443057,-0.21485866,1.03212575,0.07177367,-0.54769518,0.55237801
92.913999,-0.13501796,0.48617800,-0.15233528,0.79506598,0.01731732,-0.30888798,0.30937303
92.934237,-0.12690296,0.48782374,-0.14756166,0.81431138,0.02065870,-0.32648764,0.32714058
92.954682,-0.11874287,0.48936723,-0.19392612,1.06149989,0.07518325,-0.57213266,0.57705139
92.974902,-0.11054060,0.49080790,-0.13295739,0.86764553,0.02241679,-0.37683763,0.37750379
92.994536,-0.10229905,0.49214525,-0.11790719,0.86215696,0.01560814,-0.37001171,0.37034076
93.014392,-0.09402115,0.49337880,-0.16283741,1.10279791,0.06881626,-0.60941911,0.61329221
93.034183,-0.08570985,0.49450812,-0.10596720,0.92079800,0.02025735,-0.42628988,0.42677092
93.054162,-0.07736810,0.49553280,-0.08398523,0.88010815,0.00661713,-0.38457535,0.38463228
93.074278,-0.06899885,0.49645248,-0.12415923,1.08512500,0.05516038,-0.58867252,0.59125122
93.094315,-0.06060510,0.49726683,-0.06413807,0.86799045,0.00353297,-0.37072362,0.37074046
93.113954,-0.05218981,0.49797556,-0.06143649,0.89581109,0.00924668,-0.39783553,0.39794297
93.134587,-0.04375597,0.49857842,-0.10661227,1.13897252,0.06285630,-0.64039410,0.64347146
93.154753,-0.03530659,0.49907520,-0.04938892,0.96308904,0.01408233,-0.46401384,0.46422748
93.174754,-0.02684467,0.49946572,-0.02255739,0.90534082,-0.00428728,-0.40587510,0.40589774
93.194267,-0.01837321,0.49974984,-0.05859717,1.09286019,0.04022396,-0.59311035,0.59447276
93.214375,-0.00989522,0.49992746,0.00190377,0.86897935,-0.01179899,-0.36905189,0.36924045
93.234219,-0.00141371,0.49999852,0.00436090,0.89302040,-0.00577461,-0.39302188,0.39306430
93.254159,0.00706829,0.49996299,-0.04369283,1.13596076,0.05076112,-0.63599777,0.63802026
93.274241,0.01554779,0.49982088,0.00887898,0.96224175,0.00666881,-0.46242087,0.46246895
93.294313,0.02402176,0.49957225,0.03586710,0.89095866,-0.01184534,-0.39138641,0.39156562
93.314241,0.03248720,0.49921719,-0.00156490,1.07013283,0.03405210,-0.57091564,0.57193025
93.334629,0.04094109,0.49875581,0.05980832,0.82978852,-0.01886723,-0.33103271,0.33156994
93.354834,0.04938044,0.49818829,0.06062825,0.84801484,-0.01124781,-0.34982655,0.35000733
93.374323,0.05780224,0.49751482,0.00747570,1.09849727,0.05032654,-0.60098245,0.60308595
93.394356,0.06620351,0.49673564,0.06053715,0.91479841,0.00566636,-0.41806277,0.41810117
93.414506,0.07458126,0.49585104,0.08246579,0.86159290,-0.00788453,-0.36574186,0.36582683
93.434328,0.08293250,0.49486132,0.04013856,1.06299375,0.04279394,-0.56813243,0.56974185
93.454274,0.09125428,0.49376684,0.10020660,0.83593286,-0.00895232,-0.34216602,0.34228311
93.474258,0.09954364,0.49256799,0.10046771,0.86573077,-0.00092407,-0.37316278,0.37316393
93.494378,0.10779763,0.49126519,0.04895288,1.12150699,0.05884475,-0.63024180,0.63298296
93.514288,0.11601332,0.48985890,0.10113527,0.95256598,0.01487805,-0.46270708,0.46294621
93.534788,0.12418780,0.48834963,0.13210181,0.86596541,-0.00791401,-0.37761578,0.37769870
93.554335,0.13231815,0.48673790,0.09452784,1.04295518,0.03779031,-0.55621728,0.55749957
93.574356,0.14040148,0.48502431,0.15859385,0.79024803,-0.01819237,-0.30522372,0.30576541
93.594354,0.14843494,0.48320944,0.15750651,0.81268648,-0.00907157,-0.32947704,0.32960190
93.614442,0.15641565,0.48129395,0.10021452,1.07628315,0.05620113,-0.59498920,0.59763761
93.634184,0.16434079,0.47927852,0.15182660,0.89912907,0.01251419,-0.41985055,0.42003701
93.654301,0.17220754,0.47716386,0.17629743,0.83574207,-0.00408989,-0.35857821,0.35860153
93.674179,0.18001311,0.47495073,0.13313713,1.03745872,0.04687598,-0.56250799,0.56445779
93.694270,0.18775472,0.47263990,0.19377484,0.80641776,-0.00602012,-0.33377786,0.33383214
93.714322,0.19542962,0.47023222,0.19225115,0.84053097,0.00317847,-0.37029875,0.37031239
93.734694,0.20303509,0.46772851,0.13816618,1.10376578,0.06486891,-0.63603727,0.63933667
93.754483,0.21056842,0.46512969,0.19016791,0.93549635,0.02040051,-0.47036666,0.47080886
93.774380,0.21802693,0.46243667,0.22224524,0.84276595,-0.00421831,-0.38032928,0.38035267
93.794142,0.22540798,0.45965040,0.18334388,1.02153011,0.04206410,-0.56187971,0.56345204
93.814190,0.23270895,0.45677188,0.24589475,0.77334998,-0.01318580,-0.31657810,0.31685258
93.834191,0.23992723,0.45380213,0.24116444,0.80814889,-0.00123721,-0.35434676,0.35434892
93.854285,0.24706027,0.45074221,0.18105904,1.08390154,0.06600123,-0.63315933,0.63659006
93.874214,0.25410553,0.44759320,0.23119860,0.91427008,0.02290693,-0.46667688,0.46723874
93.894168,0.26106050,0.44435622,0.26225072,0.81927511,-0.00119022,-0.37491889,0.37492078
93.914820,0.26792273,0.44103242,0.21870130,1.01037995,0.04922143,-0.56934753,0.57147123
93.934854,0.27468976,0.43762298,0.28038398,0.75992232,-0.00569422,-0.32229934,0.32234964
93.954963,0.28135920,0.43412912,0.27400951,0.79833151,0.00734969,-0.36420239,0.36427654
93.974338,0.28792867,0.43055208,0.21199524,1.08065582,0.07593343,-0.65010374,0.65452330
93.994190,0.29439584,0.42689311,0.26041231,0.92048098,0.03398353,-0.49358787,0.49475637
94.014069,0.30075841,0.42315354,0.29676616,0.80276317,0.00399225,-0.37960963,0.37963062
94.034265,0.30701412,0.41933468,0.25266942,0.99465882,0.05434470,-0.57532414,0.57788512
94.054278,0.31316076,0.41543789,0.31109745,0.76097857,0.00206331,-0.34554068,0.34554684
94.074248,0.31919613,0.41146456,0.30289419,0.81266080,0.01630194,-0.40119624,0.40152730
94.094371,0.32511809,0.40741609,0.24127987,1.10162460,0.08383822,-0.69420851,0.69925267
94.114376,0.33092454,0.40329393,0.28912196,0.95019337,0.04180258,-0.54689944,0.54849472
94.134747,0.33661341,0.39909954,0.33134316,0.80872097,0.00527025,-0.40962143,0.40965533
94.154157,0.34218268,0.39483441,0.28587051,1.00950429,0.05631217,-0.61466988,0.61724397
94.174388,0.34763038,0.39050006,0.33552509,0.81901005,0.01210529,-0.42850999,0.42868094
94.194160,0.35295457,0.38609803,0.35364819,0.76245036,-0.00069362,-0.37635233,0.37635297
94.214203,0.35815336,0.38162987,0.29808906,0.99364405,0.06006430,-0.61201418,0.61495454
94.234194,0.36322489,0.37709718,0.35415659,0.76720894,0.00906830,-0.39011176,0.39021714
94.254552,0.36816737,0.37250158,0.34625267,0.81640814,0.02191470,-0.44390656,0.44444717
94.274304,0.37297905,0.36784468,0.28498461,1.10238643,0.08799444,-0.73454175,0.73979362
94.294419,0.37765820,0.36312814,0.33216338,0.95381121,0.04549482,-0.59068307,0.59243250
94.314862,0.38220318,0.35835365,0.37684725,0.80052019,0.00535593,-0.44216654,0.44219897
94.334531,0.38661236,0.35352290,0.32959899,1.00910564,0.05701337,-0.65558274,0.65805718
94.354889,0.39088418,0.34863760,0.37480874,0.84004257,0.01607544,-0.49140497,0.49166784
94.374231,0.39501712,0.34369949,0.41007348,0.70989460,-0.01505636,-0.36619511,0.36650451
94.394221,0.39900972,0.33871033,0.35826807,0.91393496,0.04074165,-0.57522463,0.57666564
94.414182,0.40286054,0.33367188,0.42074730,0.64979215,-0.01788676,-0.31612027,0.31662590
94.434157,0.40656823,0.32858594,0.40701209,0.70490307,-0.00044386,-0.37631713,0.37631739
94.454284,0.41013147,0.32345431,0.33281098,1.02148251,0.07732049,-0.69802820,0.70229754
94.474290,0.41354900,0.31827882,0.38008152,0.85914493,0.03346748,-0.54086611,0.54190056
94.494679,0.41681959,0.31306130,0.42190538,0.71002208,-0.00508579,-0.39696078,0.39699336
94.514707,0.41994208,0.30780362,0.36894044,0.92846765,0.05100164,-0.62066403,0.62275598
94.534371,0.42291538,0.30250763,0.42320628,0.71123746,-0.00029090,-0.40872983,0.40872993
94.554329,0.42573841,0.29717523,0.43042214,0.69297976,-0.00468373,-0.39580453,0.39583225
94.574078,0.42841018,0.29180829,0.36257157,0.97435101,0.06583861,-0.68254272,0.68571079
94.594111,0.43092974,0.28640874,0.41614881,0.76858635,0.01478093,-0.48217761,0.48240411
94.613775,0.43329619,0.28097849,0.43267452,0.71765467,0.00062167,-0.43667618,0.43667663
94.634375,0.43550870,0.27551946,0.37168750,0.96937177,0.06382120,-0.69385231,0.69678130
94.654341,0.43756646,0.27003361,0.42888341,0.74126289,0.00868305,-0.47122928,0.47130927
94.674172,0.43946877,0.26452287,0.43133675,0.74374524,0.00813202,-0.47922237,0.47929137
94.694672,0.44121493,0.25898921,0.36692582,1.02034542,0.07428911,-0.76135621,0.76497199
94.714688,0.44280433,0.25343459,0.41898695,0.82755086,0.02381738,-0.57411627,0.57461009
94.734815,0.44423641,0.24786098,0.44633225,0.73226282,-0.00209584,-0.48440184,0.48440637
94.754435,0.44551065,0.24227037,0.39370833,0.94266071,0.05180232,-0.70039034,0.70230343
94.774143,0.44662660,0.23666474,0.45788516,0.67218187,-0.01125856,-0.43551713,0.43566262
94.794145,0.44758387,0.23104608,0.44664735,0.71508950,0.00093652,-0.48404342,0.48404433
94.813983,0.44838211,0.22541640,0.37441164,1.01819485,0.07397047,-0.79277845,0.79622189
94.834245,0.44902104,0.21977768,0.39640594,0.94773560,0.05261510,-0.72795792,0.72985689
94.854242,0.44950044,0.21413194,0.41149799,0.88325781,0.03800245,-0.66912587,0.67020416
94.874784,0.44982014,0.20848117,0.42819784,0.79400302,0.02162230,-0.58552185,0.58592095
94.894673,0.44998001,0.20282739,0.40688704,0.86207987,0.04309297,-0.65925248,0.66065939
94.914409,0.44998001,0.19717261,0.45777784,0.61757445,-0.00779783,-0.42040184,0.42047415
94.934331,0.44982014,0.19151883,0.44438278,0.64597227,0.00543736,-0.45445344,0.45448597
94.954180,0.44950044,0.18586806,0.36470390,0.95219971,0.08479654,-0.76633165,0.77100885
94.974131,0.44902104,0.18022232,0.41843933,0.73290259,0.03058171,-0.55268027,0.55352572
94.994116,0.44838211,0.17458360,0.43716834,0.66152074,0.01121377,-0.48693714,0.48706624
95.014231,0.44758387,0.16895392,0.37325915,0.90786748,0.07432472,-0.73891356,0.74264218
95.034442,0.44662660,0.16333526,0.43589442,0.64251410,0.01073218,-0.47917884,0.47929901
95.054448,0.44551065,0.15772963,0.42405311,0.68858872,0.02145754,-0.53085909,0.53129258
95.074276,0.44423641,0.15213902,0.35009654,0.99834590,0.09413987,-0.84620688,0.85142727
95.094256,0.44280433,0.14656541,0.40203669,0.80939285,0.04076764,-0.66282744,0.66407998
95.113952,0.44121493,0.14101079,0.44186981,0.66031704,-0.00065488,-0.51930625,0.51930666
95.133826,0.43946877,0.13547713,0.38995217,0.85955681,0.04951660,-0.72407968,0.72577082
95.154414,0.43756646,0.12996639,0.39807690,0.81489481,0.03948956,-0.68492842,0.68606586
95.174282,0.43550870,0.12448054,0.34609153,1.01857829,0.08941717,-0.89409775,0.89855786
95.194323,0.43329619,0.11902151,0.40275230,0.77162169,0.03054389,-0.65260018,0.65331457
95.213968,0.43092974,0.11359126,0.40241654,0.76551323,0.02851320,-0.65192197,0.65254521
95.233826,0.42841018,0.10819171,0.33847295,1.01937846,0.08993723,-0.91118675,0.91561455
95.253823,0.42573841,0.10282477,0.38966404,0.80560928,0.03607437,-0.70278451,0.70370976
95.274098,0.42291538,0.09749237,0.41227674,0.70839957,0.01063864,-0.61090720,0.61099983
95.294254,0.41994208,0.09219638,0.35439179,0.91762721,0.06555029,-0.82543083,0.82802953
95.314561,0.41681959,0.08693870,0.41697550,0.63219484,-0.00015591,-0.54525614,0.54525617
95.334610,0.41354900,0.08172118,0.40142054,0.67046626,0.01212846,-0.58874508,0.58887000
95.354718,0.41013147,0.07654569,0.32195440,0.97749223,0.08817707,-0.90094654,0.90525127
95.374722,0.40656823,0.07141406,0.37053942,0.77741101,0.03602881,-0.70599695,0.70691568
95.394631,0.40286054,0.06632812,0.40521967,0.62874990,-0.00235913,-0.56242178,0.56242673
95.414206,0.39900972,0.06128967,0.34892452,0.82331095,0.05008520,-0.76202128,0.76366547
95.434056,0.39501712,0.05630051,0.42161594,0.49077371,-0.02659882,-0.43447320,0.43528664
95.454200,0.39088418,0.05136240,0.39836976,0.54297246,-0.00748558,-0.49161006,0.49166705
95.474244,0.38661236,0.04647710,0.30011703,0.90337666,0.08649533,-0.85689956,0.86125391
95.494217,0.38220318,0.04164635,0.34654187,0.70008586,0.03566131,-0.65843951,0.65940451
95.513836,0.37765820,0.03687186,0.38315054,0.53581590,-0.00549234,-0.49894404,0.49897427
95.534287,0.37297905,0.03215532,0.33248955,0.71344318,0.04048950,-0.68128786,0.68248997
95.554443,0.36816737,0.02749842,0.43595468,0.28136901,-0.06778731,-0.25387059,0.26276490
95.574346,0.36322489,0.02290282,0.40713522,0.35505262,-0.04391033,-0.33214980,0.33503971
95.594344,0.35815336,0.01837013,0.28776809,0.79088461,0.07038527,-0.77251448,0.77571432
95.613732,0.35295457,0.01390197,0.33799515,0.57546503,0.01495942,-0.56156306,0.56176227
95.634094,0.34763038,0.00949994,0.35289079,0.49653014,-0.00526041,-0.48703020,0.48705861
95.654759,0.34218268,0.00516559,0.35754569,0.44065729,-0.01536301,-0.43549170,0.43576260
95.674723,0.33661341,0.00090046,0.26587649,0.75983055,0.07073692,-0.75893009,0.76221952
95.694280,0.33092454,-0.00329393,0.33115969,0.46338430,-0.00023515,-0.46667823,0.46667829
95.714200,0.32511809,-0.00741609,0.30480534,0.54303620,0.02031275,-0.55045229,0.55082695
95.734477,0.31919613,-0.01146456,0.20602702,0.92494805,0.11316911,-0.93641261,0.94322629
95.754289,0.31316076,-0.01543789,0.25014612,0.75282116,0.06301464,-0.76825905,0.77083903
95.774287,0.30701412,-0.01933468,0.30916477,0.50896912,-0.00215065,-0.52830380,0.52830817
95.794288,0.30075841,-0.02315354,0.22224467,0.83654583,0.07851374,-0.85969937,0.86327714
95.813893,0.29439584,-0.02689311,0.23679100,0.77254308,0.05760484,-0.79943619,0.80150891
95.834224,0.28792867,-0.03055208,0.30007443,0.50246042,-0.01214576,-0.53301250,0.53315086
95.854239,0.28135920,-0.03412912,0.20298898,0.86634122,0.07837022,-0.90047034,0.90387429
95.874247,0.27468976,-0.03762298,0.19664897,0.89045490,0.07804079,-0.92807788,0.93135328
95.894231,0.26792273,-0.04103242,0.27072646,0.58563381,-0.00280373,-0.62666623,0.62667251
95.914369,0.26106050,-0.04435622,0.21372590,0.79652212,0.04733460,-0.84087834,0.84220956
95.934850,0.25410553,-0.04759320,0.21405147,0.76091432,0.04005406,-0.80850752,0.80949907
95.954641,0.24706027,-0.05074221,0.27261735,0.49542725,-0.02555708,-0.54616946,0.54676708
95.974323,0.23992723,-0.05380213,0.17139287,0.86715857,0.06853436,-0.92096070,0.92350721
95.994160,0.23270895,-0.05677188,0.15973576,0.90583037,0.07297319,-0.96260225,0.96536427
96.013907,0.22540798,-0.05965040,0.23672509,0.58174576,-0.01131711,-0.64139616,0.64149599
96.033758,0.21802693,-0.06243667,0.19017813,0.74388900,0.02784880,-0.80632567,0.80680644
96.054008,0.21056842,-0.06512969,0.18675587,0.71238426,0.02381255,-0.77751395,0.77787852
96.074662,0.20303509,-0.06772851,0.24577160,0.43836298,-0.04273651,-0.50609149,0.50789272
96.094427,0.19542962,-0.07023222,0.13430657,0.84287801,0.06112305,-0.91311023,0.91515372
96.113964,0.18775472,-0.07263990,0.11506774,0.91042439,0.07268698,-0.98306429,0.98574784
96.134286,0.18001311,-0.07495073,0.19774512,0.56297348,-0.01773201,-0.63792421,0.63817061
96.154329,0.17220754,-0.07716386,0.16545675,0.66538840,0.00675079,-0.74255226,0.74258295
96.174269,0.16434079,-0.07927852,0.11088400,0.85514201,0.05345679,-0.93442053,0.93594837
96.194267,0.15641565,-0.08129395,0.18842966,0.51787333,-0.03201401,-0.59916728,0.60002194
96.213781,0.14843494,-0.08320944,0.16261383,0.58629936,-0.01417889,-0.66950880,0.66965892
96.234360,0.14040148,-0.08502431,0.06536225,0.95312115,0.07503923,-1.03814546,1.04085392
96.254271,0.13231815,-0.08673790,0.10597746,0.78286337,0.02634069,-0.86960127,0.87000012
96.274315,0.12418780,-0.08834963,0.16414098,0.52667815,-0.03995318,-0.61502778,0.61632413
96.294265,0.11601332,-0.08985890,0.07256816,0.86102313,0.04344516,-0.95088203,0.95187400
96.313853,0.10779763,-0.09126519,0.07429429,0.83895822,0.03350334,-0.93022341,0.93082655
96.334254,0.09954364,-0.09256799,0.12391067,0.61712676,-0.02436703,-0.70969475,0.71011295
96.354305,0.09125428,-0.09376684,0.05183318,0.87291242,0.03942110,-0.96667926,0.96748272
96.374298,0.08293250,-0.09486132,0.07985582,0.73263365,0.00307668,-0.82749497,0.82750068
96.394379,0.07458126,-0.09585104,0.14979409,0.40957604,-0.07521283,-0.50542708,0.51099267
96.414344,0.06620351,-0.09673564,0.03538674,0.81261131,0.03081677,-0.90934695,0.90986897
96.434362,0.05780224,-0.09751482,0.01263072,0.87854036,0.04517152,-0.97605518,0.97709989
96.454360,0.04938044,-0.09818829,0.09353456,0.52656300,-0.04415412,-0.62475129,0.62630964
96.474488,0.04094109,-0.09875581,0.05285882,0.65052991,-0.01191773,-0.74928572,0.74938050
96.494304,0.03248720,-0.09921719,0.00318637,0.80438829,0.02930083,-0.90360548,0.90408042
96.514225,0.02402176,-0.09957225,0.09038295,0.41291391,-0.06636119,-0.51248616,0.51676482
96.534411,0.01554779,-0.09982088,0.06133422,0.47224435,-0.04578643,-0.57206523,0.57389461
96.554314,0.00706829,-0.09996299,-0.05077538,0.86809925,0.05784367,-0.96806224,0.96978884
96.574250,-0.00141371,-0.09999852,-0.01022631,0.67530132,0.00881260,-0.77529984,0.77534992
96.594296,-0.00989522,-0.09992746,-0.05081071,0.80849670,0.04091549,-0.90842416,0.90934511
96.614549,-0.01837321,-0.09974984,-0.05670639,0.77929547,0.03833318,-0.87904531,0.87988073
96.634317,-0.02684467,-0.09946572,-0.00185058,0.51386193,-0.02499409,-0.61332765,0.61383671
96.654358,-0.03530659,-0.09907520,-0.10414539,0.87934003,0.06883880,-0.97841523,0.98083391
96.674375,-0.04375597,-0.09857842,-0.11995868,0.92423783,0.07620271,-1.02281625,1.02565098
96.694593,-0.05218981,-0.09797556,-0.04347653,0.59126169,-0.00871328,-0.68923725,0.68929233
96.714154,-0.06060510,-0.09726683,-0.08465644,0.72132850,0.02405134,-0.81859533,0.81894859
96.734422,-0.06899885,-0.09645248,-0.11190286,0.78313517,0.04290401,-0.87958765,0.88063341
96.754226,-0.07736810,-0.09553280,-0.03304979,0.43017712,-0.04431831,-0.52570992,0.52757467
96.774174,-0.08570985,-0.09450812,-0.09955029,0.64532693,0.01384044,-0.73983505,0.73996449
96.794490,-0.09402115,-0.09337880,-0.09892011,0.57461154,0.00489896,-0.66799034,0.66800830
96.814455,-0.10229905,-0.09214525,-0.03018547,0.23726384,-0.07211358,-0.32940909,0.33721020
96.834413,-0.11054060,-0.09080790,-0.16921912,0.71026590,0.05867852,-0.80107380,0.80322002
96.854383,-0.11874287,-0.08936723,-0.19742119,0.77509192,0.07867832,-0.86445915,0.86803220
96.874352,-0.12690296,-0.08782374,-0.11776457,0.41911838,-0.00913839,-0.50694212,0.50702448
96.894332,-0.13501796,-0.08617800,-0.18332158,0.63119560,0.04830362,-0.71737360,0.71899799
96.914251,-0.14308499,-0.08443057,-0.17857569,0.54541871,0.03549070,-0.62984928,0.63084840
96.934306,-0.15110118,-0.08258209,-0.10494817,0.18937028,-0.04615301,-0.27195237,0.27584088
96.954306,-0.15906368,-0.08063321,-0.24576641,0.66681230,0.08670273,-0.74744551,0.75245741
96.974313,-0.16696967,-0.07858462,-0.27126550,0.71844657,0.10429583,-0.79703119,0.80382606
96.994675,-0.17481634,-0.07643705,-0.19696077,0.38732865,0.02214443,-0.46376570,0.46429408
97.014298,-0.18260089,-0.07419127,-0.28504905,0.69149526,0.10244816,-0.76568653,0.77250987
97.034378,-0.19032057,-0.07184806,-0.28877043,0.66349213,0.09844986,-0.73534019,0.74190132
97.054371,-0.19797263,-0.06940827,-0.22034032,0.36013759,0.02236769,-0.42954586,0.43012784
97.074284,-0.20555435,-0.06687276,-0.33558773,0.78186268,0.13003338,-0.84873544,0.85863877
97.094363,-0.21306303,-0.06424243,-0.35145891,0.83756361,0.13839588,-0.90180604,0.91236372
97.113748,-0.22049602,-0.06151822,-0.26609931,0.49338259,0.04560329,-0.55490081,0.55677156
97.134408,-0.22785066,-0.05870109,-0.24122150,0.37831865,0.01337084,-0.43701974,0.43722424
97.154353,-0.23512435,-0.05579205,-0.18952507,0.12902781,-0.04559928,-0.18481986,0.19036196
97.174285,-0.24231451,-0.05279212,-0.30779532,0.52917776,0.06548081,-0.58196988,0.58564211
97.194449,-0.24941857,-0.04970238,-0.26177102,0.29823745,0.01235245,-0.34793983,0.34815903
97.214314,-0.25643401,-0.04652392,-0.23283984,0.13916651,-0.02359417,-0.18569043,0.18718338
97.234174,-0.26335834,-0.04325787,-0.32833905,0.44809682,0.06498071,-0.49135469,0.49563285
97.254337,-0.27018910,-0.03990540,-0.21519764,-0.05166320,-0.05499146,0.01175780,0.05623439
97.274377,-0.27692387,-0.03646768,-0.25453076,0.02452031,-0.02239311,-0.06098799,0.06496912
97.294419,-0.28356024,-0.03294595,-0.38591152,0.46476874,0.10235128,-0.49771469,0.50812960
97.314081,-0.29009587,-0.02934146,-0.28944416,0.03851570,-0.00065171,-0.06785716,0.06786029
97.334322,-0.29652843,-0.02565548,-0.32692553,0.13296968,0.03039710,-0.15862516,0.16151138
97.354339,-0.30285563,-0.02188933,-0.45448905,0.58840828,0.15163342,-0.61029761,0.62885282
97.374337,-0.30907523,-0.01804434,-0.37356391,0.25003118,0.06448868,-0.26807552,0.27572319
97.394428,-0.31518502,-0.01412188,-0.40213199,0.35206509,0.08694697,-0.36618697,0.37636774
97.414274,-0.32118282,-0.01012335,-0.51191500,0.78858007,0.19073218,-0.79870342,0.82116133
97.434370,-0.32706651,-0.00605015,-0.44963023,0.56772610,0.12256372,-0.57377625,0.58672059
97.454320,-0.33283399,-0.00190375,-0.41664394,0.46701193,0.08380995,-0.46891568,0.47634654
97.474367,-0.33848322,0.00231438,-0.48513432,0.75275828,0.14665110,-0.75044390,0.76463886
97.494375,-0.34401219,0.00660275,-0.40194329,0.43807814,0.05793110,-0.43147539,0.43534702
97.514201,-0.34941893,0.01095984,-0.42034523,0.52652943,0.07092630,-0.51556959,0.52042535
97.534395,-0.35470153,0.01538409,-0.50984955,0.91338399,0.15514802,-0.89799990,0.91130387
97.554339,-0.35985810,0.01987393,-0.45271361,0.73306742,0.09285551,-0.71319349,0.71921284
97.574381,-0.36488681,0.02442777,-0.39862912,0.55168614,0.03374231,-0.52725837,0.52833695
97.594114,-0.36978588,0.02904400,-0.45925730,0.81058442,0.08947142,-0.78154042,0.78664513
97.614343,-0.37455357,0.03372096,-0.39818479,0.58430398,0.02363122,-0.55058302,0.55108992
97.634375,-0.37918819,0.03845700,-0.38212012,0.53828790,0.00293193,-0.49983090,0.49983950
97.654325,-0.38368807,0.04325043,-0.45733982,0.84433442,0.07365175,-0.80108399,0.80446264
97.674143,-0.38805164,0.04809956,-0.39097831,0.58856900,0.00292667,-0.54046944,0.54047736
97.694354,-0.39227733,0.05300265,-0.40664446,0.66718264,0.01436713,-0.61417999,0.61434800
97.714053,-0.39636365,0.05795798,-0.47721028,0.97709057,0.08084663,-0.91913259,0.92268137
97.734353,-0.40030914,0.06296377,-0.42138531,0.78749979,0.02107617,-0.72453602,0.72484250
97.754372,-0.40411241,0.06801825,-0.38965357,0.68068116,-0.01445884,-0.61266291,0.61283350
97.774419,-0.40777209,0.07311962,-0.44270405,0.89486031,0.03493196,-0.82174069,0.82248282
97.794324,-0.41128690,0.07826607,-0.37541306,0.61328310,-0.03587384,-0.53501703,0.53621838
97.814137,-0.41465558,0.08345578,-0.39522826,0.68328482,-0.01942732,-0.59982904,0.60014356
97.834356,-0.41787693,0.08868689,-0.47449372,1.00617611,0.05661679,-0.91748922,0.91923443
97.854280,-0.42094981,0.09395755,-0.42939256,0.83896591,0.00844275,-0.74500836,0.74505620
97.874325,-0.42387314,0.09926588,-0.38728795,0.66956859,-0.03658519,-0.57030271,0.57147498
97.894276,-0.42664586,0.10461001,-0.44896204,0.90348745,0.02231618,-0.79887744,0.79918907
97.913869,-0.42926699,0.10998803,-0.40431672,0.70895436,-0.02495027,-0.59896633,0.59948576
97.934248,-0.43173561,0.11539803,-0.37850818,0.59195283,-0.05322743,-0.47655480,0.47951813
97.954418,-0.43405084,0.12083809,-0.44568583,0.82875345,0.01163499,-0.70791536,0.70801097
97.974458,-0.43621185,0.12630627,-0.38030135,0.53038966,-0.05591050,-0.40408339,0.40793305
97.994489,-0.43821787,0.13180064,-0.40554212,0.60045842,-0.03267575,-0.46865778,0.46979550
98.013934,-0.44006820,0.13731923,-0.50082527,0.96552692,0.06075707,-0.82820769,0.83043326
98.034312,-0.44176218,0.14286010,-0.46108401,0.80493364,0.01932183,-0.66207354,0.66235542
98.054297,-0.44329920,0.14842127,-0.41556848,0.61526185,-0.02773072,-0.46684058,0.46766347
98.074331,-0.44467871,0.15400076,-0.48831767,0.89019556,0.04363896,-0.73619480,0.73748704
98.094334,-0.44590024,0.15959660,-0.45764575,0.75855288,0.01174551,-0.59895628,0.59907143
98.113819,-0.44696334,0.16520680,-0.39567501,0.49127083,-0.05128833,-0.32606403,0.33007309
98.134352,-0.44786763,0.17082935,-0.50086573,0.88737535,0.05299810,-0.71654600,0.71850328
98.154381,-0.44861280,0.17646227,-0.51809417,0.96449465,0.06948137,-0.78803238,0.79108956
98.174528,-0.44919858,0.18210355,-0.44185279,0.66199276,-0.00734579,-0.47988921,0.47994543
98.194440,-0.44962476,0.18775119,-0.47197804,0.77936732,0.02235328,-0.59161613,0.59203827
98.213908,-0.44989119,0.19340319,-0.50949726,0.92670529,0.05960607,-0.73330210,0.73572063
98.234313,-0.44999778,0.19905752,-0.42882698,0.59509028,-0.02117080,-0.39603276,0.39659822
98.254087,-0.44994448,0.20471220,-0.44312026,0.63712473,-0.00682422,-0.43241253,0.43246637
98.274242,-0.44973133,0.21036519,-0.52707688,0.97073853,0.07734555,-0.76037334,0.76429703
98.294257,-0.44935838,0.21601451,-0.48096374,0.79489448,0.03160536,-0.57887997,0.57974212
98.314080,-0.44882578,0.22165813,-0.44874671,0.67447551,-0.00007907,-0.45281738,0.45281739
98.334363,-0.44813372,0.22729406,-0.50413076,0.88739474,0.05599704,-0.66010068,0.66247156
98.354405,-0.44728243,0.23292029,-0.43807337,0.60274111,-0.00920906,-0.36982082,0.36993546
98.374455,-0.44627223,0.23853483,-0.45455192,0.65762743,0.00827969,-0.41909260,0.41917437
98.394395,-0.44510347,0.24413567,-0.38932861,0.39739013,-0.05577486,-0.15325446,0.16308821
98.413920,-0.44377656,0.24972084,-0.42104243,0.53407291,-0.02273413,-0.28435207,0.28525942
98.434370,-0.44229199,0.25528833,-0.52068084,0.96487240,0.07838885,-0.70958407,0.71390081
98.454194,-0.44065026,0.26083619,-0.47770205,0.84965804,0.03705179,-0.58882185,0.58998645
98.474303,-0.43885198,0.26636243,-0.40567734,0.59224090,-0.03317464,-0.32587847,0.32756272
98.494240,-0.43689778,0.27186509,-0.48737709,0.94709662,0.05047931,-0.67523153,0.67711578
98.514285,-0.43478835,0.27734222,-0.49226378,1.02230702,0.05747543,-0.74496480,0.74717868
98.534462,-0.43252444,0.28279186,-0.41481496,0.74800434,-0.01770948,-0.46521248,0.46554944
98.554388,-0.43010686,0.28821210,-0.43626633,0.85951594,0.00615947,-0.57130384,0.57133704
98.574107,-0.42753646,0.29360099,-0.45970344,0.97318752,0.03216698,-0.67958653,0.68034739
98.594391,-0.42481416,0.29895662,-0.37986628,0.66436244,-0.04494788,-0.36540582,0.36815992
98.613925,-0.42194092,0.30427710,-0.39712583,0.73554659,-0.02481509,-0.43126949,0.43198283
98.634338,-0.41891778,0.30956053,-0.47214248,1.06020982,0.05322470,-0.75064929,0.75253387
98.654348,-0.41574579,0.31480503,-0.42863537,0.91559026,0.01288958,-0.60078523,0.60092349
98.674327,-0.41242609,0.32000874,-0.38475996,0.75508419,-0.02766613,-0.43507545,0.43595420
98.694238,-0.40895986,0.32516981,-0.44068264,0.98785710,0.03172278,-0.66268729,0.66344614
98.713900,-0.40534832,0.33028641,-0.40280762,0.84408976,-0.00254070,-0.51380335,0.51380963
98.734411,-0.40159277,0.33535673,-0.35656502,0.66173268,-0.04502775,-0.32637595,0.32946739
98.754314,-0.39769453,0.34037894,-0.42690235,0.94027521,0.02920782,-0.59989627,0.60060689
98.774319,-0.39365500,0.34535129,-0.40129822,0.84292643,0.00764322,-0.49757514,0.49763384
98.794367,-0.38947560,0.35027199,-0.33134044,0.55445782,-0.05813516,-0.20418583,0.21230061
98.813970,-0.38515782,0.35513930,-0.41747710,0.88940581,0.03231928,-0.53426651,0.53524316
98.834266,-0.38070320,0.35995149,-0.42264418,0.92353078,0.04194098,-0.56357929,0.56513774
98.854240,-0.37611331,0.36470685,-0.35708246,0.67750033,-0.01903085,-0.31279348,0.31337187
98.874304,-0.37138980,0.36940369,-0.41654270,0.93559300,0.04515290,-0.56618931,0.56798690
98.894347,-0.36653433,0.37404034,-0.41308096,0.94125101,0.04654663,-0.56721067,0.56911733
98.913927,-0.36154863,0.37861515,-0.35346264,0.72281246,-0.00808599,-0.34419731,0.34429227
98.934369,-0.35643448,0.38312651,-0.41868040,1.01843622,0.06224592,-0.63530971,0.63835177
98.954386,-0.35119368,0.38757280,-0.41560601,1.05711126,0.06441233,-0.66953846,0.67262969
98.974360,-0.34582811,0.39195244,-0.34558429,0.81144947,-0.00024382,-0.41949703,0.41949710
98.994411,-0.34033967,0.39626389,-0.37693350,0.97191762,0.03659383,-0.57565373,0.57681567
99.013882,-0.33473031,0.40050561,-0.36391626,0.92827618,0.02918595,-0.52777057,0.52857695
99.034324,-0.32900202,0.40467608,-0.30106454,0.68062142,-0.02793748,-0.27594534,0.27735597
99.054212,-0.32315683,0.40877384,-0.37014102,0.97206504,0.04698419,-0.56329120,0.56524728
99.074185,-0.31719683,0.41279742,-0.36798745,0.99366601,0.05079062,-0.58086859,0.58308490
99.094281,-0.31112414,0.41674539,-0.30353356,0.76140505,-0.00759058,-0.34465966,0.34474324
99.113839,-0.30494090,0.42061636,-0.35276514,0.99340165,0.04782424,-0.57278529,0.57477835
99.134645,-0.29864931,0.42440894,-0.34460954,0.99101152,0.04596023,-0.56660258,0.56846357
99.154411,-0.29225162,0.42812179,-0.28566124,0.78101347,-0.00659038,-0.35289168,0.35295321
99.174372,-0.28575009,0.43175359,-0.34327669,1.05490663,0.05752660,-0.62315304,0.62580270
99.194370,-0.27914704,0.43530305,-0.33676971,1.08345167,0.05762267,-0.64814862,0.65070500
99.213840,-0.27244481,0.43876890,-0.26830966,0.84528172,-0.00413515,-0.40651282,0.40653385
99.234294,-0.26564578,0.44214993,-0.24508048,0.77860076,-0.02056530,-0.33645083,0.33707877
99.254324,-0.25875236,0.44544492,-0.18164021,0.52114115,-0.07711215,-0.07569623,0.10805648
99.274322,-0.25176702,0.44865270,-0.27571119,0.89430914,0.02394417,-0.44565644,0.44629921
99.294414,-0.24469222,0.45177214,-0.28196995,0.94759400,0.03727773,-0.49582186,0.49722122
99.313900,-0.23753048,0.45480212,-0.21156183,0.69477877,-0.02596865,-0.23997665,0.24137763
99.334358,-0.23028435,0.45774157,-0.25937386,0.91526172,0.02908951,-0.45752015,0.45844398
99.354359,-0.22295640,0.46058945,-0.25167519,0.90093456,0.02871879,-0.44034511,0.44128062
99.374398,-0.21554924,0.46334475,-0.18896955,0.66637663,-0.02657969,-0.20303188,0.20476431
99.394311,-0.20806549,0.46600648,-0.26047817,0.98084606,0.05241268,-0.51483958,0.51750061
99.413833,-0.20050782,0.46857369,-0.25745455,1.01875575,0.05694673,-0.55018206,0.55312135
99.434381,-0.19287890,0.47104549,-0.20732861,0.85671717,0.01444971,-0.38567168,0.38594228
99.454361,-0.18518146,0.47342098,-0.25128074,1.07353434,0.06609928,-0.60011336,0.60374262
99.474370,-0.17741823,0.47569933,-0.21593848,0.97290991,0.03852025,-0.49721058,0.49870048
99.494312,-0.16959195,0.47787973,-0.14862053,0.72473401,-0.02097142,-0.24685428,0.24774349
99.514214,-0.16170543,0.47996139,-0.21149335,1.00615048,0.04978792,-0.52618909,0.52853930
99.534410,-0.15376145,0.48194359,-0.20698136,1.03099415,0.05321991,-0.54905056,0.55162386
99.554370,-0.14576284,0.48382561,-0.14168809,0.80305948,-0.00407475,-0.31923387,0.31925987
99.574278,-0.13771244,0.48560679,-0.18394192,1.01275292,0.04622948,-0.52714613,0.52916936
99.594342,-0.12961311,0.48728649,-0.17363185,1.00095120,0.04401874,-0.51366471,0.51554736
99.613840,-0.12146773,0.48886413,-0.11474668,0.78962046,-0.00672105,-0.30075633,0.30083142
99.634218,-0.11327920,0.49033913,-0.11736918,0.83260250,0.00408998,-0.34226337,0.34228781
99.654384,-0.10505041,0.49171098,-0.05239753,0.60638144,-0.05265288,-0.11467046,0.12618098
99.674358,-0.09678431,0.49297918,-0.12729719,0.94316007,0.03051288,-0.45018089,0.45121378
99.694360,-0.08848381,0.49414329,-0.12622767,0.99918741,0.03774386,-0.50504412,0.50645252
99.713897,-0.08015188,0.49520289,-0.05351076,0.75604501,-0.02664112,-0.26084212,0.26219908
99.734375,-0.07179147,0.49615760,-0.09071077,0.94929237,0.01891930,-0.45313477,0.45352955
99.754373,-0.06340555,0.49700710,-0.07970229,0.92961618,0.01629674,-0.43260908,0.43291593
99.774331,-0.05499711,0.49775107,-0.01833077,0.70384322,-0.03666634,-0.20609215,0.20932844
99.794320,-0.04656913,0.49838924,-0.08747310,1.01331450,0.04090397,-0.51492526,0.51654734
99.813859,-0.03812459,0.49892141,-0.08628273,1.06228610,0.04815814,-0.56336469,0.56541929
99.834356,-0.02966652,0.49934736,-0.01663884,0.82154021,-0.01302768,-0.32219285,0.32245612
99.854356,-0.02119790,0.49966696,-0.04817524,0.98563825,0.02697734,-0.48597129,0.48671950
99.874313,-0.01272176,0.49988009,-0.03723721,0.95432390,0.02451545,-0.45444381,0.45510459
99.894387,-0.00424109,0.49998668,0.02110907,0.72917123,-0.02535016,-0.22918455,0.23058228
99.913882,0.00424109,0.49998668,-0.04710620,1.02761264,0.05134729,-0.52762596,0.53011857
99.934355,0.01272176,0.49988009,-0.04620808,1.07070179,0.05892984,-0.57082170,0.57385550
99.954388,0.02119790,0.49966696,0.02184277,0.83100108,-0.00064487,-0.33133412,0.33133474
99.974291,0.02966652,0.49934736,-0.01000371,0.99332830,0.03967023,-0.49398094,0.49557128
99.994147,0.03812459,0.49892141,0.00183398,0.95560706,0.03629061,-0.45668565,0.45812530
100.013865,0.04656913,0.49838924,0.06205295,0.72062647,-0.01548382,-0.22223723,0.22277597
100.034355,0.05499711,0.49775107,-0.00578485,1.01492546,0.06078196,-0.51717439,0.52073390
100.054373,0.06340555,0.49700710,-0.00497433,1.05525419,0.06837988,-0.55824709,0.56241944
100.074352,0.07179147,0.49615760,0.06330458,0.81498250,0.00848689,-0.31882490,0.31893784
100.094375,0.08015188,0.49520289,0.02975880,0.98596463,0.05039308,-0.49076174,0.49334222
100.113903,0.08848381,0.49414329,0.04148132,0.95446280,0.04700249,-0.46031951,0.46271296
100.134371,0.09678431,0.49297918,0.10228382,0.72410711,-0.00549951,-0.23112793,0.23119335
100.154497,0.10505041,0.49171098,0.03616027,1.01908366,0.06889014,-0.52737268,0.53185317
100.174396,0.11327920,0.49033913,0.03845001,1.06166181,0.07482919,-0.57132268,0.57620223
100.194350,0.12146773,0.48886413,0.10849350,0.82162795,0.01297423,-0.33276382,0.33301665
100.213906,0.12961311,0.48728649,0.07778240,0.98686516,0.05183071,-0.49957867,0.50226016
100.234397,0.13771244,0.48560679,0.09133691,0.95172385,0.04637553,-0.46611706,0.46841840
100.254364,0.14576284,0.48382561,0.15329758,0.71993937,-0.00753474,-0.23611376,0.23623395
100.274348,0.15376145,0.48194359,0.08687845,1.01889403,0.06688300,-0.53695044,0.54109991
100.294356,0.16170543,0.47996139,0.08886107,1.06578755,0.07284436,-0.58582616,0.59033769
100.313874,0.16959195,0.47787973,0.16021302,0.82099264,0.00937893,-0.34311291,0.34324107
100.334374,0.17741823,0.47569933,0.13198802,0.97659769,0.04543021,-0.50089836,0.50295435
100.354315,0.18518146,0.47342098,0.14220961,0.95669950,0.04297185,-0.48327852,0.48518523
100.374412,0.19287890,0.47104549,0.20199321,0.73689390,-0.00911431,-0.26584841,0.26600460
100.394375,0.20050782,0.46857369,0.13668009,1.03637889,0.06382773,-0.56780520,0.57138142
100.413832,0.20806549,0.46600648,0.13966425,1.08502094,0.06840124,-0.61901446,0.62278217
100.434272,0.21554924,0.46334475,0.21241259,0.83635345,0.00313665,-0.37300870,0.37302189
100.454437,0.22295640,0.46058945,0.18915676,0.97216254,0.03379964,-0.51157309,0.51268845
100.474521,0.23028435,0.45774157,0.19295971,0.98165268,0.03732464,-0.52391111,0.52523897
100.494484,0.23753048,0.45480212,0.25469062,0.75690772,-0.01716014,-0.30210560,0.30259257
100.513859,0.24469222,0.45177214,0.19864943,1.01610994,0.04604279,-0.56433780,0.56621294
100.534330,0.25176702,0.44865270,0.20300854,1.03954559,0.04875848,-0.59089289,0.59290117
100.554426,0.25875236,0.44544492,0.26967047,0.80301940,-0.01091811,-0.35757448,0.35774113
100.574357,0.26564578,0.44214993,0.22988366,0.99834359,0.03576212,-0.55619366,0.55734219
100.594369,0.27244481,0.43876890,0.23899562,0.98228508,0.03344919,-0.54351618,0.54454448
100.613821,0.27914704,0.43530305,0.29683702,0.76684254,-0.01768998,-0.33153949,0.33201110
100.634316,0.28575009,0.43175359,0.23481902,1.05019677,0.05093107,-0.61844318,0.62053682
100.654369,0.29225162,0.42812179,0.23775183,1.09004819,0.05449979,-0.66192640,0.66416623
100.674374,0.29864931,0.42440894,0.30867141,0.83696405,-0.01002210,-0.41255511,0.41267683
100.694365,0.30494090,0.42061636,0.28485934,0.96316501,0.02008156,-0.54254865,0.54292017
100.714201,0.31112414,0.41674539,0.28682341,0.96829355,0.02430073,-0.55154816,0.55208324
100.734304,0.31719683,0.41279742,0.34656883,0.74014937,-0.02937200,-0.32735195,0.32866703
100.754327,0.32315683,0.40877384,0.28666438,1.00383834,0.03649245,-0.59506450,0.59618241
100.774374,0.32900202,0.40467608,0.28968002,1.02130275,0.03932200,-0.61662667,0.61787917
100.794463,0.33473031,0.40050561,0.35528533,0.77757124,-0.02055502,-0.37706563,0.37762548
100.814111,0.34033967,0.39626389,0.31033887,0.98184017,0.03000080,-0.58557628,0.58634429
100.834334,0.34582811,0.39195244,0.31646935,0.96724816,0.02935876,-0.57529572,0.57604436
100.854362,0.35119368,0.38757280,0.37306515,0.74883816,-0.02187147,-0.36126536,0.36192682
100.874371,0.35643448,0.38312651,0.30780975,1.03577214,0.04862473,-0.65264563,0.65445449
100.894408,0.36154863,0.37861515,0.30911416,1.07213080,0.05243447,-0.69351565,0.69549502
100.914154,0.36653433,0.37404034,0.38008061,0.80935708,-0.01354628,-0.43531674,0.43552746
100.934340,0.37138980,0.36940369,0.35279212,0.94009483,0.01859768,-0.57069114,0.57099409
100.954299,0.37611331,0.36470685,0.35368458,0.93828332,0.02242873,-0.57357647,0.57401482
100.974312,0.38070320,0.35995149,0.41190400,0.70694928,-0.03120080,-0.34699779,0.34839770
100.994354,0.38515782,0.35513930,0.34436176,0.99125685,0.04079606,-0.63611755,0.63742439
101.013972,0.38947560,0.35027199,0.34412544,1.01779822,0.04535016,-0.66752623,0.66906495
101.034251,0.39365500,0.34535129,0.38949438,0.85004270,0.00416062,-0.50469141,0.50470856
101.054294,0.39769453,0.34037894,0.34434534,1.04182773,0.05334919,-0.70144879,0.70347462
101.074367,0.40159277,0.33535673,0.38306383,0.88956948,0.01852894,-0.55421275,0.55452241
101.094429,0.40534832,0.33028641,0.42906528,0.70150781,-0.02371696,-0.37122140,0.37197826
101.113916,0.40895986,0.32516981,0.36351715,0.95608800,0.04544271,-0.63091819,0.63255261
101.134188,0.41242609,0.32000874,0.38305071,0.86066181,0.02937538,-0.54065307,0.54145051
101.154007,0.41574579,0.31480503,0.34300054,1.01234482,0.07274525,-0.69753979,0.70132278
101.174318,0.41891778,0.30956053,0.35326863,0.94813380,0.06564915,-0.63857327,0.64193896
101.194343,0.42194092,0.30427710,0.41389020,0.68019901,0.00805072,-0.37592191,0.37600811
101.213871,0.42481416,0.29895662,0.34302805,0.95257542,0.08178611,-0.65361880,0.65871579
101.234787,0.42753646,0.29360099,0.33981666,0.96078677,0.08771980,-0.66718578,0.67292766
101.254890,0.43010686,0.28821210,0.40287223,0.69691917,0.02723463,-0.40870707,0.40961347
101.274497,0.43252444,0.28279186,0.34705029,0.91442895,0.08547415,-0.63163709,0.63739411
101.294364,0.43478835,0.27734222,0.35106581,0.88515676,0.08372254,-0.60781454,0.61355356
101.314106,0.43689778,0.27186509,0.41151127,0.63457714,0.02538651,-0.36271205,0.36359938
101.334308,0.43885198,0.26636243,0.33376768,0.94870864,0.10508430,-0.68234621,0.69039051
101.354254,0.44065026,0.26083619,0.33289118,0.97776027,0.10775908,-0.71692408,0.72497734
101.374330,0.44229199,0.25528833,0.40697790,0.69813812,0.03531409,-0.44284979,0.44425558
101.394143,0.44377656,0.24972084,0.36653590,0.87355215,0.07724066,-0.62383131,0.62859496
101.414159,0.44510347,0.24413567,0.37788128,0.82039363,0.06722219,-0.57625796,0.58016555
101.434399,0.44627223,0.23853483,0.44543248,0.54225251,0.00083975,-0.30371768,0.30371884
101.454621,0.44728243,0.23292029,0.35893485,0.88192911,0.08834758,-0.64900882,0.65499446
101.474396,0.44813372,0.22729406,0.35635659,0.91071243,0.09177713,-0.68341837,0.68955327
101.494362,0.44882578,0.22165813,0.43026556,0.63132051,0.01856022,-0.40966238,0.41008261
101.514052,0.44935838,0.21601451,0.37590586,0.86071077,0.07345252,-0.64469626,0.64886712
101.534111,0.44973133,0.21036519,0.38837532,0.82310885,0.06135601,-0.61274366,0.61580789
101.554252,0.44994448,0.20471220,0.44824014,0.57900822,0.00170434,-0.37429602,0.37429990
101.574325,0.44999778,0.19905752,0.36026269,0.93252047,0.08973509,-0.73346295,0.73893185
101.594259,0.44989119,0.19340319,0.35490383,0.98349442,0.09498736,-0.79009123,0.79578059
101.614361,0.44962476,0.18775119,0.43378244,0.68459163,0.01584232,-0.49684044,0.49709295
101.634267,0.44919858,0.18210355,0.40491074,0.81109244,0.04428784,-0.62898889,0.63054615
101.654350,0.44861280,0.17646227,0.39363288,0.85406393,0.05497992,-0.67760166,0.67982850
101.674401,0.44786763,0.17082935,0.46937753,0.55280449,-0.02150990,-0.38197514,0.38258029
101.694337,0.44696334,0.16520680,0.40991703,0.78472774,0.03704631,-0.61952094,0.62062760
101.714148,0.44590024,0.15959660,0.41407750,0.75068033,0.03182274,-0.59108373,0.59193974
101.734326,0.44467871,0.15400076,0.47895894,0.47682643,-0.03428023,-0.32282567,0.32464065
101.754115,0.44329920,0.14842127,0.37801225,0.86422994,0.06528695,-0.71580867,0.71877983
101.774312,0.44176218,0.14286010,0.36620781,0.92679475,0.07555437,-0.78393465,0.78756714
101.794349,0.44006820,0.13731923,0.44795896,0.60897947,-0.00789076,-0.47166024,0.47172624
101.814382,0.43821787,0.13180064,0.41468999,0.74358707,0.02352788,-0.61178643,0.61223868
101.834434,0.43621185,0.12630627,0.39343784,0.82045507,0.04277401,-0.69414880,0.69546544
101.854376,0.43405084,0.12083809,0.47726675,0.48388133,-0.04321591,-0.36304324,0.36560636
101.874332,0.43173561,0.11539803,0.42632476,0.67432793,0.00541085,-0.55892990,0.55895609
101.894345,0.42926699,0.10998803,0.42011011,0.67302343,0.00915688,-0.56303540,0.56310985
101.914136,0.42664586,0.10461001,0.48486142,0.40080497,-0.05821556,-0.29619496,0.30186173
101.934363,0.42387314,0.09926588,0.37262590,0.83068777,0.05124724,-0.73142189,0.73321501
101.954334,0.42094981,0.09395755,0.35687825,0.91139402,0.06407156,-0.81743647,0.81994362
101.974311,0.41787693,0.08868689,0.44393561,0.57436583,-0.02605868,-0.48567894,0.48637752
101.994299,0.41465558,0.08345578,0.41772603,0.67962015,-0.00307045,-0.59616437,0.59617227
102.014394,0.41128690,0.07826607,0.36532827,0.89158694,0.04595863,-0.81332087,0.81461834
102.034474,0.40777209,0.07311962,0.44069923,0.59224729,-0.03292714,-0.51912767,0.52017087
102.054375,0.40411241,0.06801825,0.42130006,0.66579884,-0.01718765,-0.59778059,0.59802763
102.074341,0.40030914,0.06296377,0.34617694,0.97347142,0.05413220,-0.91050765,0.91211538
102.094292,0.39636365,0.05795798,0.39714553,0.78304826,-0.00078188,-0.72509028,0.72509070
102.114106,0.39227733,0.05300265,0.43148005,0.64597629,-0.03920272,-0.59297364,0.59426811
102.134397,0.38805164,0.04809956,0.37580823,0.84875205,0.01224341,-0.80065249,0.80074609
102.154366,0.38368807,0.04325043,0.44434124,0.54120558,-0.06065317,-0.49795515,0.50163546
102.174323,0.37918819,0.03845700,0.41716277,0.61714467,-0.03797458,-0.57868767,0.57993232
102.194343,0.37455357,0.03372096,0.32087219,0.98558945,0.05368138,-0.95186849,0.95338099
102.214436,0.36978588,0.02904400,0.35675238,0.83929269,0.01303350,-0.81024869,0.81035351
102.234360,0.36488681,0.02442777,0.42144755,0.55740630,-0.05656074,-0.53297853,0.53597130
102.254354,0.35985810,0.01987393,0.32795543,0.90596762,0.03190267,-0.88609369,0.88666781
102.274367,0.35470153,0.01538409,0.31335907,0.96117422,0.04134246,-0.94579013,0.94669328
102.294255,0.34941893,0.01095984,0.39002069,0.63711743,-0.04060176,-0.62615759,0.62747257
102.313992,0.34401219,0.00660275,0.35812139,0.74004393,-0.01410920,-0.73344118,0.73357688
102.334238,0.33848322,0.00231438,0.31779494,0.86984640,0.02068828,-0.86753202,0.86777867
102.354274,0.33283399,-0.00190375,0.40217814,0.49649715,-0.06934415,-0.49840090,0.50320182
102.374442,0.32706651,-0.00605015,0.37834452,0.54466997,-0.05127801,-0.55072012,0.55310223
102.394377,0.32118282,-0.01012335,0.27551874,0.91499370,0.04566408,-0.92511705,0.92624336
102.414346,0.31518502,-0.01412188,0.31459280,0.73398821,0.00059222,-0.74811009,0.74811032
102.434340,0.30907523,-0.01804434,0.36037420,0.51923422,-0.05129897,-0.53727856,0.53972200
102.454363,0.30285563,-0.02188933,0.27775585,0.80297297,0.02509978,-0.82486230,0.82524409
102.474351,0.29652843,-0.02565548,0.31167864,0.62698118,-0.01515021,-0.65263666,0.65281248
102.494428,0.29009587,-0.02934146,0.36863553,0.35335346,-0.07853966,-0.38269492,0.39067107
102.514402,0.28356024,-0.03294595,0.24919530,0.76846749,0.03436494,-0.80141344,0.80214989
102.534299,0.27692387,-0.03646768,0.23940286,0.77037032,0.03752101,-0.80683800,0.80770996
102.554186,0.27018910,-0.03990540,0.29975300,0.49891720,-0.02956390,-0.53882260,0.53963304
102.574297,0.26335834,-0.04325787,0.20109636,0.86014911,0.06226198,-0.90340698,0.90554996
102.594344,0.25643401,-0.04652392,0.18550722,0.91278042,0.07092679,-0.95930434,0.96192278
102.614294,0.24941857,-0.04970238,0.26405481,0.58099039,-0.01463624,-0.63069277,0.63086258
102.634403,0.24231451,-0.05279212,0.22350705,0.71635040,0.01880746,-0.76914252,0.76937243
102.654360,0.23512435,-0.05579205,0.19897030,0.77198297,0.03615405,-0.82777502,0.82856418
102.674255,0.22785066,-0.05870109,0.27672299,0.42841353,-0.04887233,-0.48711462,0.48956016
102.694334,0.22049602,-0.06151822,0.20462319,0.67031488,0.01587283,-0.73183310,0.73200522
102.714042,0.21306303,-0.06424243,0.20259871,0.61996940,0.01046432,-0.68421183,0.68429185
102.734341,0.20555435,-0.06687276,0.26794847,0.30699592,-0.06239412,-0.37386868,0.37903934
102.754426,0.19797263,-0.06940827,0.13844877,0.75903748,0.05952386,-0.82844575,0.83058139
102.774390,0.19032057,-0.07184806,0.11253474,0.83020222,0.07778583,-0.90205028,0.90539789
102.794396,0.18260089,-0.07419127,0.19629063,0.46633115,-0.01368974,-0.54052242,0.54069575
102.814167,0.17481634,-0.07643705,0.14821050,0.61800980,0.02660584,-0.69444685,0.69495632
102.834386,0.16696967,-0.07858462,0.11057308,0.71948086,0.05639659,-0.79806548,0.80005567
102.854325,0.15906368,-0.08063321,0.19830943,0.33012486,-0.03924575,-0.41075807,0.41262867
102.874336,0.15110118,-0.08258209,0.13584917,0.52274926,0.01525201,-0.60533135,0.60552347
102.894458,0.14308499,-0.08443057,0.10012052,0.60207451,0.04296447,-0.68650508,0.68784822
102.914324,0.13501796,-0.08617800,0.17820069,0.24707651,-0.04318273,-0.33325451,0.33604065
102.934159,0.12690296,-0.08782374,0.07259310,0.60490280,0.05430986,-0.69272654,0.69485223
102.954473,0.11874287,-0.08936723,0.06535839,0.58371111,0.05338448,-0.67307834,0.67519208
102.974666,0.11054060,-0.09080790,0.13506820,0.26966505,-0.02452760,-0.36047295,0.36130645
102.994345,0.10229905,-0.09214525,0.00568203,0.73603873,0.09661702,-0.82818398,0.83380066
103.014129,0.09402115,-0.09337880,-0.01566642,0.80783638,0.10968757,-0.90121518,0.90786572
103.034311,0.08570985,-0.09450812,0.07339937,0.44226227,0.01231048,-0.53677039,0.53691154
103.054254,0.07736810,-0.09553280,0.02708745,0.60359223,0.05028065,-0.69912503,0.70093077
103.074244,0.06899885,-0.09645248,0.00006694,0.67770231,0.06893191,-0.77415479,0.77721764
103.094349,0.06060510,-0.09726683,0.08565631,0.31633526,-0.02505121,-0.41360209,0.41436005
103.114040,0.05218981,-0.09797556,0.00332565,0.60609471,0.04886416,-0.70407027,0.70576387
103.134278,0.04375597,-0.09857842,0.00550012,0.55580113,0.03825585,-0.65437955,0.65549684
103.154284,0.03530659,-0.09907520,0.08017127,0.22231015,-0.04486468,-0.32138535,0.32450175
103.174304,0.02684467,-0.09946572,-0.05440842,0.70379412,0.08125309,-0.80325984,0.80735892
103.194337,0.01837321,-0.09974984,-0.07576435,0.77037788,0.09413756,-0.87012772,0.87520519
103.214315,0.00989522,-0.09992746,0.01205473,0.40819702,-0.00215951,-0.50812448,0.50812906
103.234307,0.00141371,-0.09999852,-0.04619291,0.61443665,0.04760662,-0.71443517,0.71601956
103.254269,-0.00706829,-0.09996299,-0.03770763,0.53713103,0.03063934,-0.63709402,0.63783035
103.274204,-0.01554779,-0.09982088,0.03917488,0.18829046,-0.05472267,-0.28811134,0.29326219
103.294291,-0.02402176,-0.09957225,-0.09850087,0.67181547,0.07447911,-0.77138772,0.77497494
103.314310,-0.03248720,-0.09921719,-0.12004957,0.72856384,0.08756237,-0.82778103,0.83239930
103.334280,-0.04094109,-0.09875581,-0.03703673,0.38148688,-0.00390436,-0.48024269,0.48025856
103.354428,-0.04938044,-0.09818829,-0.11147422,0.64838488,0.06209378,-0.74657317,0.74915094
103.374340,-0.05780224,-0.09751482,-0.10741982,0.59645423,0.04961758,-0.69396905,0.69574057
103.394255,-0.06620351,-0.09673564,-0.03418336,0.27367066,-0.03202015,-0.37040630,0.37178773
103.414300,-0.07458126,-0.09585104,-0.16138923,0.73432276,0.08680797,-0.83017380,0.83470004
103.434227,-0.08293250,-0.09486132,-0.18054329,0.79974914,0.09761079,-0.89461046,0.89991985
103.454338,-0.09125428,-0.09376684,-0.09322221,0.44678963,0.00196793,-0.54055647,0.54056005
103.474219,-0.09954364,-0.09256799,-0.14515411,0.63657178,0.04561047,-0.72913977,0.73056493
103.494241,-0.10779763,-0.09126519,-0.14560559,0.60442694,0.03780796,-0.69569213,0.69671872
103.513807,-0.11601332,-0.08985890,-0.07470262,0.29503257,-0.04131070,-0.38489147,0.38710208
103.534329,-0.12418780,-0.08834963,-0.10809747,0.39573218,-0.01609033,-0.48408181,0.48434915
103.554386,-0.13231815,-0.08673790,-0.03735715,0.10614425,-0.09496100,-0.19288215,0.21499097
103.574292,-0.14040148,-0.08502431,-0.18071525,0.64786127,0.04031377,-0.73288558,0.73399351
103.594327,-0.14843494,-0.08320944,-0.19448151,0.71771704,0.04604657,-0.80092648,0.80224904
103.614252,-0.15641565,-0.08129395,-0.10630932,0.38573214,-0.05010633,-0.46702609,0.46970630
103.634269,-0.16434079,-0.07927852,-0.17869970,0.67440314,0.01435891,-0.75368166,0.75381843
103.654258,-0.17220754,-0.07716386,-0.17705242,0.66163367,0.00484488,-0.73879753,0.73881341
103.674237,-0.18001311,-0.07495073,-0.11168372,0.39462782,-0.06832939,-0.46957855,0.47452388
103.694233,-0.18775472,-0.07263990,-0.21965366,0.80688396,0.03189894,-0.87952386,0.88010213
103.714283,-0.19542962,-0.07023222,-0.22548699,0.83807547,0.03005737,-0.90830769,0.90880488
103.734273,-0.20303509,-0.06772851,-0.15166176,0.54278684,-0.05137333,-0.61051535,0.61267301
103.754267,-0.21056842,-0.06512969,-0.21708855,0.79176928,0.00652013,-0.85689897,0.85692378
103.774314,-0.21802693,-0.06243667,-0.22009805,0.77869600,0.00207112,-0.84113267,0.84113522
103.794286,-0.22540798,-0.05965040,-0.16538371,0.53518867,-0.06002427,-0.59483907,0.59785987
103.813993,-0.23270895,-0.05677188,-0.25655717,0.87144922,0.02384822,-0.92822110,0.92852740
103.834088,-0.23992723,-0.05380213,-0.25580473,0.85571977,0.01587750,-0.90952190,0.90966048
103.854249,-0.24706027,-0.05074221,-0.19847336,0.60658689,-0.04858691,-0.65732910,0.65912233
103.874351,-0.25410553,-0.04759320,-0.28439633,0.93133526,0.03029080,-0.97892846,0.97939699
103.894362,-0.26106050,-0.04435622,-0.29857525,0.98198779,0.03751475,-1.02634401,1.02702940
103.914348,-0.26792273,-0.04103242,-0.22598101,0.66780148,-0.04194172,-0.70883390,0.71007366
103.934320,-0.27468976,-0.03762298,-0.25923527,0.77026782,-0.01545449,-0.80789080,0.80803861
103.954277,-0.28135920,-0.03412912,-0.29606941,0.87691256,0.01471021,-0.91104168,0.91116043
103.974367,-0.28792867,-0.03055208,-0.21451842,0.50579343,-0.07341025,-0.53634551,0.54134608
103.994088,-0.29439584,-0.02689311,-0.24505904,0.57267810,-0.04933680,-0.59957121,0.60159767
104.014228,-0.30075841,-0.02315354,-0.18634162,0.29618498,-0.11441679,-0.31933852,0.33921717
104.034370,-0.30701412,-0.01933468,-0.22494684,0.41141611,-0.08206728,-0.43075079,0.43849890
104.054236,-0.31316076,-0.01543789,-0.34471303,0.85858262,0.03155227,-0.87402051,0.87458985
104.074310,-0.31919613,-0.01146456,-0.30591552,0.69766072,-0.01328061,-0.70912528,0.70924963
104.094235,-0.32511809,-0.00741609,-0.24874505,0.44916219,-0.07637304,-0.45657828,0.46292177
104.114256,-0.33092454,-0.00329393,-0.34967729,0.81867091,0.01875275,-0.82196484,0.82217873
104.134310,-0.33661341,0.00090046,-0.34717353,0.79277587,0.01056012,-0.79187541,0.79194582
104.154276,-0.34218268,0.00516559,-0.29124795,0.55000561,-0.05093473,-0.54484002,0.54721568
104.174274,-0.34763038,0.00949994,-0.38357405,0.89833325,0.03594367,-0.88883331,0.88955977
104.194215,-0.35295457,0.01390197,-0.38760063,0.91218619,0.03464606,-0.89828422,0.89895211
104.214279,-0.35815336,0.01837013,-0.32301540,0.64184316,-0.03513796,-0.62347303,0.62446241
104.234229,-0.36322489,0.02290282,-0.38843226,0.88688481,0.02520737,-0.86398199,0.86434963
104.254296,-0.36816737,0.02749842,-0.39607955,0.88938818,0.02791218,-0.86188976,0.86234160
104.274348,-0.37297905,0.03215532,-0.33772637,0.62642270,-0.03525268,-0.59426738,0.59531208
104.294258,-0.37765820,0.03687186,-0.41526586,0.90850535,0.03760766,-0.87163349,0.87244442
104.314280,-0.38220318,0.04164635,-0.42772501,0.93189789,0.04552183,-0.89025154,0.89141463
104.334311,-0.38661236,0.04647710,-0.36444660,0.64886939,-0.02216576,-0.60239229,0.60279996
104.354296,-0.39088418,0.05136240,-0.42426100,0.85607304,0.03337682,-0.80471064,0.80540253
104.374283,-0.39501712,0.05630051,-0.42912089,0.82659872,0.03410377,-0.77029821,0.77105278
104.394246,-0.39900972,0.06128967,-0.37633342,0.57407590,-0.02267630,-0.51278623,0.51328738
104.414291,-0.40286054,0.06632812,-0.47285472,0.92728148,0.06999418,-0.86095336,0.86379388
104.434332,-0.40656823,0.07141406,-0.48921000,0.98666206,0.08264177,-0.91524800,0.91897147
104.454303,-0.41013147,0.07654569,-0.41564454,0.67788485,0.00551307,-0.60133916,0.60136443
104.474259,-0.41354900,0.08172118,-0.44644561,0.78387099,0.03289661,-0.70214981,0.70292001
104.494285,-0.41681959,0.08693870,-0.48421918,0.91611911,0.06739959,-0.82918041,0.83191518
104.514326,-0.41994208,0.09219638,-0.40229003,0.56352638,-0.01765205,-0.47133000,0.47166044
104.534284,-0.42291538,0.09749237,-0.41853039,0.59738677,-0.00438499,-0.49989440,0.49991363
104.554288,-0.42573841,0.10282477,-0.50835252,0.93516343,0.08261411,-0.83233866,0.83642856
104.574277,-0.42841018,0.10819171,-0.46212278,0.74108974,0.03371260,-0.63289803,0.63379528
104.594321,-0.43092974,0.11359126,-0.43369553,0.62108772,0.00276579,-0.50749646,0.50750400
104.614304,-0.43329619,0.11902151,-0.49496042,0.84224821,0.06166423,-0.72322670,0.72585077
104.634264,-0.43550870,0.12448054,-0.42617440,0.53673514,-0.00933430,-0.41225460,0.41236026
104.654274,-0.43756646,0.12996639,-0.44691886,0.59678327,0.00935240,-0.46681688,0.46691056
104.674255,-0.43946877,0.13547713,-0.53540431,0.94234886,0.09593554,-0.80687173,0.81255499
104.694309,-0.44121493,0.14101079,-0.48716049,0.75567668,0.04594556,-0.61466589,0.61638069
104.714274,-0.44280433,0.14656541,-0.45245675,0.62444583,0.00965242,-0.47788042,0.47797789
104.734327,-0.44423641,0.15213902,-0.50818949,0.83695174,0.06395308,-0.68481272,0.68779245
104.754303,-0.44551065,0.15772963,-0.43344540,0.51884859,-0.01206525,-0.36111896,0.36132046
104.774257,-0.44662660,0.16333526,-0.45171412,0.57566142,0.00508752,-0.41232616,0.41235754
104.794274,-0.44758387,0.16895392,-0.54211341,0.93365356,0.09452954,-0.76469964,0.77052020
104.814243,-0.44838211,0.17458360,-0.49236990,0.74767275,0.04398779,-0.57308915,0.57477482
104.834338,-0.44902104,0.18022232,-0.45731075,0.62275057,0.00828971,-0.44252825,0.44260588
104.854221,-0.44950044,0.18586806,-0.51128199,0.83487802,0.06178155,-0.64900996,0.65194393
104.874280,-0.44982014,0.19151883,-0.43517066,0.51764218,-0.01464948,-0.32612335,0.32645221
104.894292,-0.44998001,0.19717261,-0.45264395,0.57633587,0.00266394,-0.37916326,0.37917261
104.914247,-0.44998001,0.20282739,-0.53984188,0.92597079,0.08986187,-0.72314340,0.72870539
104.934293,-0.44982014,0.20848117,-0.48659017,0.72867427,0.03677003,-0.52019310,0.52149103
104.954267,-0.44950044,0.21413194,-0.45908755,0.63847084,0.00958711,-0.42433890,0.42444719
104.974303,-0.44902104,0.21977768,-0.51744410,0.87613217,0.06842306,-0.65635449,0.65991131
104.994244,-0.44838211,0.22541640,-0.44708720,0.59287444,-0.00129491,-0.36745804,0.36746032
105.014263,-0.44758387,0.23104608,-0.45928321,0.64693176,0.01169934,-0.41588568,0.41605021
105.034269,-0.44662660,0.23666474,-0.53640975,0.97600899,0.08978315,-0.73934425,0.74477577
105.054233,-0.44551065,0.24227037,-0.48264635,0.79138768,0.03713570,-0.54911731,0.55037158
105.074278,-0.44423641,0.24786098,-0.45013013,0.68935757,0.00589372,-0.44149659,0.44153593
105.094335,-0.44280433,0.25343459,-0.50041090,0.90168832,0.05760657,-0.64825373,0.65080828
105.113833,-0.44121493,0.25898921,-0.42855848,0.61194477,-0.01265645,-0.35295556,0.35318241
105.133889,-0.43946877,0.26452287,-0.44144913,0.66444617,0.00198036,-0.39992330,0.39992820
105.154354,-0.43756646,0.27003361,-0.44457778,0.69182561,0.00701132,-0.42179200,0.42185027
105.174221,-0.43550870,0.27551946,-0.50915506,0.98223714,0.07364636,-0.70671768,0.71054463
105.194348,-0.43329619,0.28097849,-0.45045768,0.77927186,0.01716149,-0.49829337,0.49858880
105.214267,-0.43092974,0.28640874,-0.43535344,0.75309063,0.00442370,-0.46668189,0.46670285
105.234315,-0.42841018,0.29180829,-0.49235967,1.00972719,0.06394949,-0.71791890,0.72076146
105.254244,-0.42573841,0.29717523,-0.43578868,0.80127748,0.01005027,-0.50410225,0.50420243
105.274301,-0.42291538,0.30250763,-0.42606179,0.78737882,0.00314641,-0.48487119,0.48488139
105.294316,-0.41994208,0.30780362,-0.48228794,1.03860946,0.06234586,-0.73080584,0.73346041
105.314316,-0.41681959,0.31306130,-0.42777319,0.83583860,0.01095360,-0.52277730,0.52289204
105.334317,-0.41354900,0.31827882,-0.41675155,0.81406597,0.00320255,-0.49578715,0.49579749
105.354405,-0.41013147,0.32345431,-0.46999198,1.04999969,0.05986051,-0.72654538,0.72900718
105.374267,-0.40656823,0.32858594,-0.41583426,0.84241321,0.00926603,-0.51382727,0.51391081
105.394290,-0.40286054,0.33367188,-0.40829474,0.83198943,0.00543420,-0.49831755,0.49834717
105.414277,-0.39900972,0.33871033,-0.46252145,1.07382886,0.06351173,-0.73511853,0.73785703
105.434242,-0.39501712,0.34369949,-0.41084360,0.87769678,0.01582648,-0.53399729,0.53423177
105.454306,-0.39088418,0.34863760,-0.39589537,0.83557775,0.00501119,-0.48694015,0.48696594
105.474255,-0.38661236,0.35352290,-0.44593431,1.05147224,0.05932195,-0.69794934,0.70046583
105.494274,-0.38220318,0.35835365,-0.39065559,0.82925266,0.00845241,-0.47089901,0.47097486
105.514275,-0.37765820,0.36312814,-0.39232725,0.85300658,0.01466905,-0.48987844,0.49009802
105.534368,-0.37297905,0.36784468,-0.44837254,1.11109326,0.07539349,-0.74324858,0.74706267
105.554248,-0.36816737,0.37250158,-0.40008654,0.94242961,0.03191917,-0.56992803,0.57082116
105.574271,-0.36322489,0.37709718,-0.37112783,0.84838562,0.00790294,-0.47128844,0.47135470
105.594263,-0.35815336,0.38162987,-0.41264004,1.02373685,0.05448668,-0.64210698,0.64441460
105.614242,-0.35295457,0.38609803,-0.35105143,0.76425107,-0.00190314,-0.37815304,0.37815783
105.634240,-0.34763038,0.39050006,-0.35624149,0.78729873,0.00861111,-0.39679867,0.39689210
105.654296,-0.34218268,0.39483441,-0.41891432,1.05555428,0.07673164,-0.66071987,0.66516050
105.674329,-0.33661341,0.39909954,-0.36804513,0.86566461,0.03143172,-0.46656507,0.46762263
105.694330,-0.33092454,0.40329393,-0.35084724,0.82093070,0.01992270,-0.41763677,0.41811169
105.714273,-0.32511809,0.40741609,-0.40068692,1.04347437,0.07556883,-0.63605828,0.64053164
105.734284,-0.31919613,0.41146456,-0.34436205,0.82729320,0.02516592,-0.41582864,0.41658946
105.754262,-0.31316076,0.41543789,-0.34519168,0.85936334,0.03203092,-0.44392545,0.44507952
105.774255,-0.30701412,0.41933468,-0.39859195,1.12194480,0.09157783,-0.70261012,0.70855308
105.794372,-0.30075841,0.42315354,-0.34837768,0.96175894,0.04761927,-0.53860540,0.54070636
105.814256,-0.29439584,0.42689311,-0.31392345,0.85889156,0.01952761,-0.43199845,0.43243958
105.834356,-0.28792867,0.43055208,-0.35252784,1.03607915,0.06459917,-0.60552707,0.60896313
105.854261,-0.28135920,0.43412912,-0.29221906,0.79559289,0.01085986,-0.36146377,0.36162687
105.874333,-0.27468976,0.43762298,-0.29645348,0.83203810,0.02176372,-0.39441512,0.39501512
105.894309,-0.26792273,0.44103242,-0.35319311,1.09977397,0.08527038,-0.65874155,0.66423751
105.914340,-0.26106050,0.44435622,-0.30212682,0.93288488,0.04106632,-0.48852866,0.49025166
105.934308,-0.25410553,0.44759320,-0.27210682,0.85018708,0.01800129,-0.40259388,0.40299613
105.954295,-0.24706027,0.45074221,-0.31225980,1.03896494,0.06519953,-0.58822273,0.59182510
105.974319,-0.23992723,0.45380213,-0.25072474,0.79967752,0.01079751,-0.34587539,0.34604388
105.994300,-0.23270895,0.45677188,-0.25377385,0.83692936,0.02106490,-0.38015748,0.38074065
106.014286,-0.22540798,0.45965040,-0.31048354,1.11162429,0.08507556,-0.65197389,0.65750118
106.034368,-0.21802693,0.46243667,-0.26070044,0.95751500,0.04267351,-0.49507833,0.49691405
106.054325,-0.21056842,0.46512969,-0.22422100,0.85218463,0.01365258,-0.38705494,0.38729565
106.074333,-0.20303509,0.46772851,-0.26278107,1.03625799,0.05974598,-0.56852948,0.57166017
106.094337,-0.19542962,0.47023222,-0.20376632,0.81179030,0.00833670,-0.34155808,0.34165981
106.114114,-0.18775472,0.47263990,-0.20738775,0.85733640,0.01963303,-0.38469650,0.38519717
106.134397,-0.18001311,0.47495073,-0.26172425,1.13022333,0.08171114,-0.65527260,0.66034755
106.154144,-0.17220754,0.47716386,-0.21179066,0.98122907,0.03958312,-0.50406521,0.50561701
106.174457,-0.16434079,0.47927852,-0.17467138,0.87559820,0.01033059,-0.39631968,0.39645429
106.194223,-0.15641565,0.48129395,-0.21201266,1.05920337,0.05559701,-0.57790942,0.58057758
106.213844,-0.14843494,0.48320944,-0.15421506,0.84218243,0.00578012,-0.35897299,0.35901952
106.234214,-0.14040148,0.48502431,-0.15030645,0.87112355,0.00990497,-0.38609924,0.38622627
106.254260,-0.13231815,0.48673790,-0.19436151,1.12089790,0.06204336,-0.63416000,0.63718779
106.274329,-0.12418780,0.48834963,-0.13850809,0.96003601,0.01432029,-0.47168638,0.47190371
106.294392,-0.11601332,0.48985890,-0.10570948,0.88152679,-0.01030384,-0.39166789,0.39180341
106.314632,-0.10779763,0.49126519,-0.14166017,1.06712672,0.03386254,-0.57586153,0.57685628
106.334284,-0.09954364,0.49256799,-0.08035063,0.84043344,-0.01919301,-0.34786545,0.34839452
106.354526,-0.09125428,0.49376684,-0.08171383,0.88010857,-0.00954045,-0.38634173,0.38645951
106.373996,-0.08293250,0.49486132,-0.13333454,1.14239741,0.05040204,-0.64753609,0.64949469
106.393857,-0.07458126,0.49585104,-0.08416040,0.99362706,0.00957914,-0.49777602,0.49786818
106.414279,-0.06620351,0.49673564,-0.04837065,0.88866750,-0.01783286,-0.39193186,0.39233735
106.434428,-0.05780224,0.49751482,-0.08626121,1.06985458,0.02845897,-0.57233976,0.57304687
106.454330,-0.04938044,0.49818829,-0.03084999,0.85582547,-0.01853045,-0.35763718,0.35811693
106.474611,-0.04094109,0.49875581,-0.03269358,0.89195795,-0.00824751,-0.39320214,0.39328862
106.494354,-0.03248720,0.49921719,-0.08544980,1.15477693,0.05296260,-0.65555974,0.65769569
106.514205,-0.02402176,0.49957225,-0.03790161,1.00790191,0.01387985,-0.50832966,0.50851912
106.534359,-0.01554779,0.49982088,-0.00027351,0.89035522,-0.01527428,-0.39053434,0.39083292
106.554305,-0.00706829,0.49996299,-0.03960269,1.07483979,0.03253440,-0.57487680,0.57579669
106.574380,0.00141371,0.49999852,0.01086602,0.88289543,-0.00945231,-0.38289691,0.38301357
106.594257,0.00989522,0.49992746,0.02135114,0.86571378,-0.01145592,-0.36578632,0.36596567
106.613696,0.01837321,0.49974984,-0.02788807,1.09540402,0.04626128,-0.59565418,0.59744791
106.634219,0.02684467,0.49946572,-0.01147935,1.06457157,0.03832402,-0.56510585,0.56640388
106.654313,0.03530659,0.49907520,-0.01784597,1.12934121,0.05315256,-0.63026601,0.63250331
106.674274,0.04375597,0.49857842,0.04624721,0.87142715,-0.00249124,-0.37284873,0.37285705
106.694370,0.05218981,0.49797556,0.03495278,0.92635475,0.01723703,-0.42837919,0.42872584
106.713959,0.06060510,0.49726683,-0.00661779,1.12221610,0.06722289,-0.62494927,0.62855430
106.734067,0.06899885,0.49645248,0.01012173,1.09588753,0.05887712,-0.59943505,0.60231960
106.754493,0.07736810,0.49553280,-0.01131827,1.24944776,0.08868637,-0.75391496,0.75911333
106.774265,0.08570985,0.49450812,0.04626962,1.05060744,0.03944023,-0.55609932,0.55749618
106.794318,0.09402115,0.49337880,0.06329068,1.02262521,0.03073047,-0.52924641,0.53013784
106.813733,0.10229905,0.49214525,0.02962956,1.20664200,0.07266949,-0.71449675,0.71818275
106.834710,0.11054060,0.49080790,0.05193141,1.15618642,0.05860919,-0.66537852,0.66795480
106.854401,0.11874287,0.48936723,0.05689085,1.17146453,0.06185202,-0.68209730,0.68489590
106.874329,0.12690296,0.48782374,0.11327228,0.93383955,0.01363068,-0.44601581,0.44622404
106.894357,0.13501796,0.48617800,0.09210468,1.02660880,0.04291328,-0.54043080,0.54213190
106.914394,0.14308499,0.48443057,0.08504545,1.05638920,0.05803954,-0.57195863,0.57489587
106.934382,0.15110118,0.48258209,0.14731613,0.80604038,0.00378505,-0.32345829,0.32348044
106.954340,0.15906368,0.48063321,0.10785726,0.97415732,0.05120642,-0.49352411,0.49617350
106.974293,0.16696967,0.47858462,0.11846337,0.92299380,0.04850630,-0.44440918,0.44704852
106.994051,0.17481634,0.47643705,0.18144674,0.66279053,-0.00663040,-0.18635348,0.18647139
107.013865,0.18260089,0.47419127,0.10987177,0.95452226,0.07272912,-0.48033099,0.48580591
107.034299,0.19032057,0.47184806,0.10968406,0.97455960,0.08063651,-0.50271154,0.50913764
107.054307,0.19797263,0.46940827,0.17347351,0.73391112,0.02449912,-0.26450285,0.26563502
107.074217,0.20555435,0.46687276,0.12222148,0.96260705,0.08333287,-0.49573429,0.50268961
107.094171,0.21306303,0.46424243,0.13162393,0.94699617,0.08143910,-0.48275374,0.48957482
107.114450,0.22049602,0.46151822,0.19470624,0.71654795,0.02578978,-0.25502973,0.25633041
107.133815,0.22785066,0.45870109,0.13139559,1.00748586,0.09645507,-0.54878477,0.55719683
107.154240,0.23512435,0.45579205,0.13804237,1.03536308,0.09708198,-0.57957103,0.58764572
107.174165,0.24231451,0.45279212,0.20982392,0.79026151,0.03249059,-0.33746939,0.33902984
107.194174,0.24941857,0.44970238,0.17444849,0.97696504,0.07497008,-0.52726266,0.53256589
107.213926,0.25643401,0.44652392,0.18883508,0.94597140,0.06759893,-0.49944748,0.50400139
107.234275,0.26335834,0.44325787,0.24788083,0.72266106,0.01547751,-0.27940319,0.27983155
107.253799,0.27018910,0.43990540,0.17889125,1.01963500,0.09129785,-0.57972960,0.58687452
107.274216,0.27692387,0.43646768,0.18497395,1.03961859,0.09194992,-0.60315091,0.61011950
107.294697,0.28356024,0.43294595,0.25433420,0.79518000,0.02922604,-0.36223405,0.36341116
107.313877,0.29009587,0.42934146,0.21582507,0.98875504,0.07427080,-0.55941358,0.56432234
107.334214,0.29652843,0.42565548,0.22437546,0.96975432,0.07215297,-0.54409884,0.54886210
107.354238,0.30285563,0.42188933,0.28067621,0.74835929,0.02217942,-0.32646996,0.32722250
107.374226,0.30907523,0.41804434,0.21793722,1.02299335,0.09113801,-0.60494901,0.61177564
107.394297,0.31518502,0.41412188,0.22419394,1.03736095,0.09099108,-0.62323907,0.62984627
107.414756,0.32118282,0.41012335,0.29182184,0.79551923,0.02936098,-0.38539588,0.38651268
107.434889,0.32706651,0.40605015,0.25207308,0.99065209,0.07499343,-0.58460194,0.58939243
107.454374,0.33283399,0.40190375,0.26377431,0.96653743,0.06905968,-0.56463368,0.56884131
107.474163,0.33848322,0.39768562,0.32577633,0.73704003,0.01270689,-0.33935441,0.33959223
107.494144,0.34401219,0.39339725,0.26324939,1.02233296,0.08076280,-0.62893571,0.63409996
107.514233,0.34941893,0.38904016,0.26852776,1.05161670,0.08089117,-0.66257654,0.66749611
107.534210,0.35470153,0.38461591,0.34051811,0.79703062,0.01418342,-0.41241471,0.41265853
107.553826,0.35985810,0.38012607,0.30891793,0.95814337,0.05094017,-0.57801730,0.58025762
107.574132,0.36488681,0.37557223,0.32329793,0.90976065,0.04158888,-0.53418842,0.53580491
107.594572,0.36978588,0.37095600,0.38711611,0.65823246,-0.01733023,-0.28727646,0.28779872
107.614022,0.37455357,0.36627904,0.31469433,0.96230603,0.05985924,-0.59602699,0.59902530
107.633843,0.37918819,0.36154300,0.31310492,0.99703843,0.06608327,-0.63549543,0.63892210
107.653930,0.38368807,0.35674957,0.38293971,0.73043019,0.00074836,-0.37368062,0.37368137
107.673841,0.38805164,0.35190044,0.34325475,0.90234880,0.04479689,-0.55044836,0.55226820
107.694217,0.39227733,0.34699735,0.35372267,0.85216453,0.03855466,-0.50516718,0.50663630
107.713834,0.39636365,0.34204202,0.41897900,0.58299404,-0.02261535,-0.24095202,0.24201101
107.733927,0.40030914,0.33703623,0.33614419,0.91351491,0.06416495,-0.57647868,0.58003863
107.753938,0.40411241,0.33198175,0.33451618,0.94491428,0.06959623,-0.61293253,0.61687107
107.773987,0.40777209,0.32688038,0.40568274,0.68362947,0.00208935,-0.35674909,0.35675521
107.794384,0.41128690,0.32173393,0.35455246,0.91184254,0.05673444,-0.59010861,0.59282963
107.813951,0.41465558,0.31654422,0.36069881,0.90106601,0.05395677,-0.58452179,0.58700686
107.833968,0.41787693,0.31131311,0.42181485,0.67163543,-0.00393792,-0.36032232,0.36034384
107.853958,0.42094981,0.30604245,0.34948283,0.98937856,0.07146698,-0.68333611,0.68706314
107.874089,0.42387314,0.30073412,0.34941033,1.04151067,0.07446281,-0.74077655,0.74450964
107.893827,0.42664586,0.29538999,0.42691831,0.76372959,-0.00027245,-0.46833960,0.46833968
107.914271,0.42926699,0.29001197,0.40514929,0.87937952,0.02411770,-0.58936755,0.58986081
107.934233,0.43173561,0.28460197,0.39536991,0.93419508,0.03636570,-0.64959311,0.65061023
107.954109,0.43405084,0.27916191,0.47069209,0.64419070,-0.03664125,-0.36502879,0.36686319
107.974316,0.43621185,0.27369373,0.42873916,0.81836210,0.00747269,-0.54466837,0.54471963
107.994646,0.43821787,0.26819936,0.43430930,0.78175290,0.00390857,-0.51355354,0.51356841
108.013955,0.44006820,0.26268077,0.49719148,0.51797042,-0.05712328,-0.25528965,0.26160251
108.034298,0.44176218,0.25713990,0.39958770,0.89845457,0.04217448,-0.64131467,0.64269992
108.054254,0.44329920,0.25157873,0.38737255,0.96895027,0.05592665,-0.71737154,0.71954827
108.074110,0.44467871,0.24599924,0.46680452,0.66338591,-0.02212581,-0.41738667,0.41797270
108.094049,0.44590024,0.24040340,0.43906656,0.77987532,0.00683368,-0.53947192,0.53951520
108.113802,0.44696334,0.23479320,0.40899303,0.90255351,0.03797031,-0.66776031,0.66883898
108.134342,0.44786763,0.22917065,0.49526821,0.55514717,-0.04740058,-0.32597652,0.32940478
108.154238,0.44861280,0.22353773,0.47612795,0.61882119,-0.02751515,-0.39528346,0.39623995
108.174336,0.44919858,0.21789645,0.38760335,0.97515340,0.06159523,-0.75725695,0.75975790
108.194360,0.44962476,0.21224881,0.43116636,0.81633544,0.01845840,-0.60408663,0.60436857
108.214332,0.44989119,0.20659681,0.48066762,0.62241035,-0.03077643,-0.41581354,0.41695094
108.234510,0.44999778,0.20094248,0.41170241,0.89215659,0.03829537,-0.69121411,0.69227413
108.254277,0.44994448,0.19528780,0.44519185,0.75684058,0.00475263,-0.56155278,0.56157289
108.274276,0.44973133,0.18963481,0.51187001,0.47437982,-0.06213868,-0.28474501,0.29144628
108.294250,0.44935838,0.18398549,0.40602670,0.87478579,0.04333168,-0.69080030,0.69215800
108.314300,0.44882578,0.17834187,0.38841169,0.95566444,0.06041409,-0.77732257,0.77966675
108.334295,0.44813372,0.17270594,0.46999008,0.63084628,-0.02185636,-0.45814034,0.45866139
108.354337,0.44728243,0.16707971,0.44607433,0.71974248,0.00120810,-0.55266277,0.55266409
108.374131,0.44627223,0.16146517,0.38639615,0.95890974,0.05987608,-0.79744457,0.79968931
108.394374,0.44510347,0.15586433,0.44797442,0.71176034,-0.00287095,-0.55589601,0.55590342
108.414340,0.44377656,0.15027916,0.43664531,0.76411138,0.00713125,-0.61383222,0.61387364
108.434267,0.44229199,0.14471167,0.37507446,1.02554969,0.06721753,-0.88083802,0.88339901
108.454217,0.44065026,0.13916381,0.42776786,0.82561261,0.01288240,-0.68644880,0.68656967
108.474201,0.43885198,0.13363757,0.45293202,0.72871566,-0.01408004,-0.59507809,0.59524464
108.494194,0.43689778,0.12813491,0.39525212,0.94803514,0.04164566,-0.81990023,0.82095721
108.514698,0.43478835,0.12265778,0.45198318,0.69291299,-0.01719483,-0.57025521,0.57051438
108.534143,0.43252444,0.11720814,0.43494705,0.74626557,-0.00242261,-0.62905743,0.62906210
108.554339,0.43010686,0.11178790,0.36917079,1.00520988,0.06093607,-0.89342198,0.89549765
108.574566,0.42753646,0.10639901,0.42073920,0.79284204,0.00679726,-0.68644303,0.68647668
108.594609,0.42481416,0.10104338,0.43692648,0.72037990,-0.01211232,-0.61933652,0.61945495
108.614342,0.42194092,0.09572290,0.37242605,0.95655911,0.04951487,-0.86083621,0.86225907
108.634339,0.41891778,0.09043947,0.42465122,0.71416795,-0.00573344,-0.62372848,0.62375483
108.654196,0.41574579,0.08519497,0.42084522,0.70708943,-0.00509943,-0.62189446,0.62191537
108.674242,0.41242609,0.07999126,0.34620346,0.98495444,0.06622263,-0.90496318,0.90738294
108.694305,0.40895986,0.07483019,0.39272893,0.77495318,0.01623093,-0.70012299,0.70031110
108.714331,0.40534832,0.06971359,0.41500458,0.66385681,-0.00965626,-0.59414322,0.59422168
108.734326,0.40159277,0.06464327,0.35138591,0.87924379,0.05020686,-0.81460052,0.81614627
108.754360,0.39769453,0.05962106,0.41358054,0.58193774,-0.01588601,-0.52231668,0.52255821
108.774524,0.39365500,0.05464871,0.39272009,0.62803761,0.00093491,-0.57338890,0.57338967
108.794367,0.38947560,0.04972801,0.30487929,0.95418083,0.08459631,-0.90445282,0.90840048
108.814324,0.38515782,0.04486070,0.35034091,0.75661027,0.03481691,-0.71174957,0.71260063
108.834297,0.38070320,0.04004851,0.38624538,0.59582747,-0.00554218,-0.55577896,0.55580659
108.854205,0.37611331,0.03529315,0.32514224,0.80426295,0.05097107,-0.76896980,0.77065725
108.873945,0.37138980,0.03059631,0.39500380,0.48203836,-0.02361400,-0.45144205,0.45205923
108.894280,0.36653433,0.02595966,0.36927120,0.54645549,-0.00273687,-0.52049583,0.52050302
108.913887,0.36154863,0.02138485,0.27027101,0.91473802,0.09127762,-0.89335317,0.89800417
108.934324,0.35643448,0.01687349,0.28786216,0.82572921,0.06857232,-0.80885572,0.81175719
108.954367,0.35119368,0.01242720,0.30281393,0.73070093,0.04837975,-0.71827373,0.71990121
108.974413,0.34582811,0.00804756,0.25573792,0.88956686,0.09009019,-0.88151930,0.88611090
108.994362,0.34033967,0.00373611,0.31876901,0.59878135,0.02157066,-0.59504524,0.59543609
109.013877,0.33473031,-0.00050561,0.30219683,0.63909016,0.03253348,-0.63959577,0.64042266
109.033861,0.32900202,-0.00467608,0.21939557,0.95767735,0.10960645,-0.96235343,0.96857509
109.054354,0.32315683,-0.00877384,0.26916032,0.75491833,0.05399651,-0.76369217,0.76559869
109.074361,0.31719683,-0.01279742,0.30899547,0.58681783,0.00820136,-0.59961525,0.59967134
109.094410,0.31112414,-0.01674539,0.24939618,0.79686356,0.06172796,-0.81360895,0.81594722
109.114342,0.30494090,-0.02061636,0.32001070,0.47981222,-0.01506980,-0.50042858,0.50065543
109.134347,0.29864931,-0.02440894,0.29621930,0.54314110,0.00243001,-0.56755004,0.56755524
109.154346,0.29225162,-0.02812179,0.19964542,0.90798480,0.09260620,-0.93610659,0.94067607
109.174411,0.28575009,-0.03175359,0.24874722,0.70553341,0.03700287,-0.73728700,0.73821497
109.194367,0.27914704,-0.03530305,0.29189854,0.52247628,-0.01275150,-0.55777933,0.55792507
109.214343,0.27244481,-0.03876890,0.22586454,0.75574151,0.04658027,-0.79451041,0.79587469
109.234288,0.26564578,-0.04214993,0.29570155,0.44386036,-0.03005577,-0.48601029,0.48693876
109.253860,0.25875236,-0.04544492,0.26830503,0.52371983,-0.00955267,-0.56916475,0.56924491
109.274290,0.25176702,-0.04865270,0.16763001,0.90708871,0.08413701,-0.95574141,0.95943769
109.294321,0.24469222,-0.05177214,0.21397336,0.72048832,0.03071886,-0.77226046,0.77287118
109.313956,0.23753048,-0.05480212,0.26769030,0.49344883,-0.03015982,-0.54825095,0.54907989
109.334063,0.23028435,-0.05774157,0.18532126,0.79517216,0.04496309,-0.85291373,0.85409807
109.354147,0.22295640,-0.06058945,0.21672218,0.65173358,0.00623422,-0.71232303,0.71235031
109.374859,0.21554924,-0.06334475,0.29726542,0.29731207,-0.08171618,-0.36065682,0.36979843
109.394060,0.20806549,-0.06600648,0.17599008,0.72854414,0.03207541,-0.79455062,0.79519778
109.414365,0.20050782,-0.06857369,0.15745616,0.77911062,0.04305166,-0.84768431,0.84877684
109.434355,0.19287890,-0.07104549,0.23790344,0.44049569,-0.04502454,-0.51154118,0.51351882
109.453932,0.18518146,-0.07342098,0.16926486,0.68267924,0.01591660,-0.75610022,0.75626773
109.473950,0.17741823,-0.07569933,0.16988086,0.63504362,0.00753737,-0.71074295,0.71078291
109.494360,0.16959195,-0.07787973,0.23584667,0.32942821,-0.06625472,-0.40730794,0.41266142
109.514384,0.16170543,-0.07996139,0.11034372,0.77498391,0.05136171,-0.85494530,0.85648672
109.534356,0.15376145,-0.08194359,0.08713194,0.84517123,0.06662951,-0.92711482,0.92950598
109.554379,0.14576284,-0.08382561,0.17291653,0.48129956,-0.02715369,-0.56512517,0.56577715
109.574383,0.13771244,-0.08560679,0.13117916,0.61524330,0.00653328,-0.70085009,0.70088054
109.594350,0.12961311,-0.08728649,0.08674453,0.75260513,0.04286858,-0.83989162,0.84098493
109.614292,0.12146773,-0.08886413,0.18328180,0.32962495,-0.06181407,-0.41848908,0.42302965
109.633807,0.11327920,-0.09033913,0.15027661,0.40501825,-0.03699741,-0.49535738,0.49673710
109.654290,0.10505041,-0.09171098,0.03131401,0.82672844,0.07373640,-0.91843942,0.92139461
109.674118,0.09678431,-0.09297918,0.07467736,0.62349642,0.02210695,-0.71647560,0.71681658
109.694356,0.08848381,-0.09414329,0.11688851,0.42334148,-0.02840470,-0.51748477,0.51826375
109.714408,0.08015188,-0.09520289,0.03412544,0.69974087,0.04602644,-0.79494376,0.79627509
109.734360,0.07179147,-0.09615760,0.09637536,0.40404187,-0.02458389,-0.50019947,0.50080323
109.754333,0.06340555,-0.09700710,0.06195890,0.50440360,0.00144665,-0.60141070,0.60141244
109.774373,0.05499711,-0.09775107,-0.04459199,0.90477170,0.09958910,-1.00252277,1.00745714
109.794155,0.04656913,-0.09838924,-0.00319427,0.73285441,0.04976340,-0.83124365,0.83273189
109.814139,0.03812459,-0.09892141,0.05753364,0.47059138,-0.01940905,-0.56951279,0.56984342
109.834257,0.02966652,-0.09934736,-0.04021651,0.82940270,0.06988303,-0.92875006,0.93137550
109.854567,0.02119790,-0.09966696,-0.03857715,0.80889125,0.05977505,-0.90855821,0.91052242
109.873865,0.01272176,-0.09988009,0.02040332,0.55687796,-0.00768156,-0.65675805,0.65680297
109.893822,0.00424109,-0.09998668,-0.06800257,0.89232365,0.07224366,-0.99231033,0.99493665
109.914321,-0.00424109,-0.09998668,-0.07258348,0.91017673,0.06834239,-1.01016341,1.01247262
109.933911,-0.01272176,-0.09988009,-0.00109369,0.61038238,-0.01162807,-0.71026247,0.71035765
109.954067,-0.02119790,-0.09966696,-0.05721111,0.81199299,0.03601321,-0.91165995,0.91237098
109.973774,-0.02966652,-0.09934736,-0.05914489,0.77494272,0.02947837,-0.87429008,0.87478689
109.993982,-0.03812459,-0.09892141,-0.00401152,0.51115993,-0.03411307,-0.61008134,0.61103432
110.013850,-0.04656913,-0.09838924,-0.10532406,0.87208973,0.05875493,-0.97047897,0.97225592
110.034277,-0.05499711,-0.09775107,-0.11810785,0.90059897,0.06311074,-0.99835004,1.00034283
110.053791,-0.06340555,-0.09700710,-0.04670843,0.58626152,-0.01669712,-0.68326862,0.68347260
110.074232,-0.07179147,-0.09615760,-0.10241816,0.77318000,0.03062669,-0.86933760,0.86987692
110.094052,-0.08015188,-0.09520289,-0.10278059,0.71612097,0.02262871,-0.81132386,0.81163937
110.113830,-0.08848381,-0.09414329,-0.04446674,0.42834972,-0.04401707,-0.52249301,0.52434383
110.134497,-0.09678431,-0.09297918,-0.16254475,0.84192721,0.06576044,-0.93490639,0.93721630
110.153915,-0.10505041,-0.09171098,-0.18832381,0.91747850,0.08327340,-1.00918948,1.01261931
110.173804,-0.11327920,-0.09033913,-0.10711744,0.56057524,-0.00616176,-0.65091437,0.65094353
110.193785,-0.12146773,-0.08886413,-0.13755671,0.64304329,0.01608898,-0.73190742,0.73208423
110.213807,-0.12961311,-0.08728649,-0.21520836,0.92178740,0.08559525,-1.00907389,1.01269771
110.233785,-0.13771244,-0.08560679,-0.16220758,0.68340521,0.02449514,-0.76901200,0.76940202
110.253939,-0.14576284,-0.08382561,-0.15880418,0.64783354,0.01304134,-0.73165915,0.73177537
110.274273,-0.15376145,-0.08194359,-0.23860080,0.93734958,0.08483935,-1.01929317,1.02281781
110.294539,-0.16170543,-0.07996139,-0.19162896,0.72035638,0.02992353,-0.80031777,0.80087698
110.314043,-0.16959195,-0.07787973,-0.16978562,0.60594339,0.00019367,-0.68382312,0.68382314
110.333909,-0.17741823,-0.07569933,-0.23832385,0.83542057,0.06090562,-0.91111990,0.91315331
110.353974,-0.18518146,-0.07342098,-0.17420771,0.52909104,-0.01097375,-0.60251202,0.60261195
110.374300,-0.19287890,-0.07104549,-0.20184494,0.59776979,0.00896604,-0.66881528,0.66887537
110.394262,-0.20050782,-0.06857369,-0.29857403,0.95779089,0.09806621,-1.02636458,1.03103891
110.413847,-0.20806549,-0.06600648,-0.25892366,0.78535706,0.05085817,-0.85136354,0.85288125
110.434228,-0.21554924,-0.06334475,-0.20577167,0.55005808,-0.00977757,-0.61340283,0.61348075
110.453764,-0.22295640,-0.06058945,-0.29057417,0.85815415,0.06761777,-0.91874360,0.92122851
110.473861,-0.23028435,-0.05774157,-0.27498695,0.77630045,0.04470260,-0.83404202,0.83523914
110.494048,-0.23753048,-0.05480212,-0.21125191,0.49365301,-0.02627857,-0.54845513,0.54908433
110.513985,-0.24469222,-0.05177214,-0.31528793,0.87937943,0.07059571,-0.93115157,0.93382386
110.533909,-0.25176702,-0.04865270,-0.33230347,0.94718214,0.08053645,-0.99583484,0.99908616
110.553811,-0.25875236,-0.04544492,-0.25148373,0.61298493,-0.00726863,-0.65842985,0.65846997
110.574126,-0.26564578,-0.04214993,-0.27860598,0.70303699,0.01296020,-0.74518692,0.74529961
110.593874,-0.27244481,-0.03876890,-0.33393074,0.90730688,0.06148593,-0.94607578,0.94807167
110.614200,-0.27914704,-0.03530305,-0.26353361,0.60779512,-0.01561343,-0.64309817,0.64328768
110.633713,-0.28575009,-0.03175359,-0.28243257,0.66456670,-0.00331752,-0.69632029,0.69632820
110.654283,-0.29225162,-0.02812179,-0.36558141,0.99228448,0.07332979,-1.02040627,1.02303774
110.674978,-0.29864931,-0.02440894,-0.32159640,0.81931891,0.02294709,-0.84372785,0.84403984
110.694475,-0.30494090,-0.02061636,-0.27612640,0.62535407,-0.02881450,-0.64597043,0.64661277
110.714338,-0.31112414,-0.01674539,-0.34396479,0.87293289,0.03284065,-0.88967828,0.89028420
110.734329,-0.31719683,-0.01279742,-0.30317319,0.68740977,-0.01402364,-0.70020719,0.70034760
110.754263,-0.32315683,-0.00877384,-0.25806179,0.48141134,-0.06509504,-0.49018518,0.49448850
110.774185,-0.32900202,-0.00467608,-0.34388821,0.78243137,0.01488619,-0.78710745,0.78724821
110.794123,-0.33473031,-0.00050561,-0.30824436,0.60608627,-0.02648595,-0.60659188,0.60716984
110.814299,-0.34033967,0.00373611,-0.25800069,0.36828336,-0.08233898,-0.36454725,0.37373039
110.834308,-0.34582811,0.00804756,-0.36452678,0.73901361,0.01869867,-0.73096605,0.73120518
110.854306,-0.35119368,0.01242720,-0.34912724,0.64086398,-0.00206644,-0.62843678,0.62844018
110.874333,-0.35643448,0.01687349,-0.27876851,0.31636205,-0.07766597,-0.29948856,0.30939522
110.894359,-0.36154863,0.02138485,-0.40464404,0.75854730,0.04309541,-0.73716245,0.73842109
110.914079,-0.36653433,0.02595966,-0.42798637,0.82441527,0.06145204,-0.79845561,0.80081690
110.934152,-0.37138980,0.03059631,-0.35073137,0.49692028,-0.02065843,-0.46632397,0.46678134
110.954341,-0.37611331,0.03529315,-0.40934484,0.70300514,0.03323153,-0.66771199,0.66853843
110.974120,-0.38070320,0.04004851,-0.40273217,0.63085867,0.02202897,-0.59081016,0.59122070
110.994094,-0.38515782,0.04486070,-0.33128892,0.30254737,-0.05386890,-0.25768667,0.26325706
111.014211,-0.38947560,0.04972801,-0.45611248,0.74301516,0.06663688,-0.69328715,0.69648226
111.034350,-0.39365500,0.05464871,-0.47628137,0.79794707,0.08262637,-0.74329836,0.74787670
111.054409,-0.39769453,0.05962106,-0.40058000,0.48124351,0.00288547,-0.42162245,0.42163232
111.074363,-0.40159277,0.06464327,-0.47038341,0.73700802,0.06879064,-0.67236475,0.67587462
111.094350,-0.40534832,0.06971359,-0.46819017,0.69741163,0.06284185,-0.62769804,0.63083589
111.114336,-0.40895986,0.07483019,-0.40144936,0.40687712,-0.00751050,-0.33204693,0.33213186
111.134609,-0.41242609,0.07999126,-0.51103132,0.81586864,0.09860523,-0.73587738,0.74245438
111.154424,-0.41574579,0.08519497,-0.52349459,0.86796681,0.10774880,-0.78277184,0.79015287
111.174314,-0.41891778,0.09043947,-0.44465213,0.55875869,0.02573435,-0.46831922,0.46902574
111.194283,-0.42194092,0.09572290,-0.49755295,0.76905750,0.07561203,-0.67333460,0.67756672
111.214272,-0.42481416,0.10104338,-0.48900900,0.71701952,0.06419484,-0.61597614,0.61931219
111.234253,-0.42753646,0.10639901,-0.41887280,0.41961504,-0.00866366,-0.31321603,0.31333582
111.255006,-0.43010686,0.11178790,-0.52423617,0.81664569,0.09412931,-0.70485779,0.71111520
111.274326,-0.43252444,0.11720814,-0.53521984,0.86594200,0.10269540,-0.74873386,0.75574384
111.294467,-0.43478835,0.12265778,-0.45820880,0.56678738,0.02342045,-0.44412960,0.44474669
111.314045,-0.43689778,0.12813491,-0.51403974,0.79091214,0.07714196,-0.66277723,0.66725148
111.334323,-0.43885198,0.13363757,-0.51180958,0.76301700,0.07295760,-0.62937943,0.63359394
111.354298,-0.44065026,0.13916381,-0.44953283,0.49286116,0.00888257,-0.35369735,0.35380887
111.374290,-0.44229199,0.14471167,-0.54762472,0.86592587,0.10533273,-0.72121420,0.72886549
111.394372,-0.44377656,0.15027916,-0.55732195,0.91306411,0.11354539,-0.76278495,0.77118963
111.413882,-0.44510347,0.15586433,-0.48128000,0.61768822,0.03617653,-0.46182389,0.46323865
111.434289,-0.44627223,0.16146517,-0.45746691,0.52193519,0.01119468,-0.36047002,0.36064381
111.454317,-0.44728243,0.16707971,-0.38534782,0.20909673,-0.06193461,-0.04201702,0.07484200
111.474338,-0.44813372,0.17270594,-0.52307451,0.71284375,0.07494079,-0.54013781,0.54531182
111.494343,-0.44882578,0.17834187,-0.54479646,0.79722617,0.09597068,-0.61888430,0.62628121
111.514565,-0.44935838,0.18398549,-0.46376364,0.48130887,0.01440526,-0.29732338,0.29767214
111.534322,-0.44973133,0.18963481,-0.52289757,0.71447262,0.07316624,-0.52483781,0.52991323
111.554278,-0.44994448,0.19528780,-0.51376053,0.66524296,0.06381605,-0.46995516,0.47426822
111.574350,-0.44999778,0.20094248,-0.43854651,0.35685502,-0.01145127,-0.15591254,0.15633251
111.594264,-0.44989119,0.20659681,-0.54920531,0.78065275,0.09931412,-0.57405594,0.58258349
111.613807,-0.44962476,0.21224881,-0.56081445,0.84376085,0.11118969,-0.63151204,0.64122586
111.634329,-0.44919858,0.21789645,-0.50964444,0.66082450,0.06044586,-0.44292805,0.44703351
111.653814,-0.44861280,0.22353773,-0.57100084,0.92141749,0.12238804,-0.69787976,0.70853016
111.674423,-0.44786763,0.22917065,-0.54685794,0.83587194,0.09899031,-0.60670129,0.61472395
111.694376,-0.44696334,0.23479320,-0.50140962,0.64536499,0.05444628,-0.41057179,0.41416614
111.714102,-0.44590024,0.24040340,-0.57344221,0.93167485,0.12754197,-0.69127145,0.70293896
111.734444,-0.44467871,0.24599924,-0.55223316,0.85936494,0.10755445,-0.61336570,0.62272421
111.754462,-0.44329920,0.25157873,-0.48266000,0.58712419,0.03936080,-0.33554546,0.33784616
111.774192,-0.44176218,0.25713990,-0.56193479,0.91587738,0.12017261,-0.65873748,0.66960924
111.794165,-0.44006820,0.26268077,-0.56056156,0.94957724,0.12049336,-0.68689647,0.69738469
111.813687,-0.43821787,0.26819936,-0.48721818,0.69253269,0.04900031,-0.42433333,0.42715314
111.834422,-0.43621185,0.27369373,-0.46840446,0.64686307,0.03219261,-0.37316934,0.37455536
111.854500,-0.43405084,0.27916191,-0.39876082,0.38121037,-0.03529002,-0.10204846,0.10797812
111.874367,-0.43173561,0.28460197,-0.51138311,0.83661212,0.07964750,-0.55201015,0.55772658
111.894572,-0.42926699,0.29001197,-0.52375317,0.93600352,0.09448618,-0.64599155,0.65286501
111.914262,-0.42664586,0.29538999,-0.43537797,0.62838109,0.00873211,-0.33299110,0.33310558
111.934339,-0.42387314,0.30073412,-0.45589274,0.74632955,0.03201960,-0.44559543,0.44674439
111.954320,-0.42094981,0.30604245,-0.49569074,0.94926356,0.07474093,-0.64322111,0.64754892
111.974133,-0.41787693,0.31131311,-0.41648972,0.67365027,-0.00138721,-0.36233716,0.36233982
111.994542,-0.41465558,0.31654422,-0.42194954,0.73310942,0.00729396,-0.41656520,0.41662905
112.014587,-0.41128690,0.32173393,-0.48865789,1.05613880,0.07737099,-0.73440487,0.73846921
112.034314,-0.40777209,0.32688038,-0.43770839,0.91428413,0.02993630,-0.58740375,0.58816609
112.054248,-0.40411241,0.33198175,-0.38859238,0.76000292,-0.01552003,-0.42802117,0.42830245
112.074268,-0.40030914,0.33703623,-0.43759974,0.99148234,0.03729060,-0.65444611,0.65550766
112.094601,-0.39636365,0.34204202,-0.39248083,0.84320870,-0.00388282,-0.50116668,0.50118172
112.114650,-0.39227733,0.34699735,-0.34990686,0.69743045,-0.04237047,-0.35043310,0.35298529
112.134273,-0.38805164,0.35190044,-0.40714444,0.94167334,0.01909280,-0.58977290,0.59008186
112.154335,-0.38368807,0.35674957,-0.36018028,0.76707882,-0.02350779,-0.41032925,0.41100208
112.174274,-0.37918819,0.36154300,-0.33486234,0.68330234,-0.04432585,-0.32175934,0.32479818
112.194278,-0.37455357,0.36627904,-0.39411597,0.92534471,0.01956240,-0.55906567,0.55940783
112.214515,-0.36978588,0.37095600,-0.33263099,0.67607125,-0.03715489,-0.30511525,0.30736916
112.234761,-0.36488681,0.37557223,-0.34550230,0.73784965,-0.01938451,-0.36227742,0.36279566
112.254625,-0.35985810,0.38012607,-0.41722731,1.05796328,0.05736921,-0.67783721,0.68026062
112.274392,-0.35470153,0.38461591,-0.37082991,0.91290554,0.01612838,-0.52828963,0.52853577
112.294286,-0.34941893,0.38904016,-0.32981316,0.77897648,-0.01960577,-0.38993632,0.39042889
112.314348,-0.34401219,0.39339725,-0.37823497,0.99429259,0.03422278,-0.60089534,0.60186910
112.334288,-0.33848322,0.39768562,-0.32916650,0.81109586,-0.00931672,-0.41341024,0.41351521
112.354381,-0.33283399,0.40190375,-0.31352661,0.76939207,-0.01930738,-0.36748832,0.36799516
112.374335,-0.32706651,0.40605015,-0.37088120,1.01664558,0.04381469,-0.61059543,0.61216542
112.394289,-0.32118282,0.41012335,-0.31759973,0.81100562,-0.00358309,-0.40088227,0.40089828
112.413906,-0.31518502,0.41412188,-0.31621578,0.82814007,0.00103076,-0.41401819,0.41401948
112.434344,-0.30907523,0.41804434,-0.37442232,1.09821784,0.06534709,-0.68017350,0.68330537
112.454346,-0.30285563,0.42188933,-0.32682789,0.93863833,0.02397226,-0.51674900,0.51730474
112.474285,-0.29652843,0.42565548,-0.29589499,0.84214069,-0.00063344,-0.41648521,0.41648570
112.494187,-0.29009587,0.42934146,-0.33739854,1.02296674,0.04730267,-0.59362528,0.59550694
112.514218,-0.28356024,0.43294595,-0.27712725,0.77503537,-0.00643299,-0.34208942,0.34214990
112.534308,-0.27692387,0.43646768,-0.28366042,0.81126127,0.00673655,-0.37479359,0.37485413
112.554343,-0.27018910,0.43990540,-0.34433188,1.08541874,0.07414278,-0.64551334,0.64975736
112.574312,-0.26335834,0.44325787,-0.29569041,0.91935411,0.03233207,-0.47609624,0.47719282
112.594361,-0.25643401,0.44652392,-0.26697006,0.83365380,0.01053605,-0.38712988,0.38727323
112.614274,-0.24941857,0.44970238,-0.30998818,1.02451222,0.06056961,-0.57480984,0.57799224
112.634343,-0.24231451,0.45279212,-0.24874736,0.77846211,0.00643285,-0.32566999,0.32573352
112.654176,-0.23512435,0.45579205,-0.25265708,0.81106143,0.01753273,-0.35526938,0.35570174
112.674257,-0.22785066,0.45870109,-0.31206014,1.08616780,0.08420948,-0.62746671,0.63309218
112.694347,-0.22049602,0.46151822,-0.26130134,0.91750769,0.04080532,-0.45598947,0.45781161
112.713727,-0.21306303,0.46424243,-0.23229039,0.83764026,0.01922736,-0.37339783,0.37389253
112.734310,-0.20555435,0.46687276,-0.26684007,1.01649970,0.06128572,-0.54962694,0.55303319
112.754300,-0.19797263,0.46940827,-0.19236769,0.74980004,-0.00560494,-0.28039177,0.28044778
112.774344,-0.19032057,0.47184806,-0.19329017,0.78635844,0.00296960,-0.31451038,0.31452440
112.794445,-0.18260089,0.47419127,-0.25248717,1.07286418,0.06988628,-0.59867291,0.60273821
112.813988,-0.17481634,0.47643705,-0.19919775,0.90677160,0.02438141,-0.43033455,0.43102469
112.834297,-0.16696967,0.47858462,-0.16801398,0.82604185,0.00104431,-0.34745723,0.34745880
112.854272,-0.15906368,0.48063321,-0.20966291,1.02376697,0.05059923,-0.54313376,0.54548562
112.874206,-0.15110118,0.48258209,-0.14658602,0.78252107,-0.00451516,-0.29993898,0.29997296
112.894271,-0.14308499,0.48443057,-0.14969807,0.82059820,0.00661308,-0.33616763,0.33623267
112.913752,-0.13501796,0.48617800,-0.20726035,1.09670890,0.07224239,-0.61053090,0.61479016
112.934235,-0.12690296,0.48782374,-0.18440983,1.05337602,0.05750687,-0.56555228,0.56846849
112.954613,-0.11874287,0.48936723,-0.17185865,1.03838403,0.05311578,-0.54901680,0.55158022
112.974330,-0.11054060,0.49080790,-0.11587883,0.80840769,0.00533823,-0.31759979,0.31764465
112.994747,-0.10229905,0.49214525,-0.15321402,0.96450532,0.05091497,-0.47236007,0.47509617
113.013877,-0.09402115,0.49337880,-0.14302055,0.91420822,0.04899940,-0.42082942,0.42367244
113.034246,-0.08570985,0.49450812,-0.08477163,0.66344529,-0.00093822,-0.16893717,0.16893977
113.054322,-0.07736810,0.49553280,-0.16306111,0.96683606,0.08569301,-0.47130326,0.47903033
113.074201,-0.06899885,0.49645248,-0.16353277,0.98303180,0.09453392,-0.48657932,0.49567741
113.094273,-0.06060510,0.49726683,-0.10011359,0.74967590,0.03950849,-0.25240907,0.25548241
113.113792,-0.05218981,0.49797556,-0.15205137,0.99397416,0.09986156,-0.49599860,0.50595152
113.134298,-0.04375597,0.49857842,-0.14435170,0.99879453,0.10059573,-0.50021611,0.51023099
113.154351,-0.03530659,0.49907520,-0.08231616,0.77756319,0.04700957,-0.27848799,0.28242779
113.174097,-0.02684467,0.49946572,-0.13270854,1.02392449,0.10586387,-0.52445877,0.53503660
113.194299,-0.01837321,0.49974984,-0.12057791,1.02759279,0.10220470,-0.52784295,0.53764671
113.214284,-0.00989522,0.49992746,-0.05445818,0.80898706,0.04456296,-0.30905960,0.31225582
113.234485,-0.00141371,0.49999852,-0.09895869,1.04925380,0.09754498,-0.54925528,0.55784979
113.253889,0.00706829,0.49996299,-0.08525380,1.06075149,0.09232209,-0.56078850,0.56833715
113.274361,0.01554779,0.49982088,-0.02957432,0.88650025,0.04512211,-0.38667937,0.38930314
113.294299,0.02402176,0.49957225,-0.03161243,0.95108778,0.05563419,-0.45151553,0.45493014
113.314277,0.03248720,0.49921719,0.02080703,0.76259997,0.01168017,-0.26338278,0.26364165
113.334324,0.04094109,0.49875581,0.03042796,0.75116149,0.01051313,-0.25240568,0.25262453
113.353873,0.04938044,0.49818829,-0.02613976,1.01059049,0.07552020,-0.51240220,0.51793756
113.373879,0.05780224,0.49751482,-0.01210888,0.99986777,0.06991112,-0.50235295,0.50719430
113.394291,0.06620351,0.49673564,-0.03369446,1.15629279,0.09989797,-0.65955715,0.66707963
113.414281,0.07458126,0.49585104,0.03421016,0.92501698,0.04037110,-0.42916594,0.43106059
113.434260,0.08293250,0.49486132,0.04464099,0.93601317,0.03829151,-0.44115185,0.44281056
113.454467,0.09125428,0.49376684,0.00509911,1.16284187,0.08615517,-0.66907503,0.67459922
113.474283,0.09954364,0.49256799,0.06164323,0.98698554,0.03790041,-0.49441755,0.49586808
113.494295,0.10779763,0.49126519,0.09063458,0.92022455,0.01716305,-0.42895936,0.42930258
113.514277,0.11601332,0.48985890,0.05811851,1.09399371,0.05789481,-0.60413481,0.60690252
113.534289,0.12418780,0.48834963,0.12200010,0.85508645,0.00218770,-0.36673682,0.36674335
113.554346,0.13231815,0.48673790,0.12566420,0.87166162,0.00665395,-0.38492372,0.38498123
113.574306,0.14040148,0.48502431,0.07671425,1.11516411,0.06368723,-0.63013980,0.63335001
113.594327,0.14843494,0.48320944,0.13044606,0.93635429,0.01798888,-0.45314485,0.45350177
113.614287,0.15641565,0.48129395,0.15502687,0.87676296,0.00138878,-0.39546901,0.39547144
113.634299,0.16434079,0.47927852,0.11575816,1.06745385,0.04858263,-0.58817533,0.59017836
113.654200,0.17220754,0.47716386,0.17686141,0.83542795,-0.00465387,-0.35826409,0.35829432
113.674326,0.18001311,0.47495073,0.17734943,0.86255110,0.00266368,-0.38760037,0.38760952
113.694299,0.18775472,0.47263990,0.12461192,1.12165126,0.06314280,-0.64901136,0.65207574
113.714356,0.19542962,0.47023222,0.17556629,0.95669040,0.01986333,-0.48645818,0.48686355
113.734326,0.20303509,0.46772851,0.20808296,0.86080557,-0.00504787,-0.39307706,0.39310947
113.753933,0.21056842,0.46512969,0.17042918,1.03255526,0.04013924,-0.56742557,0.56884351
113.774299,0.21802693,0.46243667,0.23409273,0.77501811,-0.01606580,-0.31258144,0.31299404
113.794305,0.22540798,0.45965040,0.23068358,0.80041801,-0.00527560,-0.34076761,0.34080845
113.814392,0.23270895,0.45677188,0.16989087,1.07272325,0.06281808,-0.61595137,0.61914635
113.834173,0.23992723,0.45380213,0.21966001,0.89982761,0.02026722,-0.44602548,0.44648571
113.854239,0.24706027,0.45074221,0.24808170,0.81416666,-0.00102143,-0.36342445,0.36342589
113.874274,0.25410553,0.44759320,0.20341747,1.00899617,0.05068806,-0.56140297,0.56368659
113.894341,0.26106050,0.44435622,0.26539956,0.75889207,-0.00433906,-0.31453585,0.31456578
113.914368,0.26792273,0.44103242,0.25991320,0.79539726,0.00800953,-0.35436484,0.35445535
113.934241,0.27468976,0.43762298,0.19803085,1.07751074,0.07665891,-0.63988776,0.64446329
113.954248,0.28135920,0.43412912,0.24791746,0.91040171,0.03344174,-0.47627259,0.47744521
113.975363,0.28792867,0.43055208,0.28174447,0.80416488,0.00618420,-0.37361280,0.37366397
113.994187,0.29439584,0.42689311,0.23948825,0.98843485,0.05490759,-0.56154174,0.56421978
114.013930,0.30075841,0.42315354,0.30461401,0.72302311,-0.00385560,-0.29986957,0.29989436
114.034245,0.30701412,0.41933468,0.30415014,0.74196958,0.00286398,-0.32263490,0.32264761
114.054248,0.31316076,0.41543789,0.24525851,1.01549205,0.06790225,-0.60005416,0.60388385
114.074326,0.31919613,0.41146456,0.30165847,0.82479203,0.01753766,-0.41332747,0.41369937
114.094293,0.32511809,0.40741609,0.32218545,0.77992086,0.00293264,-0.37250477,0.37251632
114.113795,0.33092454,0.40329393,0.26970273,1.02166229,0.06122181,-0.61836836,0.62139162
114.134247,0.33661341,0.39909954,0.28498955,0.99280502,0.05162386,-0.59370548,0.59594565
114.154303,0.34218268,0.39483441,0.27203579,1.08034765,0.07014689,-0.68551324,0.68909287
114.174331,0.34763038,0.39050006,0.34394478,0.79021489,0.00368560,-0.39971483,0.39973182
114.194317,0.35295457,0.38609803,0.34044168,0.80719981,0.01251289,-0.42110178,0.42128765
114.214234,0.35815336,0.38162987,0.27824348,1.07539375,0.07990988,-0.69376388,0.69835085
114.234071,0.36322489,0.37709718,0.32568030,0.90088032,0.03754459,-0.52378314,0.52512701
114.254224,0.36816737,0.37250158,0.35490574,0.79941177,0.01326163,-0.42691019,0.42711612
114.274247,0.37297905,0.36784468,0.30745563,0.99179196,0.06552342,-0.62394728,0.62737829
114.294277,0.37765820,0.36312814,0.36717667,0.73903626,0.01048153,-0.37590812,0.37605422
114.314278,0.38220318,0.35835365,0.35847239,0.77824992,0.02373079,-0.41989627,0.42056632
114.334794,0.38661236,0.35352290,0.29264901,1.06769886,0.09396335,-0.71417596,0.72033076
114.354276,0.39088418,0.34863760,0.34031443,0.90393318,0.05056975,-0.55529558,0.55759347
114.374299,0.39501712,0.34369949,0.37931012,0.76872626,0.01570700,-0.42502677,0.42531690
114.394232,0.39900972,0.33871033,0.33269492,0.96498594,0.06631480,-0.62627561,0.62977678
114.414215,0.40286054,0.33367188,0.39044412,0.73093590,0.01241642,-0.39726402,0.39745801
114.434434,0.40656823,0.32858594,0.38276247,0.77664696,0.02380576,-0.44806102,0.44869298
114.454881,0.41013147,0.32345431,0.31733876,1.07492106,0.09279271,-0.75146675,0.75717419
114.474634,0.41354900,0.31827882,0.36434253,0.92540833,0.04920647,-0.60712951,0.60912028
114.494279,0.41681959,0.31306130,0.41321911,0.75161622,0.00360048,-0.43855492,0.43856970
114.514266,0.41994208,0.30780362,0.36016235,0.98054686,0.05977973,-0.67274324,0.67539402
114.534529,0.42291538,0.30250763,0.39938133,0.84093107,0.02353405,-0.53842344,0.53893752
114.554309,0.42573841,0.29717523,0.45743088,0.61478982,-0.03169247,-0.31761459,0.31919186
114.574236,0.42841018,0.29180829,0.37828690,0.93513830,0.05012328,-0.64333001,0.64527966
114.594212,0.43092974,0.28640874,0.38583145,0.92858098,0.04509829,-0.64217224,0.64375387
114.614232,0.43329619,0.28097849,0.44792918,0.69823724,-0.01463299,-0.41725875,0.41751525
114.634262,0.43550870,0.27551946,0.38136511,0.99208872,0.05414359,-0.71656926,0.71861188
114.654325,0.43756646,0.27003361,0.38066515,1.03446233,0.05690131,-0.76442872,0.76654356
114.673851,0.43946877,0.26452287,0.45496449,0.75656754,-0.01549572,-0.49204467,0.49228861
114.694299,0.44121493,0.25898921,0.42713960,0.88435917,0.01407533,-0.62536996,0.62552834
114.714210,0.44280433,0.25343459,0.42306964,0.89921404,0.01973469,-0.64577945,0.64608092
114.734598,0.44423641,0.24786098,0.48736991,0.64000040,-0.04313350,-0.39213942,0.39450453
114.754285,0.44551065,0.24227037,0.42013188,0.90847382,0.02537877,-0.66620345,0.66668667
114.774236,0.44662660,0.23666474,0.41677443,0.92083523,0.02985217,-0.68417049,0.68482145
114.794183,0.44758387,0.23104608,0.48110297,0.66062627,-0.03351910,-0.42958019,0.43088592
114.814708,0.44838211,0.22541640,0.41716190,0.91593712,0.03122021,-0.69052072,0.69122613
114.834357,0.44902104,0.21977768,0.41526512,0.91872965,0.03375592,-0.69895197,0.69976661
114.854379,0.44950044,0.21413194,0.47845899,0.65995523,-0.02895855,-0.44582329,0.44676280
114.874378,0.44982014,0.20848117,0.41219198,0.92312817,0.03762816,-0.71464700,0.71563693
114.894116,0.44998001,0.20282739,0.41039418,0.92786262,0.03958583,-0.72503523,0.72611509
114.914697,0.44998001,0.19717261,0.47506610,0.66324334,-0.02508609,-0.46607073,0.46674537
114.934220,0.44982014,0.19151883,0.41201556,0.91205539,0.03780458,-0.72053656,0.72152763
114.954216,0.44950044,0.18586806,0.41048759,0.90948752,0.03901285,-0.72361946,0.72467036
114.974189,0.44902104,0.18022232,0.47284219,0.65089240,-0.02382115,-0.47067008,0.47127250
114.994188,0.44838211,0.17458360,0.40389628,0.92261182,0.04448583,-0.74802822,0.74934986
115.014273,0.44758387,0.16895392,0.40190584,0.92901797,0.04567803,-0.76006405,0.76143539
115.034266,0.44662660,0.16333526,0.46755833,0.66032053,-0.02093173,-0.49698527,0.49742587
115.054411,0.44551065,0.15772963,0.40594625,0.90108283,0.03956440,-0.74335320,0.74440535
115.074362,0.44423641,0.15213902,0.40420062,0.89335445,0.04003579,-0.74121543,0.74229588
115.094343,0.44280433,0.14656541,0.46470210,0.63730271,-0.02189777,-0.49073730,0.49122562
115.114002,0.44121493,0.14101079,0.39068111,0.92422996,0.05053382,-0.78321917,0.78484772
115.134354,0.43946877,0.13547713,0.38290620,0.94845033,0.05656257,-0.81297320,0.81493849
115.154273,0.43756646,0.12996639,0.45104595,0.65535929,-0.01347949,-0.52539290,0.52556579
115.174238,0.43550870,0.12448054,0.40209003,0.82800013,0.03341867,-0.70351959,0.70431287
115.194260,0.43329619,0.11902151,0.40855394,0.75577620,0.02474225,-0.63675469,0.63723522
115.213860,0.43092974,0.11359126,0.47422078,0.44817616,-0.04329104,-0.33458490,0.33737393
115.234373,0.42841018,0.10819171,0.45297063,0.48916135,-0.02456045,-0.38096964,0.38176050
115.254331,0.42573841,0.10282477,0.52434896,0.18296547,-0.09861055,-0.08014070,0.12706917
115.274309,0.42291538,0.09749237,0.38573818,0.69538591,0.03717720,-0.59789354,0.59904827
115.294295,0.41994208,0.09219638,0.36550192,0.77709378,0.05444016,-0.68489740,0.68705762
115.313984,0.41681959,0.08693870,0.45412889,0.43050215,-0.03730930,-0.34356345,0.34558331
115.334285,0.41354900,0.08172118,0.48119901,0.31191106,-0.06765001,-0.23018988,0.23992479
115.354243,0.41013147,0.07654569,0.54788147,0.00468851,-0.13775000,0.07185718,0.15536575
115.374065,0.40656823,0.07141406,0.39207995,0.55289753,0.01448828,-0.48148347,0.48170141
115.394260,0.40286054,0.06632812,0.38058283,0.56816580,0.02227771,-0.50183768,0.50233192
115.413756,0.39900972,0.06128967,0.45271265,0.26877160,-0.05370293,-0.20748193,0.21431929
115.434332,0.39501712,0.05630051,0.42127554,0.37604180,-0.02625842,-0.31974129,0.32081770
115.455274,0.39088418,0.05136240,0.49439684,0.09131266,-0.10351266,-0.03995026,0.11095447
115.474372,0.38661236,0.04647710,0.35394961,0.63405152,0.03266275,-0.58757442,0.58848157
115.494395,0.38220318,0.04164635,0.34580450,0.69271784,0.03639868,-0.65107149,0.65208815
115.514413,0.37765820,0.03687186,0.43045621,0.38671580,-0.05279801,-0.34984394,0.35380561
115.534191,0.37297905,0.03215532,0.34558311,0.73667159,0.02739594,-0.70451627,0.70504873
115.554285,0.36816737,0.02749842,0.34465444,0.75928243,0.02351293,-0.73178401,0.73216166
115.574334,0.36322489,0.02290282,0.41600906,0.49006177,-0.05278417,-0.46715895,0.47013153
115.594404,0.35815336,0.01837013,0.32728330,0.84661683,0.03087006,-0.82824670,0.82882179
115.614321,0.35295457,0.01390197,0.31643414,0.90481968,0.03652043,-0.89091771,0.89166592
115.634406,0.34763038,0.00949994,0.39833673,0.57761317,-0.05070635,-0.56811323,0.57037161
115.654603,0.34218268,0.00516559,0.36120817,0.71244783,-0.01902549,-0.70728224,0.70753808
115.674314,0.33661341,0.00090046,0.33686627,0.77997475,-0.00025286,-0.77907429,0.77907433
115.694022,0.33092454,-0.00329393,0.41671810,0.43630972,-0.08579356,-0.43960365,0.44789720
115.714215,0.32511809,-0.00741609,0.35164435,0.65636534,-0.02652626,-0.66378143,0.66431125
115.734221,0.31919613,-0.01146456,0.35272688,0.59430986,-0.03353075,-0.60577442,0.60670171
115.754314,0.31316076,-0.01543789,0.41742317,0.28107745,-0.10426241,-0.29651534,0.31431194
115.774088,0.30701412,-0.01933468,0.28113477,0.75405575,0.02587935,-0.77339043,0.77382330
115.793800,0.30075841,-0.02315354,0.25188251,0.83532182,0.04887590,-0.85847536,0.85986557
115.814322,0.29439584,-0.02689311,0.28549504,0.67142621,0.00890080,-0.69831932,0.69837604
115.834735,0.28792867,-0.03055208,0.22593939,0.86385610,0.06198928,-0.89440818,0.89655377
115.854306,0.28135920,-0.03412912,0.28484918,0.57300606,-0.00348998,-0.60713518,0.60714521
115.874340,0.27468976,-0.03762298,0.26038589,0.62926372,0.01430387,-0.66688670,0.66704008
115.894212,0.26792273,-0.04103242,0.16945772,0.96505731,0.09846501,-1.00608973,1.01089658
115.914140,0.26106050,-0.04435622,0.21035821,0.78412696,0.05070229,-0.82848318,0.83003319
115.934095,0.25410553,-0.04759320,0.25956048,0.56114679,-0.00545495,-0.60873999,0.60876443
115.954157,0.24706027,-0.05074221,0.18058418,0.83954568,0.06647609,-0.89028789,0.89276626
115.974348,0.23992723,-0.05380213,0.20713917,0.70303232,0.03278806,-0.75683445,0.75754435
115.994271,0.23270895,-0.05677188,0.27922352,0.37214647,-0.04651457,-0.42891835,0.43143314
116.014282,0.22540798,-0.05965040,0.16108044,0.78791907,0.06432754,-0.84756947,0.85000708
116.034514,0.21802693,-0.06243667,0.13797510,0.85395286,0.08005183,-0.91638953,0.91987937
116.054125,0.21056842,-0.06512969,0.22093247,0.49922887,-0.01036405,-0.56435856,0.56445371
116.074638,0.20303509,-0.06772851,0.17810507,0.63735559,0.02493002,-0.70508410,0.70552469
116.094314,0.19542962,-0.07023222,0.13952378,0.75259504,0.05590584,-0.82282726,0.82472430
116.114131,0.18775472,-0.07263990,0.23262350,0.34908898,-0.04486878,-0.42172888,0.42410901
116.134089,0.18001311,-0.07495073,0.18861304,0.47624187,-0.00859993,-0.55119260,0.55125969
116.154157,0.17220754,-0.07716386,0.08961942,0.83264804,0.08258812,-0.90981190,0.91355268
116.174242,0.16434079,-0.07927852,0.14348003,0.59698511,0.02086076,-0.67626363,0.67658530
116.194212,0.15641565,-0.08129395,0.15764389,0.52320988,-0.00122824,-0.60450383,0.60450508
116.214255,0.14843494,-0.08320944,0.07601676,0.81770958,0.07241818,-0.90091902,0.90382491
116.234336,0.14040148,-0.08502431,0.13713874,0.54656687,0.00326274,-0.63159118,0.63159961
116.254275,0.13231815,-0.08673790,0.10111266,0.65960728,0.03120549,-0.74634518,0.74699727
116.274277,0.12418780,-0.08834963,0.05210380,0.82233170,0.07208400,-0.91068133,0.91352974
116.294053,0.11601332,-0.08985890,0.13708678,0.45202257,-0.02107346,-0.54188147,0.54229108
116.314264,0.10779763,-0.09126519,0.10911625,0.52217375,-0.00131862,-0.61343894,0.61344036
116.334354,0.09954364,-0.09256799,0.00507763,0.90680357,0.09446601,-0.99937156,1.00382635
116.354366,0.09125428,-0.09376684,0.04693456,0.72808518,0.04431972,-0.82185202,0.82304616
116.374304,0.08293250,-0.09486132,0.10321091,0.48277264,-0.02027841,-0.57763396,0.57798979
116.394341,0.07458126,-0.09585104,0.01314531,0.80994970,0.06143595,-0.90580074,0.90788180
116.414341,0.06620351,-0.09673564,0.02945572,0.72624711,0.03674779,-0.82298275,0.82380277
116.434378,0.05780224,-0.09751482,0.09599456,0.43326460,-0.03819232,-0.53077942,0.53215171
116.454321,0.04938044,-0.09818829,-0.01600733,0.84548596,0.06538777,-0.94367425,0.94593692
116.474335,0.04094109,-0.09875581,-0.03721163,0.92716482,0.07815272,-1.02592063,1.02889309
116.494294,0.03248720,-0.09921719,0.04893416,0.56859115,-0.01644696,-0.66780834,0.66801084
116.514292,0.02402176,-0.09957225,0.02800097,0.62771778,-0.00397921,-0.72729003,0.72730092
116.534309,0.01554779,-0.09982088,-0.06204156,0.97478803,0.07758935,-1.07460891,1.07740634
116.554334,0.00706829,-0.09996299,-0.02111768,0.80830988,0.02818597,-0.90827287,0.90871011
116.574296,-0.00141371,-0.09999852,0.03574210,0.55785525,-0.03715581,-0.65785377,0.65890222
116.594179,-0.00989522,-0.09992746,-0.05106487,0.87446023,0.04116965,-0.97438769,0.97525705
116.614801,-0.01837321,-0.09974984,-0.04526646,0.83344057,0.02689325,-0.93319041,0.93357785
116.634326,-0.02684467,-0.09946572,0.00978880,0.58818453,-0.03663347,-0.68765025,0.68862536
116.654403,-0.03530659,-0.09907520,-0.07326219,0.89319394,0.03795560,-0.99226914,0.99299480
116.674225,-0.04375597,-0.09857842,-0.06836013,0.85709446,0.02460416,-0.95567288,0.95598955
116.694232,-0.05218981,-0.09797556,-0.01416270,0.61565822,-0.03802711,-0.71363378,0.71464623
116.714308,-0.06060510,-0.09726683,-0.09341889,0.90681003,0.03281379,-1.00407686,1.00461290
116.734320,-0.06899885,-0.09645248,-0.08756535,0.86419856,0.01856650,-0.96065104,0.96083044
116.754310,-0.07736810,-0.09553280,-0.03296143,0.61662875,-0.04440667,-0.71216155,0.71354469
116.774260,-0.08570985,-0.09450812,-0.11500200,0.91573508,0.02929215,-1.01024320,1.01066778
116.794420,-0.09402115,-0.09337880,-0.11577303,0.89752378,0.02175188,-0.99090258,0.99114130
116.814324,-0.10229905,-0.09214525,-0.05701606,0.63100962,-0.04528299,-0.72315487,0.72457126
116.834273,-0.11054060,-0.09080790,-0.13545517,0.91180721,0.02491457,-1.00261511,1.00292462
116.854310,-0.11874287,-0.08936723,-0.14964126,0.93329680,0.03089839,-1.02266403,1.02313070
116.874239,-0.12690296,-0.08782374,-0.08320123,0.62237083,-0.04370173,-0.71019457,0.71153789
116.894270,-0.13501796,-0.08617800,-0.13850941,0.79402398,0.00349145,-0.88020198,0.88020890
116.914393,-0.14308499,-0.08443057,-0.14006582,0.72462086,-0.00301917,-0.80905143,0.80905707
116.934331,-0.15110118,-0.08258209,-0.20544094,0.92314405,0.05433976,-1.00572614,1.00719307
116.954325,-0.15906368,-0.08063321,-0.21296685,0.87880525,0.05390317,-0.95943846,0.96095146
116.974270,-0.16696967,-0.07858462,-0.16393918,0.61446491,-0.00303049,-0.69304953,0.69305616
116.994307,-0.17481634,-0.07643705,-0.25530544,0.92372853,0.08048910,-1.00016558,1.00339907
117.014348,-0.18260089,-0.07419127,-0.26974381,0.94222045,0.08714292,-1.01641172,1.02014052
117.034334,-0.19032057,-0.07184806,-0.20237103,0.62956521,0.01205046,-0.70141327,0.70151678
117.054278,-0.19797263,-0.06940827,-0.25479980,0.79452110,0.05682717,-0.86392937,0.86579633
117.074275,-0.20555435,-0.06687276,-0.25200879,0.71400420,0.04645444,-0.78087696,0.78225753
117.094360,-0.21306303,-0.06424243,-0.18844741,0.39392459,-0.02461562,-0.45816702,0.45882779
117.114343,-0.22049602,-0.06151822,-0.30484763,0.78660973,0.08435161,-0.84812795,0.85231227
117.134313,-0.22785066,-0.05870109,-0.32584660,0.82292884,0.09799594,-0.88162993,0.88705949
117.154271,-0.23512435,-0.05579205,-0.25267482,0.49352862,0.01755047,-0.54932067,0.54960097
117.174309,-0.24231451,-0.05279212,-0.32164104,0.72530621,0.07932653,-0.77809833,0.78213152
117.194420,-0.24941857,-0.04970238,-0.32132635,0.66978671,0.07190778,-0.71948909,0.72307349
117.214278,-0.25643401,-0.04652392,-0.25404733,0.35528897,-0.00238668,-0.40181289,0.40181998
117.234331,-0.26335834,-0.04325787,-0.37119835,0.76870302,0.10784001,-0.81196089,0.81909093
117.254263,-0.27018910,-0.03990540,-0.38835052,0.81197478,0.11816142,-0.85188018,0.86003603
117.274247,-0.27692387,-0.03646768,-0.31032362,0.48573164,0.03339975,-0.52219932,0.52326635
117.294167,-0.28356024,-0.03294595,-0.37523287,0.72249018,0.09167263,-0.75543613,0.76097807
117.314261,-0.29009587,-0.02934146,-0.37077258,0.67196731,0.08067671,-0.70130877,0.70593394
117.334195,-0.29652843,-0.02565548,-0.30008176,0.36275858,0.00355333,-0.38841406,0.38843031
117.353700,-0.30285563,-0.02188933,-0.41436610,0.78287257,0.11151047,-0.80476190,0.81245080
117.374642,-0.30907523,-0.01804434,-0.42935408,0.83802474,0.12027885,-0.85606908,0.86447746
117.394293,-0.31518502,-0.01412188,-0.34675428,0.50841528,0.03156926,-0.52253716,0.52348993
117.414264,-0.32118282,-0.01012335,-0.40002950,0.71133787,0.07884668,-0.72146122,0.72575691
117.434365,-0.32706651,-0.00605015,-0.39021908,0.64440122,0.06315257,-0.65045137,0.65350993
117.454193,-0.33283399,-0.00190375,-0.31703042,0.32654734,-0.01580357,-0.32845109,0.32883106
117.474296,-0.33848322,0.00231438,-0.43690734,0.76591563,0.09842412,-0.76360125,0.76991829
117.494628,-0.34401219,0.00660275,-0.45408663,0.82903300,0.11007444,-0.82243025,0.82976377
117.514248,-0.34941893,0.01095984,-0.36959676,0.49239182,0.02017783,-0.48143198,0.48185464
117.534131,-0.35470153,0.01538409,-0.42176498,0.69232044,0.06706345,-0.67693635,0.68025020
117.554389,-0.35985810,0.01987393,-0.41213151,0.62815880,0.05227341,-0.60828487,0.61052682
117.574637,-0.36488681,0.02442777,-0.33885916,0.31239615,-0.02602765,-0.28796838,0.28914222
117.594286,-0.36978588,0.02904400,-0.46096565,0.76325691,0.09117977,-0.73421291,0.73985292
117.614651,-0.37455357,0.03372096,-0.47910246,0.83629620,0.10454889,-0.80257524,0.80935622
117.634179,-0.37918819,0.03845700,-0.39358943,0.50065562,0.01440124,-0.46219862,0.46242293
117.654243,-0.38368807,0.04325043,-0.44055590,0.68351411,0.05686783,-0.64026368,0.64278420
117.674156,-0.38805164,0.04809956,-0.44761852,0.69443070,0.05956688,-0.64633114,0.64907022
117.694259,-0.39227733,0.05300265,-0.38156799,0.42718060,-0.01070934,-0.37417795,0.37433117
117.714205,-0.39636365,0.05795798,-0.48789994,0.84675933,0.09153629,-0.78880135,0.79409474
117.734240,-0.40030914,0.06296377,-0.50001513,0.92669388,0.09970599,-0.86373011,0.86946593
117.754275,-0.40411241,0.06801825,-0.41356892,0.60448316,0.00945651,-0.53646491,0.53654825
117.774230,-0.40777209,0.07311962,-0.43804446,0.71581221,0.03027237,-0.64269259,0.64340514
117.794333,-0.41128690,0.07826607,-0.47827125,0.88991287,0.06698435,-0.81164680,0.81440618
117.814296,-0.41465558,0.08345578,-0.39323284,0.55956958,-0.02142274,-0.47611380,0.47659552
117.834155,-0.41787693,0.08868689,-0.40909631,0.62046516,-0.00878062,-0.53177827,0.53185075
117.854284,-0.42094981,0.09395755,-0.49403659,0.97080195,0.07308678,-0.87684440,0.87988509
117.874256,-0.42387314,0.09926588,-0.44638828,0.80251977,0.02251514,-0.70325389,0.70361422
117.894592,-0.42664586,0.10461001,-0.40106843,0.63058253,-0.02557743,-0.52597252,0.52659405
117.914153,-0.42926699,0.10998803,-0.46548358,0.88495365,0.03621659,-0.77496562,0.77581142
117.934209,-0.43173561,0.11539803,-0.41966973,0.69859058,-0.01206588,-0.58319255,0.58331735
117.954340,-0.43405084,0.12083809,-0.38640429,0.56178085,-0.04764655,-0.44094276,0.44350954
117.974307,-0.43621185,0.12630627,-0.44993507,0.79207073,0.01372322,-0.66576446,0.66590588
117.994288,-0.43821787,0.13180064,-0.37664595,0.46916841,-0.06157192,-0.33736777,0.34294040
118.014330,-0.44006820,0.13731923,-0.40449314,0.54947660,-0.03557506,-0.41215737,0.41368984
118.034332,-0.44176218,0.14286010,-0.50447328,0.93219435,0.06271110,-0.78933425,0.79182147
118.054336,-0.44329920,0.14842127,-0.46230447,0.76490446,0.01900527,-0.61648319,0.61677607
118.074330,-0.44467871,0.15400076,-0.41858345,0.58858228,-0.02609526,-0.43458152,0.43536429
118.094198,-0.44590024,0.15959660,-0.48912548,0.85594886,0.04322524,-0.69635226,0.69769254
118.114223,-0.44696334,0.16520680,-0.44565218,0.67189892,-0.00131116,-0.50669212,0.50669381
118.134460,-0.44786763,0.17082935,-0.41517222,0.54314587,-0.03269541,-0.37231652,0.37374936
118.154460,-0.44861280,0.17646227,-0.48332253,0.78946748,0.03470973,-0.61300521,0.61398710
118.174304,-0.44919858,0.18210355,-0.41163224,0.47407681,-0.03756634,-0.29197326,0.29438005
118.194461,-0.44962476,0.18775119,-0.43817434,0.55493701,-0.01145042,-0.36718582,0.36736431
118.214267,-0.44989119,0.19340319,-0.53633489,0.93813336,0.08644370,-0.74473017,0.74973031
118.234250,-0.44999778,0.19905752,-0.49381968,0.77772766,0.04382190,-0.57867014,0.58032705
118.254248,-0.44994448,0.20471220,-0.44765106,0.59957259,-0.00229342,-0.39486039,0.39486705
118.274215,-0.44973133,0.21036519,-0.51810288,0.87711760,0.06837155,-0.66675241,0.67024879
118.294219,-0.44935838,0.21601451,-0.47977261,0.72609511,0.03041423,-0.51008060,0.51098654
118.314227,-0.44882578,0.22165813,-0.42828447,0.51826970,-0.02054131,-0.29661157,0.29732199
118.334594,-0.44813372,0.22729406,-0.51643996,0.85985809,0.06830624,-0.63256403,0.63624130
118.354373,-0.44728243,0.23292029,-0.49983179,0.80011410,0.05254936,-0.56719381,0.56962290
118.374285,-0.44627223,0.23853483,-0.43380672,0.53774913,-0.01246551,-0.29921430,0.29947385
118.394321,-0.44510347,0.24413567,-0.52658465,0.91160905,0.08148118,-0.66747338,0.67242836
118.414090,-0.44377656,0.24972084,-0.53536563,0.98140357,0.09158907,-0.73168273,0.73739282
118.434225,-0.44229199,0.25528833,-0.45787923,0.69686518,0.01558724,-0.44157685,0.44185187
118.454310,-0.44065026,0.26083619,-0.48787179,0.83693395,0.04722153,-0.57609776,0.57802984
118.474257,-0.43885198,0.26636243,-0.50369317,0.91312163,0.06484119,-0.64675920,0.65000142
118.494256,-0.43689778,0.27186509,-0.42660544,0.61965975,-0.01029234,-0.34779466,0.34794691
118.514238,-0.43478835,0.27734222,-0.46950989,0.80017721,0.03472154,-0.52283499,0.52398665
118.534635,-0.43252444,0.28279186,-0.47259717,0.80798181,0.04007273,-0.52518995,0.52671654
118.554812,-0.43010686,0.28821210,-0.41254840,0.57271724,-0.01755846,-0.28450514,0.28504644
118.574103,-0.42753646,0.29360099,-0.50168624,0.94279098,0.07414978,-0.64918999,0.65341092
118.594159,-0.42481416,0.29895662,-0.50923401,1.01910924,0.08441985,-0.72015262,0.72508379
118.614268,-0.42194092,0.30427710,-0.43092676,0.73727563,0.00898584,-0.43299853,0.43309176
118.634207,-0.41891778,0.30956053,-0.45127527,0.84316148,0.03235749,-0.53360095,0.53458113
118.653809,-0.41574579,0.31480503,-0.47980915,0.98255463,0.06406336,-0.66774960,0.67081566
118.674191,-0.41242609,0.32000874,-0.39716528,0.66471281,-0.01526081,-0.34470407,0.34504172
118.694366,-0.40895986,0.32516981,-0.40255335,0.69262761,-0.00640651,-0.36745780,0.36751364
118.714803,-0.40534832,0.33028641,-0.47495512,0.99955576,0.06960680,-0.66926935,0.67287932
118.734663,-0.40159277,0.33535673,-0.42336508,0.81350819,0.02177231,-0.47815146,0.47864689
118.754394,-0.39769453,0.34037894,-0.40113355,0.74821502,0.00343902,-0.40783608,0.40785058
118.774361,-0.39365500,0.34535129,-0.45540505,0.97754557,0.06175005,-0.63219428,0.63520286
118.794208,-0.38947560,0.35027199,-0.39562659,0.73938492,0.00615099,-0.38911293,0.38916154
118.814056,-0.38515782,0.35513930,-0.40288153,0.78668628,0.01772371,-0.43154698,0.43191079
118.834121,-0.38070320,0.35995149,-0.46518759,1.07535651,0.08448439,-0.71540502,0.72037626
118.854217,-0.37611331,0.36470685,-0.41471867,0.91199653,0.03860536,-0.54728968,0.54864959
118.874296,-0.37138980,0.36940369,-0.37962762,0.80395801,0.00823782,-0.43455432,0.43463240
118.894341,-0.36653433,0.37404034,-0.42103127,0.98796285,0.05449694,-0.61392251,0.61633656
118.914486,-0.36154863,0.37861515,-0.35741495,0.73303140,-0.00413368,-0.35441625,0.35444035
118.934567,-0.35643448,0.38312651,-0.36239958,0.76534214,0.00596510,-0.38221563,0.38226217
118.954331,-0.35119368,0.38757280,-0.42498971,1.04444429,0.07379603,-0.65687149,0.66100379
118.974219,-0.34582811,0.39195244,-0.37207027,0.86046606,0.02624216,-0.46851362,0.46924798
118.994170,-0.34033967,0.39626389,-0.34866437,0.79837389,0.00832470,-0.40211000,0.40219616
119.014173,-0.33473031,0.40050561,-0.39650823,1.01407285,0.06177792,-0.61356724,0.61666950
119.034300,-0.32900202,0.40467608,-0.33567764,0.77983183,0.00667562,-0.37515575,0.37521514
119.054446,-0.32315683,0.40877384,-0.33783856,0.81496261,0.01468173,-0.40618877,0.40645402
119.074250,-0.31719683,0.41279742,-0.39348372,1.08239566,0.07628689,-0.66959824,0.67392988
119.094351,-0.31112414,0.41674539,-0.33911415,0.90426745,0.02799001,-0.48752206,0.48832489
119.114921,-0.30494090,0.42061636,-0.31176004,0.83400975,0.00681914,-0.41339339,0.41344963
119.134208,-0.29864931,0.42440894,-0.35341411,1.03035409,0.05476480,-0.60594515,0.60841492
119.154336,-0.29225162,0.42812179,-0.29013936,0.78677173,-0.00211226,-0.35864994,0.35865616
119.174320,-0.28575009,0.43175359,-0.29108041,0.81516699,0.00533032,-0.38341340,0.38345045
119.194281,-0.27914704,0.43530305,-0.34717819,1.08149256,0.06803115,-0.64618951,0.64976081
119.214345,-0.27244481,0.43876890,-0.29310477,0.90097975,0.02065996,-0.46221085,0.46267235
119.233911,-0.26564578,0.44214993,-0.26703215,0.83462535,0.00138637,-0.39247542,0.39247787
119.254393,-0.25875236,0.44544492,-0.30945815,1.03347210,0.05070579,-0.58802718,0.59020932
119.273852,-0.25176702,0.44865270,-0.24654641,0.79149375,-0.00522061,-0.34284105,0.34288079
119.294338,-0.24469222,0.45177214,-0.24279984,0.80948299,-0.00189238,-0.35771085,0.35771585
119.314358,-0.23753048,0.45480212,-0.29228451,1.06126649,0.05475403,-0.60646437,0.60893106
119.333899,-0.23028435,0.45774157,-0.23346773,0.86883940,0.00318338,-0.41109783,0.41111015
119.354370,-0.22295640,0.46058945,-0.21578357,0.84418642,-0.00717283,-0.38359697,0.38366403
119.374221,-0.21554924,0.46334475,-0.26145946,1.07244003,0.04591022,-0.60909528,0.61082306
119.394185,-0.20806549,0.46600648,-0.20304489,0.86721094,-0.00502060,-0.40120446,0.40123587
119.414098,-0.20050782,0.46857369,-0.19578130,0.87863958,-0.00472652,-0.41006589,0.41009312
119.434298,-0.19287890,0.47104549,-0.24286409,1.11861226,0.04998519,-0.64756677,0.64949306
119.454234,-0.18518146,0.47342098,-0.18865685,0.93782965,0.00347539,-0.46440867,0.46442168
119.474243,-0.17741823,0.47569933,-0.16599705,0.88463888,-0.01142118,-0.40893955,0.40909901
119.494405,-0.16959195,0.47787973,-0.20664806,1.08073922,0.03705611,-0.60285949,0.60399729
119.513982,-0.16170543,0.47996139,-0.14835831,0.85806373,-0.01334712,-0.37810234,0.37833785
119.534067,-0.15376145,0.48194359,-0.14858592,0.88633236,-0.00517553,-0.40438877,0.40442189
119.553934,-0.14576284,0.48382561,-0.20063110,1.14082454,0.05486826,-0.65699893,0.65928606
119.573827,-0.13771244,0.48560679,-0.15188238,0.97983908,0.01416994,-0.49423229,0.49443538
119.594271,-0.12961311,0.48728649,-0.12002997,0.88243235,-0.00958314,-0.39514586,0.39526205
119.614382,-0.12146773,0.48886413,-0.15780551,1.05301248,0.03633778,-0.56414835,0.56531743
119.634267,-0.11327920,0.49033913,-0.09767930,0.80828159,-0.01559990,-0.31794246,0.31832494
119.654335,-0.10505041,0.49171098,-0.10024992,0.83237391,-0.00480049,-0.34066293,0.34069675
119.674264,-0.09678431,0.49297918,-0.15785833,1.09521060,0.06107402,-0.60223142,0.60532034
119.694532,-0.08848381,0.49414329,-0.10864503,0.92423109,0.02016122,-0.43008780,0.43056009
119.714328,-0.08015188,0.49520289,-0.08343031,0.85283692,0.00327843,-0.35763403,0.35764906
119.734291,-0.07179147,0.49615760,-0.12536422,1.04341301,0.05357275,-0.54725541,0.54987137
119.754116,-0.06340555,0.49700710,-0.06493318,0.80406335,0.00152763,-0.30705625,0.30706005
119.773849,-0.05499711,0.49775107,-0.06720146,0.83310851,0.01220435,-0.33535744,0.33557943
119.793781,-0.04656913,0.49838924,-0.12215520,1.09604155,0.07558607,-0.59765231,0.60241309
119.814090,-0.03812459,0.49892141,-0.06900016,0.92277509,0.03087557,-0.42385368,0.42497676
119.834152,-0.02966652,0.49934736,-0.04388388,0.86383186,0.01421736,-0.36448450,0.36476168
119.853859,-0.02119790,0.49966696,-0.08520672,1.06626226,0.06400882,-0.56659530,0.57019941
119.873911,-0.01272176,0.49988009,-0.02576569,0.84586554,0.01304393,-0.34598545,0.34623124
119.894451,-0.00424109,0.49998668,-0.02596629,0.88193522,0.02172520,-0.38194854,0.38256590
119.913884,0.00424109,0.49998668,-0.07685935,1.14257729,0.08110044,-0.64259061,0.64768818
119.933939,0.01272176,0.49988009,-0.05059596,1.09108979,0.06331772,-0.59120970,0.59459065
119.953816,0.02119790,0.49966696,-0.03201784,1.05337765,0.05321574,-0.55371069,0.55626202
119.973788,0.02966652,0.49934736,0.00017593,0.93438867,0.02949059,-0.43504131,0.43603972
119.993716,0.03812459,0.49892141,-0.03639874,1.12536177,0.07452333,-0.62644036,0.63085755
120.014325,0.04656913,0.49838924,-0.02301191,1.11421229,0.06958104,-0.61582305,0.61974152
120.034298,0.05499711,0.49775107,0.03663406,0.90282838,0.01836305,-0.40507731,0.40549331
120.054001,0.06340555,0.49700710,-0.00431558,1.11438211,0.06772113,-0.61737501,0.62107814
120.073927,0.07179147,0.49615760,0.00393186,1.12513779,0.06785961,-0.62898019,0.63263023
120.094063,0.08015188,0.49520289,0.06637831,0.90176654,0.01377357,-0.40656365,0.40679689
120.114546,0.08848381,0.49414329,0.03329280,1.07326944,0.05519101,-0.57912615,0.58175008
120.133890,0.09678431,0.49297918,0.04414801,1.05160111,0.05263630,-0.55862193,0.56109629
120.153824,0.10505041,0.49171098,0.09924877,0.84668250,0.00580164,-0.35497152,0.35501893
120.173781,0.11327920,0.49033913,0.04445154,1.10687836,0.06882766,-0.61653923,0.62036914
120.193778,0.12146773,0.48886413,0.05365625,1.13260907,0.06781148,-0.64374494,0.64730669
120.213852,0.12961311,0.48728649,0.12092230,0.90279220,0.00869081,-0.41550571,0.41559659
120.233860,0.13771244,0.48560679,0.09502702,1.05205061,0.04268542,-0.56644382,0.56804986
120.253903,0.14576284,0.48382561,0.10911594,1.01448594,0.03664690,-0.53066033,0.53192422
120.273909,0.15376145,0.48194359,0.16755494,0.79224752,-0.01379349,-0.31030393,0.31061035
120.294279,0.16170543,0.47996139,0.10798746,1.06328902,0.05371797,-0.58332763,0.58579582
120.313968,0.16959195,0.47787973,0.11100556,1.09821997,0.05858639,-0.62034024,0.62310062
120.333849,0.17741823,0.47569933,0.17847450,0.85793924,-0.00105627,-0.38223991,0.38224137
120.353825,0.18518146,0.47342098,0.15040773,1.00440279,0.03477373,-0.53098181,0.53211925
120.374125,0.19287890,0.47104549,0.16087885,0.97250906,0.03200005,-0.50146357,0.50248355
120.393871,0.20050782,0.46857369,0.21898398,0.74805049,-0.01847616,-0.27947680,0.28008686
120.413846,0.20806549,0.46600648,0.15375998,1.03614698,0.05430551,-0.57014050,0.57272094
120.433850,0.21554924,0.46334475,0.15611483,1.07252824,0.05943441,-0.60918349,0.61207596
120.454020,0.22295640,0.46058945,0.22524554,0.82789068,-0.00228914,-0.36730123,0.36730836
120.474362,0.23028435,0.45774157,0.19471607,0.98565391,0.03556828,-0.52791234,0.52910920
120.494485,0.23753048,0.45480212,0.20720050,0.94716247,0.03032998,-0.49236035,0.49329364
120.514418,0.24469222,0.45177214,0.26784172,0.71250632,-0.02314950,-0.26073418,0.26175983
120.534251,0.25176702,0.44865270,0.19963962,1.01008448,0.05212740,-0.56143178,0.56384653
120.554386,0.25875236,0.44544492,0.20053892,1.05239919,0.05821344,-0.60695427,0.60973953
120.574285,0.26564578,0.44214993,0.27181017,0.79888514,-0.00616439,-0.35673521,0.35678847
120.594007,0.27244481,0.43876890,0.24148753,0.95283349,0.03095728,-0.51406459,0.51499588
120.613981,0.27914704,0.43530305,0.25072793,0.92679254,0.02841911,-0.49148949,0.49231043
120.634385,0.28575009,0.43175359,0.31078785,0.69602152,-0.02503776,-0.26426793,0.26545137
120.654010,0.29225162,0.42812179,0.24112302,0.99911215,0.05112860,-0.57099036,0.57327491
120.674366,0.29864931,0.42440894,0.24195250,1.04189595,0.05669681,-0.61748701,0.62008446
120.693923,0.30494090,0.42061636,0.31459784,0.78341530,-0.00965694,-0.36279894,0.36292744
120.714293,0.31112414,0.41674539,0.28426297,0.93700962,0.02686117,-0.52026423,0.52095719
120.733858,0.31719683,0.41279742,0.29445434,0.90619899,0.02274249,-0.49340157,0.49392543
120.753884,0.32315683,0.40877384,0.35686694,0.66363179,-0.03371011,-0.25485795,0.25707771
120.774239,0.32900202,0.40467608,0.28367649,0.97560493,0.04532553,-0.57092885,0.57272520
120.794017,0.33473031,0.40050561,0.28363600,1.01663034,0.05109431,-0.61612473,0.61823969
120.813977,0.34033967,0.39626389,0.35499707,0.75978241,-0.01465740,-0.36351852,0.36381390
120.834392,0.34582811,0.39195244,0.32031292,0.92608928,0.02551519,-0.53413684,0.53474591
120.854339,0.35119368,0.38757280,0.33291567,0.87821100,0.01827801,-0.49063820,0.49097854
120.874314,0.35643448,0.38312651,0.39764993,0.61743244,-0.04121545,-0.23430593,0.23790330
120.894336,0.36154863,0.37861515,0.31952478,0.93588499,0.04202385,-0.55726984,0.55885211
120.914294,0.36653433,0.37404034,0.31750024,0.97175556,0.04903409,-0.59771522,0.59972312
120.933982,0.37138980,0.36940369,0.38829435,0.71005499,-0.01690455,-0.34065130,0.34107048
120.954154,0.37611331,0.36470685,0.40775091,0.64465800,-0.03163760,-0.27995115,0.28173318
120.974324,0.38070320,0.35995149,0.47474995,0.36633631,-0.09404675,-0.00638482,0.09426323
120.994345,0.38515782,0.35513930,0.35711580,0.81637602,0.02804202,-0.46123672,0.46208837
121.013877,0.38947560,0.35027199,0.34112052,0.89942925,0.04835508,-0.54915726,0.55128206
121.033901,0.39365500,0.34535129,0.42327911,0.59198901,-0.02962411,-0.24663772,0.24841046
121.053975,0.39769453,0.34037894,0.38628707,0.75240255,0.01140746,-0.41202361,0.41218149
121.074004,0.40159277,0.33535673,0.37172244,0.81486583,0.02987033,-0.47950910,0.48043856
121.093976,0.40534832,0.33028641,0.44826952,0.52419635,-0.04292120,-0.19390994,0.19860336
121.113808,0.40895986,0.32516981,0.38222169,0.79535155,0.02673817,-0.47018174,0.47094139
121.133825,0.41242609,0.32000874,0.38534543,0.78638305,0.02708066,-0.46637431,0.46715988
121.153837,0.41574579,0.31480503,0.45010371,0.53532162,-0.03435792,-0.22051659,0.22317713
121.174319,0.41891778,0.30956053,0.36017520,0.90495313,0.05874258,-0.59539260,0.59828341
121.194334,0.42194092,0.30427710,0.35557503,0.96412046,0.06636589,-0.65984336,0.66317245
121.213888,0.42481416,0.29895662,0.43468777,0.67650820,-0.00987361,-0.37755158,0.37768066
121.234393,0.42753646,0.29360099,0.40303197,0.82364376,0.02450449,-0.53004277,0.53060891
121.253929,0.43010686,0.28821210,0.39949857,0.84173555,0.03060829,-0.55352345,0.55436908
121.274001,0.43252444,0.28279186,0.46464515,0.58917045,-0.03212071,-0.30637859,0.30805775
121.293966,0.43478835,0.27734222,0.38733537,0.90801811,0.04745298,-0.63067589,0.63245859
121.313895,0.43689778,0.27186509,0.38488924,0.94160764,0.05200854,-0.66974255,0.67175887
121.333945,0.43885198,0.26636243,0.45814960,0.66327836,-0.01929762,-0.39691593,0.39738477
121.353916,0.44065026,0.26083619,0.41108193,0.86050131,0.02956833,-0.59966512,0.60039365
121.374350,0.44229199,0.25528833,0.41898158,0.81704626,0.02331041,-0.56175793,0.56224136
121.394004,0.44377656,0.24972084,0.48311395,0.54681642,-0.03933739,-0.29709558,0.29968853
121.413843,0.44510347,0.24413567,0.39343714,0.89291707,0.05166633,-0.64878140,0.65083540
121.434347,0.44627223,0.23853483,0.38693021,0.93046505,0.05934202,-0.69193022,0.69447024
121.453804,0.44728243,0.23292029,0.46006001,0.64409329,-0.01277758,-0.41117300,0.41137149
121.474001,0.44813372,0.22729406,0.41048977,0.84434705,0.03764395,-0.61705299,0.61820017
121.494299,0.44882578,0.22165813,0.41649291,0.80371402,0.03233287,-0.58205589,0.58295323
121.514234,0.44935838,0.21601451,0.48011683,0.53411064,-0.03075845,-0.31809613,0.31957977
121.533720,0.44973133,0.21036519,0.38772761,0.89065876,0.06200372,-0.68029357,0.68311331
121.554273,0.44994448,0.20471220,0.37838776,0.93807732,0.07155672,-0.73336512,0.73684786
121.574243,0.44999778,0.19905752,0.45436645,0.63426454,-0.00436867,-0.43520702,0.43522895
121.594174,0.44989119,0.19340319,0.41350102,0.79234027,0.03639017,-0.59893708,0.60004156
121.614318,0.44962476,0.18775119,0.41006288,0.78447087,0.03956188,-0.59671968,0.59802970
121.634341,0.44919858,0.18210355,0.47187688,0.52467909,-0.02267830,-0.34257554,0.34332536
121.654300,0.44861280,0.17646227,0.37813727,0.89059623,0.07047553,-0.71413396,0.71760304
121.674314,0.44786763,0.17082935,0.36974803,0.94525137,0.07811960,-0.77442202,0.77835219
121.694332,0.44696334,0.16520680,0.44959661,0.63817912,-0.00263327,-0.47297232,0.47297965
121.714337,0.44590024,0.15959660,0.41579729,0.77720859,0.03010295,-0.61761199,0.61834518
121.734381,0.44467871,0.15400076,0.40577924,0.80724724,0.03889947,-0.65324648,0.65440365
121.754284,0.44329920,0.14842127,0.47633235,0.52281866,-0.03303315,-0.37439739,0.37585183
121.774292,0.44176218,0.14286010,0.39723175,0.82906185,0.04453043,-0.68620175,0.68764511
121.793790,0.44006820,0.13731923,0.39040949,0.85149491,0.04965871,-0.71417568,0.71590006
121.813876,0.43821787,0.13180064,0.45972326,0.57206905,-0.02150539,-0.44026841,0.44079332
121.834087,0.43621185,0.12630627,0.38870501,0.84843426,0.04750684,-0.72212799,0.72368898
121.854310,0.43405084,0.12083809,0.38124689,0.86382085,0.05280395,-0.74298276,0.74485679
121.874901,0.43173561,0.11539803,0.44749473,0.58091733,-0.01575912,-0.46551930,0.46578597
121.894690,0.42926699,0.10998803,0.37623279,0.84500091,0.05303420,-0.73501288,0.73692372
121.914293,0.42664586,0.10461001,0.36992653,0.84659861,0.05671933,-0.74198860,0.74415332
121.933927,0.42387314,0.09926588,0.43245377,0.58012931,-0.00858063,-0.48086343,0.48093998
121.954250,0.42094981,0.09395755,0.42568627,0.59447329,-0.00473646,-0.50051574,0.50053815
121.974141,0.41787693,0.08868689,0.49098926,0.33062001,-0.07311233,-0.24193312,0.25273909
121.994311,0.41465558,0.08345578,0.37406529,0.78324754,0.04059029,-0.69979176,0.70096796
122.014600,0.41128690,0.07826607,0.36538344,0.83886523,0.04590346,-0.76059916,0.76198308
122.034581,0.40777209,0.07311962,0.44789611,0.52621291,-0.04012402,-0.45309329,0.45486642
122.054341,0.40411241,0.06801825,0.39494373,0.74178983,0.00916868,-0.67377158,0.67383396
122.074407,0.40030914,0.06296377,0.40171694,0.70119211,-0.00140780,-0.63822834,0.63822989
122.094341,0.39636365,0.05795798,0.46552252,0.43220776,-0.06915887,-0.37424978,0.38058619
122.114334,0.39227733,0.05300265,0.35766324,0.84185198,0.03461409,-0.78884933,0.78960839
122.133975,0.38805164,0.04809956,0.34505773,0.90211327,0.04299391,-0.85401371,0.85509525
122.154276,0.38368807,0.04325043,0.38596244,0.74739357,-0.00227437,-0.70414314,0.70414681
122.174290,0.37918819,0.03845700,0.34022446,0.92312796,0.03896373,-0.88467096,0.88552858
122.194363,0.37455357,0.03372096,0.40155806,0.65123234,-0.02700449,-0.61751138,0.61810156
122.214339,0.36978588,0.02904400,0.38124929,0.71397685,-0.01146341,-0.68493285,0.68502877
122.233887,0.36488681,0.02442777,0.31388246,0.97291211,0.05100435,-0.94848434,0.94985472
122.254336,0.35985810,0.01987393,0.32741706,0.91662957,0.03244104,-0.89675564,0.89734224
122.274739,0.35470153,0.01538409,0.31328341,0.95392221,0.04141812,-0.93853812,0.93945157
122.294294,0.34941893,0.01095984,0.38058413,0.63010918,-0.03116520,-0.61914934,0.61993321
122.314342,0.34401219,0.00660275,0.34065089,0.73310678,0.00336130,-0.72650403,0.72651181
122.334306,0.33848322,0.00231438,0.29365854,0.86180577,0.04482468,-0.85949139,0.86065946
122.354141,0.33283399,-0.00190375,0.37383408,0.48117780,-0.04100009,-0.48308155,0.48481831
122.374285,0.32706651,-0.00605015,0.34773517,0.51928995,-0.02066866,-0.52534010,0.52574653
122.394476,0.32118282,-0.01012335,0.24287726,0.87917403,0.07830556,-0.88929738,0.89273826
122.414439,0.31518502,-0.01412188,0.28513496,0.66803566,0.03005006,-0.68215754,0.68281910
122.434346,0.30907523,-0.01804434,0.31314344,0.52119827,-0.00406821,-0.53924261,0.53925795
122.454338,0.30285563,-0.02188933,0.24107364,0.75468661,0.06178199,-0.77657594,0.77902965
122.473758,0.29652843,-0.02565548,0.31424860,0.40769606,-0.01772017,-0.43335154,0.43371369
122.494585,0.29009587,-0.02934146,0.28837280,0.46569389,0.00172307,-0.49503535,0.49503835
122.514450,0.28356024,-0.03294595,0.18773509,0.83871827,0.09582515,-0.87166422,0.87691561
122.534275,0.27692387,-0.03646768,0.24100121,0.61582773,0.03592266,-0.65229541,0.65328381
122.554300,0.27018910,-0.03990540,0.26699664,0.50242148,0.00319246,-0.54232688,0.54233627
122.574363,0.26335834,-0.04325787,0.19200446,0.77271404,0.07135388,-0.81597191,0.81908579
122.594360,0.25643401,-0.04652392,0.26215647,0.46369683,-0.00572246,-0.51022075,0.51025284
122.614357,0.24941857,-0.04970238,0.22504408,0.57367622,0.02437449,-0.62337860,0.62385495
122.634356,0.24231451,-0.05279212,0.14430727,0.86443363,0.09800724,-0.91722575,0.92244702
122.654326,0.23512435,-0.05579205,0.20456085,0.60122573,0.03056350,-0.65701778,0.65772828
122.674090,0.22785066,-0.05870109,0.19488287,0.62502025,0.03296779,-0.68372134,0.68451570
122.694327,0.22049602,-0.06151822,0.10975852,0.95601679,0.11073750,-1.01753501,1.02354301
122.714253,0.21306303,-0.06424243,0.15615197,0.76863131,0.05691106,-0.83287374,0.83481587
122.734226,0.20555435,-0.06687276,0.20339314,0.56503425,0.00216121,-0.63190701,0.63191071
122.754303,0.19797263,-0.06940827,0.13176262,0.82042284,0.06621001,-0.88983111,0.89229097
122.774617,0.19032057,-0.07184806,0.17618051,0.61368090,0.01414006,-0.68552896,0.68567477
122.794368,0.18260089,-0.07419127,0.21414359,0.43180363,-0.03154270,-0.50599490,0.50697710
122.814380,0.17481634,-0.07643705,0.13921975,0.67617249,0.03559659,-0.75260954,0.75345089
122.834356,0.16696967,-0.07858462,0.21939220,0.30256792,-0.05242253,-0.38115254,0.38474067
122.854305,0.15906368,-0.08063321,0.17923902,0.40145919,-0.02017534,-0.48209240,0.48251438
122.874312,0.15110118,-0.08258209,0.05844920,0.83092614,0.09265198,-0.91350823,0.91819480
122.894233,0.14308499,-0.08443057,0.10050412,0.63367908,0.04258087,-0.71810965,0.71937098
122.914268,0.13501796,-0.08617800,0.14727513,0.41521760,-0.01225717,-0.50139560,0.50154540
122.934260,0.12690296,-0.08782374,0.05840257,0.71822773,0.06850039,-0.80605147,0.80895690
122.954325,0.11874287,-0.08936723,0.10316303,0.49770421,0.01557984,-0.58707144,0.58727813
122.974561,0.11054060,-0.09080790,0.13634753,0.32656347,-0.02580693,-0.41737137,0.41816845
122.994335,0.10229905,-0.09214525,0.05354215,0.59138055,0.04875690,-0.68352580,0.68526255
123.014358,0.09402115,-0.09337880,0.14771774,0.15844364,-0.05369659,-0.25182244,0.25748372
123.034280,0.08570985,-0.09450812,0.10471481,0.25277234,-0.01900496,-0.34728046,0.34780010
123.054362,0.07736810,-0.09553280,-0.02522460,0.69723545,0.10259270,-0.79276825,0.79937898
123.074289,0.06899885,-0.09645248,0.03239901,0.42357574,0.03659984,-0.52002822,0.52131459
123.094314,0.06060510,-0.09726683,0.02222289,0.43230680,0.03838221,-0.52957363,0.53096273
123.114269,0.05218981,-0.09797556,-0.07962670,0.80255280,0.13181651,-0.90052836,0.91012467
123.134295,0.04375597,-0.09857842,-0.01898008,0.54461099,0.06273605,-0.64318941,0.64624178
123.154367,0.03530659,-0.09907520,-0.01127695,0.50568002,0.04658354,-0.60475522,0.60654670
123.174361,0.02684467,-0.09946572,-0.09680387,0.82817335,0.12364854,-0.92763907,0.93584358
123.194378,0.01837321,-0.09974984,-0.03403360,0.56707361,0.05240681,-0.66682345,0.66887965
123.214378,0.00989522,-0.09992746,-0.03463745,0.56467263,0.04453267,-0.66460009,0.66609041
123.234374,0.00141371,-0.09999852,-0.11881398,0.89113939,0.12022769,-0.99113791,0.99840325
123.254301,-0.00706829,-0.09996299,-0.06285351,0.66455121,0.05578522,-0.76451420,0.76654677
123.274554,-0.01554779,-0.09982088,-0.03629140,0.55277047,0.02074361,-0.65259135,0.65292095
123.294248,-0.02402176,-0.09957225,-0.10350883,0.79629728,0.07948707,-0.89586953,0.89938891
123.314252,-0.03248720,-0.09921719,-0.03002663,0.47312024,-0.00246057,-0.57233743,0.57234272
123.334210,-0.04094109,-0.09875581,-0.05349332,0.53688909,0.01255223,-0.63564490,0.63576882
123.354318,-0.04938044,-0.09818829,-0.14932883,0.89898160,0.09994839,-0.99716989,1.00216639
123.374380,-0.05780224,-0.09751482,-0.09907853,0.69225402,0.04127629,-0.78976884,0.79084673
123.394347,-0.06620351,-0.09673564,-0.05909158,0.52021661,-0.00711193,-0.61695225,0.61699324
123.414431,-0.07458126,-0.09585104,-0.12320908,0.74128580,0.04862782,-0.83713684,0.83854800
123.434541,-0.08293250,-0.09486132,-0.04682000,0.39649812,-0.03611250,-0.49135944,0.49268470
123.454425,-0.09125428,-0.09376684,-0.07838011,0.47858219,-0.01287417,-0.57234903,0.57249381
123.474338,-0.09954364,-0.09256799,-0.18655004,0.87608709,0.08700640,-0.96865508,0.97255476
123.494353,-0.10779763,-0.09126519,-0.14145947,0.68189317,0.03366184,-0.77315836,0.77389080
123.514299,-0.11601332,-0.08985890,-0.09128453,0.46238565,-0.02472879,-0.55224455,0.55279794
123.534208,-0.12418780,-0.08834963,-0.17577829,0.76381451,0.05159049,-0.85216414,0.85372437
123.554327,-0.13231815,-0.08673790,-0.13744743,0.58374319,0.00512928,-0.67048109,0.67050071
123.574378,-0.14040148,-0.08502431,-0.07757180,0.31082443,-0.06282968,-0.39584874,0.40080393
123.594381,-0.14843494,-0.08320944,-0.19664030,0.73404435,0.04820536,-0.81725379,0.81867424
123.614284,-0.15641565,-0.08129395,-0.19908864,0.71772296,0.04267299,-0.79901691,0.80015561
123.634263,-0.16434079,-0.07927852,-0.13735725,0.45084346,-0.02698354,-0.53012198,0.53080828
123.654328,-0.17220754,-0.07716386,-0.24283583,0.84829285,0.07062829,-0.92545671,0.92814787
123.674295,-0.18001311,-0.07495073,-0.25406602,0.89798578,0.07405291,-0.97293651,0.97575063
123.693935,-0.18775472,-0.07263990,-0.17376670,0.57232489,-0.01398802,-0.64496479,0.64511646
123.714244,-0.19542962,-0.07023222,-0.15455025,0.47617654,-0.04087937,-0.54640876,0.54793581
123.734694,-0.20303509,-0.06772851,-0.13420722,0.34717445,-0.06882787,-0.41490296,0.42057311
123.754421,-0.21056842,-0.06512969,-0.22481277,0.64019566,0.01424435,-0.70532535,0.70546917
123.774334,-0.21802693,-0.06243667,-0.14382236,0.25890887,-0.07420457,-0.32134554,0.32980188
123.794421,-0.22540798,-0.05965040,-0.18721936,0.36523561,-0.03818862,-0.42488601,0.42659874
123.814322,-0.23270895,-0.05677188,-0.31380685,0.81263901,0.08109790,-0.86941089,0.87318507
123.834005,-0.23992723,-0.05380213,-0.27270937,0.61640442,0.03278214,-0.67020655,0.67100782
123.854294,-0.24706027,-0.05074221,-0.23152433,0.42058514,-0.01553594,-0.47132735,0.47158333
123.874269,-0.25410553,-0.04759320,-0.31564958,0.70409429,0.06154405,-0.75168749,0.75420273
123.894317,-0.26106050,-0.04435622,-0.25491217,0.41955658,-0.00614833,-0.46391280,0.46395354
123.914317,-0.26792273,-0.04103242,-0.28751523,0.52258681,0.01959250,-0.56361923,0.56395967
123.934852,-0.27468976,-0.03762298,-0.39194628,0.92886619,0.11725652,-0.96648917,0.97357609
123.954410,-0.28135920,-0.03412912,-0.35116438,0.77467918,0.06980518,-0.80880830,0.81181502
123.974432,-0.28792867,-0.03055208,-0.28637502,0.50814289,-0.00155365,-0.53869497,0.53869721
123.994261,-0.29439584,-0.02689311,-0.38349975,0.88177473,0.08910391,-0.90866784,0.91302614
124.014091,-0.30075841,-0.02315354,-0.39147451,0.92524007,0.09071610,-0.94839361,0.95272234
124.034211,-0.30701412,-0.01933468,-0.31474429,0.61891406,0.00773017,-0.63824874,0.63829555
124.054361,-0.31316076,-0.01543789,-0.35838132,0.78530591,0.04522056,-0.80074380,0.80201966
124.074281,-0.31919613,-0.01146456,-0.35692324,0.74752086,0.03772711,-0.75898542,0.75992249
124.094313,-0.32511809,-0.00741609,-0.29679197,0.47694730,-0.02832612,-0.48436339,0.48519096
124.114778,-0.33092454,-0.00329393,-0.40452841,0.87604537,0.07360387,-0.87933930,0.88241438
124.134388,-0.33661341,0.00090046,-0.42417721,0.95413709,0.08756380,-0.95323663,0.95724997
124.154512,-0.34218268,0.00516559,-0.34463606,0.62609473,0.00245338,-0.62092914,0.62093399
124.174407,-0.34763038,0.00949994,-0.36976292,0.70803347,0.02213254,-0.69853353,0.69888407
124.194283,-0.35295457,0.01390197,-0.43399098,0.95344577,0.08103641,-0.93954380,0.94303205
124.214236,-0.35815336,0.01837013,-0.37600864,0.71031699,0.01785528,-0.69194686,0.69217719
124.234230,-0.36322489,0.02290282,-0.38604044,0.74667214,0.02281555,-0.72376932,0.72412884
124.254279,-0.36816737,0.02749842,-0.46008081,1.05144768,0.09191344,-1.02394926,1.02806623
124.274256,-0.37297905,0.03215532,-0.41944479,0.89691690,0.04646574,-0.86476158,0.86600904
124.294237,-0.37765820,0.03687186,-0.36964607,0.68517504,-0.00801213,-0.64830318,0.64835269
124.314758,-0.38220318,0.04164635,-0.43902507,0.94619313,0.05682189,-0.90454678,0.90632974
124.334851,-0.38661236,0.04647710,-0.42036390,0.86066092,0.03375154,-0.81418382,0.81488310
124.354333,-0.39088418,0.05136240,-0.35901969,0.58995823,-0.03186449,-0.53859583,0.53953759
124.374287,-0.39501712,0.05630051,-0.44962161,0.92937878,0.05460449,-0.87307827,0.87478415
124.394128,-0.39900972,0.06128967,-0.46312603,0.98317716,0.06411631,-0.92188749,0.92411441
124.414454,-0.40286054,0.06632812,-0.39098683,0.68284252,-0.01187371,-0.61651440,0.61662873
124.434308,-0.40656823,0.07141406,-0.42559556,0.80468877,0.01902733,-0.73327471,0.73352153
124.454344,-0.41013147,0.07654569,-0.44924939,0.87161170,0.03911792,-0.79506601,0.79602775
124.474367,-0.41354900,0.08172118,-0.37555725,0.55411542,-0.03799175,-0.47239424,0.47391950
124.494268,-0.41681959,0.08693870,-0.42773638,0.73344501,0.01091679,-0.64650631,0.64659847
124.514382,-0.41994208,0.09219638,-0.43730695,0.72843992,0.01736487,-0.63624354,0.63648046
124.534322,-0.42291538,0.09749237,-0.37929488,0.46634665,-0.04362050,-0.36885428,0.37142459
124.554475,-0.42573841,0.10282477,-0.48731909,0.86950174,0.06158068,-0.76667697,0.76914612
124.574114,-0.42841018,0.10819171,-0.50451267,0.94240003,0.07610249,-0.83420832,0.83767243
124.594207,-0.43092974,0.11359126,-0.42640955,0.62970634,-0.00452019,-0.51611508,0.51613487
124.614226,-0.43329619,0.11902151,-0.45860671,0.75212002,0.02531052,-0.63309851,0.63360425
124.634285,-0.43550870,0.12448054,-0.49273679,0.87966917,0.05722809,-0.75518863,0.75735389
124.654318,-0.43756646,0.12996639,-0.40658410,0.52417635,-0.03098236,-0.39420996,0.39542560
124.674136,-0.43946877,0.13547713,-0.42885774,0.59148431,-0.01061103,-0.45600718,0.45613062
124.694492,-0.44121493,0.14101079,-0.52059370,0.95061134,0.07937877,-0.80960055,0.81348266
124.714341,-0.44280433,0.14656541,-0.47464295,0.77360125,0.03183862,-0.62703584,0.62784365
124.734360,-0.44423641,0.15213902,-0.43589453,0.62402617,-0.00834188,-0.47188715,0.47196087
124.754294,-0.44551065,0.15772963,-0.49553319,0.85230008,0.05002254,-0.69457045,0.69636942
124.774145,-0.44662660,0.16333526,-0.43363572,0.59005370,-0.01299088,-0.42671844,0.42691614
124.793887,-0.44758387,0.16895392,-0.45304920,0.66599804,0.00546533,-0.49704412,0.49707417
